[03-Sep-2026 13:17:05 UTC] PHP Warning:  plugins_api(): An unexpected error occurred. Something may be wrong with WordPress.org or this server&#8217;s configuration. If you continue to have problems, please try the <a href="https://wordpress.org/support/forums/">support forums</a>. (WordPress could not establish a secure connection to WordPress.org. Please contact your server administrator.) in C:\xampp\htdocs\wordpress\wp-includes\functions.php on line 6260
[03-Sep-2026 13:17:15 UTC] PHP Warning:  plugins_api(): An unexpected error occurred. Something may be wrong with WordPress.org or this server&#8217;s configuration. If you continue to have problems, please try the <a href="https://wordpress.org/support/forums/">support forums</a>. (WordPress could not establish a secure connection to WordPress.org. Please contact your server administrator.) in C:\xampp\htdocs\wordpress\wp-includes\functions.php on line 6260
[03-Sep-2026 13:17:19 UTC] PHP Warning:  plugins_api(): An unexpected error occurred. Something may be wrong with WordPress.org or this server&#8217;s configuration. If you continue to have problems, please try the <a href="https://wordpress.org/support/forums/">support forums</a>. (WordPress could not establish a secure connection to WordPress.org. Please contact your server administrator.) in C:\xampp\htdocs\wordpress\wp-includes\functions.php on line 6260
[03-Sep-2026 13:18:35 UTC] PHP Fatal error:  Maximum execution time of 120 seconds exceeded in C:\xampp\htdocs\wordpress\wp-includes\Requests\src\Transport\Curl.php on line 514
[03-Sep-2026 13:23:23 UTC] PHP Fatal error:  Maximum execution time of 120 seconds exceeded in C:\xampp\htdocs\wordpress\wp-admin\includes\class-wp-filesystem-direct.php on line 179
[03-Sep-2026 13:32:39 UTC] WordPress database error Table 'toko.wp_woocommerce_attribute_taxonomies' doesn't exist for query SELECT * FROM wp_woocommerce_attribute_taxonomies WHERE attribute_name != '' ORDER BY attribute_name ASC; made by activate_plugin, plugin_sandbox_scrape, include_once('/plugins/woocommerce/woocommerce.php'), WC, WooCommerce::instance, WooCommerce->__construct, WooCommerce->init_hooks, Automattic\WooCommerce\Internal\ProductAttributes\VisualAttributeTermAdmin->register, wc_get_attribute_taxonomies
[03-Sep-2026 13:32:46 UTC] PHP Notice:  Function _load_textdomain_just_in_time was called <strong>incorrectly</strong>. Translation loading for the <code>woocommerce</code> domain was triggered too early. This is usually an indicator for some code in the plugin or theme running too early. Translations should be loaded at the <code>init</code> action or later. Please see <a href="https://developer.wordpress.org/advanced-administration/debug/debug-wordpress/">Debugging in WordPress</a> for more information. (This message was added in version 6.7.0.) in C:\xampp\htdocs\wordpress\wp-includes\functions.php on line 6260
[03-Sep-2026 13:32:46 UTC] PHP Notice:  Function _load_textdomain_just_in_time was called <strong>incorrectly</strong>. Translation loading for the <code>woocommerce</code> domain was triggered too early. This is usually an indicator for some code in the plugin or theme running too early. Translations should be loaded at the <code>init</code> action or later. Please see <a href="https://developer.wordpress.org/advanced-administration/debug/debug-wordpress/">Debugging in WordPress</a> for more information. (This message was added in version 6.7.0.) in C:\xampp\htdocs\wordpress\wp-includes\functions.php on line 6260
[03-Sep-2026 13:37:13 UTC] PHP Warning:  wp_update_plugins(): An unexpected error occurred. Something may be wrong with WordPress.org or this server&#8217;s configuration. If you continue to have problems, please try the <a href="https://wordpress.org/support/forums/">support forums</a>. (WordPress could not establish a secure connection to WordPress.org. Please contact your server administrator.) in C:\xampp\htdocs\wordpress\wp-includes\functions.php on line 6260
[03-Sep-2026 13:37:56 UTC] Automatic updates starting...
[03-Sep-2026 13:38:01 UTC] Automatic updates complete.
[03-Sep-2026 13:46:37 UTC] PHP Fatal error:  Maximum execution time of 300 seconds exceeded in C:\xampp\htdocs\wordpress\wp-includes\Requests\src\Transport\Curl.php on line 538
[03-Sep-2026 13:49:53 UTC] PHP Warning:  Undefined property: WP_Ajax_Upgrader_Skin::$api in C:\xampp\htdocs\wordpress\wp-admin\includes\class-theme-upgrader.php on line 160
[03-Sep-2026 13:50:03 UTC] PHP Warning:  Undefined array key "action" in C:\xampp\htdocs\wordpress\wp-content\plugins\woocommerce\src\Blocks\Patterns\PTKPatternsStore.php on line 178
[03-Sep-2026 14:03:58 UTC] Automatic updates starting...
[03-Sep-2026 14:03:58 UTC] Automatic updates complete.
[03-Sep-2026 14:16:42 UTC] PHP Warning:  wp_update_plugins(): An unexpected error occurred. Something may be wrong with WordPress.org or this server&#8217;s configuration. If you continue to have problems, please try the <a href="https://wordpress.org/support/forums/">support forums</a>. (WordPress could not establish a secure connection to WordPress.org. Please contact your server administrator.) in C:\xampp\htdocs\wordpress\wp-includes\functions.php on line 6260
[03-Sep-2026 14:29:17 UTC] PHP Warning:  Undefined variable $woo_shop_column in C:\xampp\htdocs\wordpress\wp-content\themes\classic-ecommerce\woocommerce\taxonomy-product-cat.php on line 26
[03-Sep-2026 14:29:17 UTC] PHP Warning:  Undefined variable $woocommerce_shop_sidebar in C:\xampp\htdocs\wordpress\wp-content\themes\classic-ecommerce\woocommerce\taxonomy-product-cat.php on line 107
[03-Sep-2026 14:29:38 UTC] PHP Warning:  Undefined variable $woo_shop_column in C:\xampp\htdocs\wordpress\wp-content\themes\classic-ecommerce\woocommerce\taxonomy-product-cat.php on line 26
[03-Sep-2026 14:29:38 UTC] PHP Warning:  Undefined variable $woocommerce_shop_sidebar in C:\xampp\htdocs\wordpress\wp-content\themes\classic-ecommerce\woocommerce\taxonomy-product-cat.php on line 107
[05-Sep-2026 13:25:29 UTC] Automatic updates starting...
[05-Sep-2026 13:25:30 UTC]   Automatic plugin updates starting...
[05-Sep-2026 13:25:30 UTC]   Automatic plugin updates complete.
[05-Sep-2026 13:25:30 UTC] Automatic updates complete.
[05-Sep-2026 14:04:28 UTC] Automatic updates starting...
[05-Sep-2026 14:04:28 UTC]   Automatic plugin updates starting...
[05-Sep-2026 14:04:28 UTC]   Automatic plugin updates complete.
[05-Sep-2026 14:04:28 UTC] Automatic updates complete.
[05-Sep-2026 15:32:30 UTC] API did not return an array.
[05-Sep-2026 15:32:36 UTC] API did not return an array.
[05-Sep-2026 15:32:37 UTC] API did not return an array.
[05-Sep-2026 15:32:40 UTC] API did not return an array.
[05-Sep-2026 15:33:40 UTC] API did not return an array.
[05-Sep-2026 15:33:42 UTC] API did not return an array.
[05-Sep-2026 15:40:53 UTC] api_key: eZNoTfAK3bf312b338cde2eb2vx7bXHy
[05-Sep-2026 15:40:53 UTC] Array
(
    [0] => Array
        (
            [id] => 8548
            [label] => KIARA PANDAK, SUKAJAYA, BOGOR, JAWA BARAT, 16660
            [province_name] => JAWA BARAT
            [city_name] => BOGOR
            [district_name] => SUKAJAYA
            [subdistrict_name] => KIARA PANDAK
            [zip_code] => 16660
        )

    [1] => Array
        (
            [id] => 18684
            [label] => KIARA, WALANTAKA, SERANG, BANTEN, 42183
            [province_name] => BANTEN
            [city_name] => SERANG
            [district_name] => WALANTAKA
            [subdistrict_name] => KIARA
            [zip_code] => 42183
        )

    [2] => Array
        (
            [id] => 37752
            [label] => KIARA, CILAMAYA KULON, KARAWANG, JAWA BARAT, 41384
            [province_name] => JAWA BARAT
            [city_name] => KARAWANG
            [district_name] => CILAMAYA KULON
            [subdistrict_name] => KIARA
            [zip_code] => 41384
        )

    [3] => Array
        (
            [id] => 73454
            [label] => KIARA PAYUNG, PAKUHAJI, TANGERANG, BANTEN, 15570
            [province_name] => BANTEN
            [city_name] => TANGERANG
            [district_name] => PAKUHAJI
            [subdistrict_name] => KIARA PAYUNG
            [zip_code] => 15570
        )

)

[05-Sep-2026 15:41:38 UTC] API did not return an array.
[05-Sep-2026 15:42:39 UTC] Returning zone: domestic
[05-Sep-2026 15:42:39 UTC] selected_destination_id: 
[05-Sep-2026 15:42:39 UTC] selected_destination_id: 0
[05-Sep-2026 15:43:03 UTC] Returning zone: domestic
[05-Sep-2026 15:43:03 UTC] selected_destination_id: 
[05-Sep-2026 15:43:03 UTC] selected_destination_id: 0
[05-Sep-2026 15:51:09 UTC] Returning zone: domestic
[05-Sep-2026 15:51:09 UTC] selected_destination_id: 
[05-Sep-2026 15:51:09 UTC] selected_destination_id: 0
[05-Sep-2026 15:51:16 UTC] Returning zone: domestic
[05-Sep-2026 15:51:16 UTC] selected_destination_id: 
[05-Sep-2026 15:51:16 UTC] selected_destination_id: 0
[05-Sep-2026 16:03:37 UTC] Returning zone: domestic
[05-Sep-2026 16:03:59 UTC] Returning zone: domestic
[05-Sep-2026 16:03:59 UTC] selected_destination_id: 
[05-Sep-2026 16:03:59 UTC] selected_destination_id: 0
[05-Sep-2026 16:05:49 UTC] Returning zone: domestic
[05-Sep-2026 16:05:49 UTC] selected_destination_id: 
[05-Sep-2026 16:05:49 UTC] selected_destination_id: 0
[05-Sep-2026 16:06:01 UTC] Returning zone: domestic
[05-Sep-2026 16:06:08 UTC] 📍 Destination ID: 17477
[05-Sep-2026 16:06:08 UTC] 🏷 Destination Label: TANJUNG DUREN UTARA, GROGOL PETAMBURAN, JAKARTA BARAT, DKI JAKARTA, 11470
[05-Sep-2026 16:06:08 UTC] ✅ Country updated successfully in WooCommerce
[05-Sep-2026 16:06:08 UTC] ⏩ Skipping totals calculation as requested
[05-Sep-2026 16:06:09 UTC] 📍 Destination ID: 17477
[05-Sep-2026 16:06:09 UTC] 🏷 Destination Label: TANJUNG DUREN UTARA, GROGOL PETAMBURAN, JAKARTA BARAT, DKI JAKARTA, 11470
[05-Sep-2026 16:06:09 UTC] ✅ Country updated successfully in WooCommerce
[05-Sep-2026 16:06:09 UTC] ⏩ Skipping totals calculation as requested
[05-Sep-2026 16:06:09 UTC] 📍 Destination ID: 17477
[05-Sep-2026 16:06:09 UTC] 🏷 Destination Label: TANJUNG DUREN UTARA, GROGOL PETAMBURAN, JAKARTA BARAT, DKI JAKARTA, 11470
[05-Sep-2026 16:06:09 UTC] ✅ Country updated successfully in WooCommerce
[05-Sep-2026 16:06:09 UTC] ⏩ Skipping totals calculation as requested
[05-Sep-2026 16:06:19 UTC] Returning zone: domestic
[05-Sep-2026 16:06:19 UTC] selected_destination_id: 17477
[05-Sep-2026 16:06:19 UTC] selected_destination_id: 17477
[05-Sep-2026 16:06:19 UTC] cekongkir_shipping_destination_info: {"destination":17477}
[05-Sep-2026 16:10:43 UTC] Returning zone: domestic
[05-Sep-2026 16:10:43 UTC] selected_destination_id: 17477
[05-Sep-2026 16:10:43 UTC] selected_destination_id: 17477
[05-Sep-2026 16:10:43 UTC] cekongkir_shipping_destination_info: {"destination":17477}
[05-Sep-2026 16:13:20 UTC] Returning zone: domestic
[05-Sep-2026 16:13:20 UTC] selected_destination_id: 17477
[05-Sep-2026 16:13:20 UTC] selected_destination_id: 17477
[05-Sep-2026 16:13:20 UTC] cekongkir_shipping_destination_info: {"destination":17477}
[05-Sep-2026 16:13:59 UTC] Returning zone: domestic
[05-Sep-2026 16:13:59 UTC] selected_destination_id: 17477
[05-Sep-2026 16:13:59 UTC] selected_destination_id: 17477
[05-Sep-2026 16:13:59 UTC] cekongkir_shipping_destination_info: {"destination":17477}
[05-Sep-2026 16:14:09 UTC] Returning zone: domestic
[05-Sep-2026 16:14:09 UTC] selected_destination_id: 17477
[05-Sep-2026 16:14:09 UTC] selected_destination_id: 17477
[05-Sep-2026 16:14:09 UTC] cekongkir_shipping_destination_info: {"destination":17477}
[05-Sep-2026 16:14:24 UTC] Returning zone: domestic
[05-Sep-2026 16:14:24 UTC] selected_destination_id: 17477
[05-Sep-2026 16:14:24 UTC] selected_destination_id: 17477
[05-Sep-2026 16:14:24 UTC] cekongkir_shipping_destination_info: {"destination":17477}
[05-Sep-2026 16:14:37 UTC] Returning zone: domestic
[05-Sep-2026 16:14:37 UTC] selected_destination_id: 17477
[05-Sep-2026 16:14:37 UTC] selected_destination_id: 17477
[05-Sep-2026 16:14:37 UTC] cekongkir_shipping_destination_info: {"destination":17477}
[05-Sep-2026 16:14:42 UTC] Returning zone: domestic
[05-Sep-2026 16:14:42 UTC] selected_destination_id: 17477
[05-Sep-2026 16:14:42 UTC] selected_destination_id: 17477
[05-Sep-2026 16:14:42 UTC] cekongkir_shipping_destination_info: {"destination":17477}
[05-Sep-2026 16:15:58 UTC] Returning zone: domestic
[05-Sep-2026 16:15:58 UTC] selected_destination_id: 17477
[05-Sep-2026 16:15:58 UTC] selected_destination_id: 17477
[05-Sep-2026 16:15:58 UTC] cekongkir_shipping_destination_info: {"destination":17477}
[06-Sep-2026 08:11:32 UTC] Automatic updates starting...
[06-Sep-2026 08:11:33 UTC]   Automatic plugin updates starting...
[06-Sep-2026 08:11:33 UTC]   Automatic plugin updates complete.
[06-Sep-2026 08:11:35 UTC] Automatic updates complete.
[06-Sep-2026 08:12:05 UTC] Returning zone: domestic
[06-Sep-2026 08:12:05 UTC] selected_destination_id: 
[06-Sep-2026 08:12:05 UTC] selected_destination_id: 0
[06-Sep-2026 08:13:58 UTC] Returning zone: domestic
[06-Sep-2026 08:13:58 UTC] Returning zone: domestic
[06-Sep-2026 08:13:58 UTC] selected_destination_id: 
[06-Sep-2026 08:13:58 UTC] selected_destination_id: 
[06-Sep-2026 08:13:58 UTC] selected_destination_id: 0
[06-Sep-2026 08:13:58 UTC] selected_destination_id: 0
[06-Sep-2026 08:13:58 UTC] Returning zone: domestic
[06-Sep-2026 08:13:58 UTC] selected_destination_id: 
[06-Sep-2026 08:13:58 UTC] selected_destination_id: 0
[06-Sep-2026 08:13:58 UTC] Returning zone: domestic
[06-Sep-2026 08:13:58 UTC] selected_destination_id: 
[06-Sep-2026 08:13:58 UTC] selected_destination_id: 0
[06-Sep-2026 08:16:57 UTC] Returning zone: domestic
[06-Sep-2026 08:16:57 UTC] selected_destination_id: 
[06-Sep-2026 08:16:57 UTC] selected_destination_id: 0
[06-Sep-2026 08:17:04 UTC] Returning zone: domestic
[06-Sep-2026 08:17:04 UTC] selected_destination_id: 
[06-Sep-2026 08:17:04 UTC] selected_destination_id: 0
[06-Sep-2026 08:26:00 UTC] Returning zone: domestic
[06-Sep-2026 08:26:00 UTC] selected_destination_id: 
[06-Sep-2026 08:26:00 UTC] selected_destination_id: 0
[06-Sep-2026 08:26:15 UTC] Returning zone: domestic
[06-Sep-2026 08:26:18 UTC] Returning zone: domestic
[06-Sep-2026 08:26:21 UTC] Returning zone: domestic
[06-Sep-2026 08:26:31 UTC] Returning zone: domestic
[06-Sep-2026 08:26:37 UTC] Returning zone: domestic
[06-Sep-2026 08:26:39 UTC] Returning zone: domestic
[06-Sep-2026 08:26:48 UTC] 📍 Destination ID: 17568
[06-Sep-2026 08:26:48 UTC] 🏷 Destination Label: PEJATEN TIMUR, PASAR MINGGU, JAKARTA SELATAN, DKI JAKARTA, 12510
[06-Sep-2026 08:26:48 UTC] ✅ Country updated successfully in WooCommerce
[06-Sep-2026 08:26:48 UTC] ⏩ Skipping totals calculation as requested
[06-Sep-2026 08:26:51 UTC] Returning zone: domestic
[06-Sep-2026 08:26:51 UTC] selected_destination_id: 17568
[06-Sep-2026 08:26:51 UTC] selected_destination_id: 17568
[06-Sep-2026 08:26:51 UTC] cekongkir_shipping_destination_info: {"destination":17568}
[06-Sep-2026 08:26:51 UTC] 🚀 Shipping recalculated independently
[06-Sep-2026 08:28:17 UTC] Returning zone: domestic
[06-Sep-2026 08:28:17 UTC] selected_destination_id: 17568
[06-Sep-2026 08:28:17 UTC] selected_destination_id: 17568
[06-Sep-2026 08:28:17 UTC] cekongkir_shipping_destination_info: {"destination":17568}
[06-Sep-2026 08:33:42 UTC] Returning zone: domestic
[06-Sep-2026 08:33:42 UTC] selected_destination_id: 17568
[06-Sep-2026 08:33:42 UTC] selected_destination_id: 17568
[06-Sep-2026 08:33:42 UTC] cekongkir_shipping_destination_info: {"destination":17568}
[06-Sep-2026 08:33:42 UTC] Returning zone: domestic
[06-Sep-2026 08:33:42 UTC] api_key: eZNoTfAK3bf312b338cde2eb2vx7bXHy
[06-Sep-2026 08:33:44 UTC] api-response: [{"name":"AnterAja","code":"anteraja","service":"REG","description":"Anteraja Regular","cost":9000,"etd":"1-2 day"},{"name":"AnterAja","code":"anteraja","service":"ND","description":"Anteraja Next Day","cost":15300,"etd":"1 day"},{"name":"AnterAja","code":"anteraja","service":"SD","description":"Anteraja Same Day","cost":32500,"etd":"0 day"},{"name":"AnterAja","code":"anteraja","service":"ECO","description":"Anteraja Economy","cost":7100,"etd":"2-4 day"},{"name":"AnterAja","code":"anteraja","service":"BIG","description":"Anteraja Cargo","cost":51200,"etd":"1-2 day"},{"name":"AnterAja","code":"anteraja","service":"ICE","description":"Anteraja Frozen","cost":33000,"etd":"0 day"},{"name":"AnterAja","code":"anteraja","service":"DOK","description":"Anteraja Document","cost":8750,"etd":"1-2 day"},{"name":"AnterAja","code":"anteraja","service":"MIC","description":"Anteraja Mini Cargo","cost":35000,"etd":"2-4 day"},{"name":"J&T Express","code":"jnt","service":"EZ","description":"Reguler","cost":9000,"etd":""},{"name":"Jalur Nugraha Ekakurir (JNE)","code":"jne","service":"JTR","description":"JNE Trucking","cost":40000,"etd":"3 day"},{"name":"Jalur Nugraha Ekakurir (JNE)","code":"jne","service":"JTR<130","description":"JNE Trucking","cost":300000,"etd":"3 day"},{"name":"Jalur Nugraha Ekakurir (JNE)","code":"jne","service":"JTR>130","description":"JNE Trucking","cost":450000,"etd":"3 day"},{"name":"Jalur Nugraha Ekakurir (JNE)","code":"jne","service":"JTR>200","description":"JNE Trucking","cost":550000,"etd":"3 day"},{"name":"Jalur Nugraha Ekakurir (JNE)","code":"jne","service":"REG","description":"Layanan Reguler","cost":10000,"etd":"1 day"},{"name":"Jalur Nugraha Ekakurir (JNE)","code":"jne","service":"SPS","description":"Super Speed","cost":60000,"etd":"0 day"},{"name":"Jalur Nugraha Ekakurir (JNE)","code":"jne","service":"YES","description":"Yakin Esok Sampai","cost":18000,"etd":"1 day"},{"name":"POS Indonesia (POS)","code":"pos","service":"Pos Reguler","description":"240","cost":8000,"etd":"2 day"},{"name":"POS Indonesia (POS)","code":"pos","service":"Pos Nextday","description":"447","cost":15000,"etd":"1 day"},{"name":"POS Indonesia (POS)","code":"pos","service":"PAKETPOS DANGEROUS GOODS","description":"Pdg","cost":16500,"etd":"3 day"},{"name":"POS Indonesia (POS)","code":"pos","service":"POS KARGO","description":"Pjb","cost":35000,"etd":"7-14 day"},{"name":"POS Indonesia (POS)","code":"pos","service":"PAKETPOS VALUABLE GOODS","description":"Pvg","cost":16500,"etd":"3 day"},{"name":"SiCepat Express","code":"sicepat","service":"BEST","description":"Besok Sampai Tujuan","cost":14000,"etd":"1 day"},{"name":"SiCepat Express","code":"sicepat","service":"GOKIL","description":"Cargo Per Kg (Minimal 10kg)","cost":35000,"etd":"2-3 day"},{"name":"SiCepat Express","code":"sicepat","service":"HALU","description":"Harga Mulai Lima Ribu","cost":7500,"etd":"2-3 day"},{"name":"SiCepat Express","code":"sicepat","service":"REG","description":"Reguler","cost":8000,"etd":"1-2 day"},{"name":"Wahana","code":"wahana","service":"NextDay","description":"Layanan Pengiriman Dengan Estimasi Pengiriman 1 Hari Sampai","cost":10000,"etd":"1 day"},{"name":"Wahana","code":"wahana","service":"Express","description":"Layanan Regular Pengiriman Ke Seluruh Wilayah Indonesia","cost":5000,"etd":"2 day"},{"name":"Wahana","code":"wahana","service":"Ekonomis","description":"Layanan Pengiriman Biaya Hemat Dengan Tujuan Sumatera","cost":5000,"etd":"2 day"}]
[06-Sep-2026 08:33:44 UTC] PHP Warning:  Undefined array key "query" in C:\xampp\htdocs\wordpress\wp-content\plugins\rajaongkir\includes\classes\class-cekongkir-api.php on line 775
[06-Sep-2026 08:33:45 UTC] PHP Warning:  Undefined array key "query" in C:\xampp\htdocs\wordpress\wp-content\plugins\rajaongkir\includes\classes\class-cekongkir-api.php on line 775
[06-Sep-2026 08:33:45 UTC] PHP Warning:  Undefined array key "query" in C:\xampp\htdocs\wordpress\wp-content\plugins\rajaongkir\includes\classes\class-cekongkir-api.php on line 775
[06-Sep-2026 08:33:45 UTC] PHP Warning:  Undefined array key "query" in C:\xampp\htdocs\wordpress\wp-content\plugins\rajaongkir\includes\classes\class-cekongkir-api.php on line 775
[06-Sep-2026 08:33:45 UTC] PHP Warning:  Undefined array key "query" in C:\xampp\htdocs\wordpress\wp-content\plugins\rajaongkir\includes\classes\class-cekongkir-api.php on line 775
[06-Sep-2026 08:33:45 UTC] PHP Warning:  Undefined array key "query" in C:\xampp\htdocs\wordpress\wp-content\plugins\rajaongkir\includes\classes\class-cekongkir-api.php on line 775
[06-Sep-2026 08:33:45 UTC] PHP Warning:  Undefined array key "query" in C:\xampp\htdocs\wordpress\wp-content\plugins\rajaongkir\includes\classes\class-cekongkir-api.php on line 775
[06-Sep-2026 08:33:45 UTC] PHP Warning:  Undefined array key "query" in C:\xampp\htdocs\wordpress\wp-content\plugins\rajaongkir\includes\classes\class-cekongkir-api.php on line 775
[06-Sep-2026 08:33:45 UTC] PHP Warning:  Undefined array key "query" in C:\xampp\htdocs\wordpress\wp-content\plugins\rajaongkir\includes\classes\class-cekongkir-api.php on line 775
[06-Sep-2026 08:33:45 UTC] PHP Warning:  Undefined array key "query" in C:\xampp\htdocs\wordpress\wp-content\plugins\rajaongkir\includes\classes\class-cekongkir-api.php on line 775
[06-Sep-2026 08:33:45 UTC] PHP Warning:  Undefined array key "query" in C:\xampp\htdocs\wordpress\wp-content\plugins\rajaongkir\includes\classes\class-cekongkir-api.php on line 775
[06-Sep-2026 08:34:21 UTC] Returning zone: domestic
[06-Sep-2026 08:34:21 UTC] selected_destination_id: 17568
[06-Sep-2026 08:34:21 UTC] selected_destination_id: 17568
[06-Sep-2026 08:34:21 UTC] cekongkir_shipping_destination_info: {"destination":17568}
[06-Sep-2026 08:34:21 UTC] Returning zone: domestic
[06-Sep-2026 08:34:21 UTC] api_key: eZNoTfAK3bf312b338cde2eb2vx7bXHy
[06-Sep-2026 08:34:23 UTC] api-response: [{"name":"AnterAja","code":"anteraja","service":"REG","description":"Anteraja Regular","cost":9000,"etd":"1-2 day"},{"name":"AnterAja","code":"anteraja","service":"ND","description":"Anteraja Next Day","cost":15300,"etd":"1 day"},{"name":"AnterAja","code":"anteraja","service":"SD","description":"Anteraja Same Day","cost":32500,"etd":"0 day"},{"name":"AnterAja","code":"anteraja","service":"ECO","description":"Anteraja Economy","cost":7100,"etd":"2-4 day"},{"name":"AnterAja","code":"anteraja","service":"BIG","description":"Anteraja Cargo","cost":51200,"etd":"1-2 day"},{"name":"AnterAja","code":"anteraja","service":"ICE","description":"Anteraja Frozen","cost":33000,"etd":"0 day"},{"name":"AnterAja","code":"anteraja","service":"DOK","description":"Anteraja Document","cost":8750,"etd":"1-2 day"},{"name":"AnterAja","code":"anteraja","service":"MIC","description":"Anteraja Mini Cargo","cost":35000,"etd":"2-4 day"},{"name":"J&T Express","code":"jnt","service":"EZ","description":"Reguler","cost":18000,"etd":""},{"name":"Jalur Nugraha Ekakurir (JNE)","code":"jne","service":"JTR","description":"JNE Trucking","cost":40000,"etd":"3 day"},{"name":"Jalur Nugraha Ekakurir (JNE)","code":"jne","service":"JTR<130","description":"JNE Trucking","cost":300000,"etd":"3 day"},{"name":"Jalur Nugraha Ekakurir (JNE)","code":"jne","service":"JTR>130","description":"JNE Trucking","cost":450000,"etd":"3 day"},{"name":"Jalur Nugraha Ekakurir (JNE)","code":"jne","service":"JTR>200","description":"JNE Trucking","cost":550000,"etd":"3 day"},{"name":"Jalur Nugraha Ekakurir (JNE)","code":"jne","service":"REG","description":"Layanan Reguler","cost":20000,"etd":"1 day"},{"name":"Jalur Nugraha Ekakurir (JNE)","code":"jne","service":"SPS","description":"Super Speed","cost":90000,"etd":"0 day"},{"name":"Jalur Nugraha Ekakurir (JNE)","code":"jne","service":"YES","description":"Yakin Esok Sampai","cost":36000,"etd":"1 day"},{"name":"POS Indonesia (POS)","code":"pos","service":"Pos Reguler","description":"240","cost":16000,"etd":"2 day"},{"name":"POS Indonesia (POS)","code":"pos","service":"Pos Nextday","description":"447","cost":30000,"etd":"1 day"},{"name":"POS Indonesia (POS)","code":"pos","service":"PAKETPOS DANGEROUS GOODS","description":"Pdg","cost":33000,"etd":"3 day"},{"name":"POS Indonesia (POS)","code":"pos","service":"POS KARGO","description":"Pjb","cost":35000,"etd":"7-14 day"},{"name":"POS Indonesia (POS)","code":"pos","service":"PAKETPOS VALUABLE GOODS","description":"Pvg","cost":33000,"etd":"3 day"},{"name":"SiCepat Express","code":"sicepat","service":"BEST","description":"Besok Sampai Tujuan","cost":28000,"etd":"1 day"},{"name":"SiCepat Express","code":"sicepat","service":"GOKIL","description":"Cargo Per Kg (Minimal 10kg)","cost":35000,"etd":"2-3 day"},{"name":"SiCepat Express","code":"sicepat","service":"HALU","description":"Harga Mulai Lima Ribu","cost":15000,"etd":"2-3 day"},{"name":"SiCepat Express","code":"sicepat","service":"REG","description":"Reguler","cost":16000,"etd":"1-2 day"},{"name":"Wahana","code":"wahana","service":"NextDay","description":"Layanan Pengiriman Dengan Estimasi Pengiriman 1 Hari Sampai","cost":16000,"etd":"1 day"},{"name":"Wahana","code":"wahana","service":"Express","description":"Layanan Regular Pengiriman Ke Seluruh Wilayah Indonesia","cost":6000,"etd":"2 day"},{"name":"Wahana","code":"wahana","service":"Ekonomis","description":"Layanan Pengiriman Biaya Hemat Dengan Tujuan Sumatera","cost":6000,"etd":"2 day"}]
[06-Sep-2026 08:44:14 UTC] PHP Warning:  Trying to access array offset on value of type bool in C:\xampp\htdocs\wordpress\wp-content\plugins\doku-payment\Module\JokulCheckoutModule.php on line 51
[06-Sep-2026 08:44:14 UTC] PHP Warning:  Trying to access array offset on value of type bool in C:\xampp\htdocs\wordpress\wp-content\plugins\doku-payment\Module\JokulCheckoutModule.php on line 52
[06-Sep-2026 08:44:14 UTC] PHP Warning:  Trying to access array offset on value of type bool in C:\xampp\htdocs\wordpress\wp-content\plugins\doku-payment\Module\JokulCheckoutModule.php on line 53
[06-Sep-2026 08:44:14 UTC] PHP Warning:  Trying to access array offset on value of type bool in C:\xampp\htdocs\wordpress\wp-content\plugins\doku-payment\Module\JokulCheckoutModule.php on line 54
[06-Sep-2026 08:44:14 UTC] PHP Warning:  Trying to access array offset on value of type bool in C:\xampp\htdocs\wordpress\wp-content\plugins\doku-payment\Module\JokulCheckoutModule.php on line 55
[06-Sep-2026 08:44:14 UTC] PHP Warning:  Trying to access array offset on value of type bool in C:\xampp\htdocs\wordpress\wp-content\plugins\doku-payment\Module\JokulCheckoutModule.php on line 56
[06-Sep-2026 08:44:14 UTC] PHP Warning:  Trying to access array offset on value of type bool in C:\xampp\htdocs\wordpress\wp-content\plugins\doku-payment\Module\JokulCheckoutModule.php on line 57
[06-Sep-2026 08:44:14 UTC] PHP Warning:  Trying to access array offset on value of type bool in C:\xampp\htdocs\wordpress\wp-content\plugins\doku-payment\Module\JokulCheckoutModule.php on line 58
[06-Sep-2026 08:44:14 UTC] PHP Warning:  Trying to access array offset on value of type bool in C:\xampp\htdocs\wordpress\wp-content\plugins\doku-payment\Module\JokulCheckoutModule.php on line 59
[06-Sep-2026 08:44:14 UTC] PHP Warning:  Trying to access array offset on value of type bool in C:\xampp\htdocs\wordpress\wp-content\plugins\doku-payment\Module\JokulCheckoutModule.php on line 60
[06-Sep-2026 08:44:14 UTC] PHP Warning:  Trying to access array offset on value of type bool in C:\xampp\htdocs\wordpress\wp-content\plugins\doku-payment\Module\JokulCheckoutModule.php on line 69
[06-Sep-2026 08:44:14 UTC] PHP Warning:  Trying to access array offset on value of type bool in C:\xampp\htdocs\wordpress\wp-content\plugins\doku-payment\Module\JokulCheckoutModule.php on line 70
[06-Sep-2026 08:44:15 UTC] PHP Warning:  Trying to access array offset on value of type bool in C:\xampp\htdocs\wordpress\wp-content\plugins\doku-payment\Module\JokulCheckoutModule.php on line 51
[06-Sep-2026 08:44:15 UTC] PHP Warning:  Trying to access array offset on value of type bool in C:\xampp\htdocs\wordpress\wp-content\plugins\doku-payment\Module\JokulCheckoutModule.php on line 52
[06-Sep-2026 08:44:15 UTC] PHP Warning:  Trying to access array offset on value of type bool in C:\xampp\htdocs\wordpress\wp-content\plugins\doku-payment\Module\JokulCheckoutModule.php on line 53
[06-Sep-2026 08:44:15 UTC] PHP Warning:  Trying to access array offset on value of type bool in C:\xampp\htdocs\wordpress\wp-content\plugins\doku-payment\Module\JokulCheckoutModule.php on line 54
[06-Sep-2026 08:44:15 UTC] PHP Warning:  Trying to access array offset on value of type bool in C:\xampp\htdocs\wordpress\wp-content\plugins\doku-payment\Module\JokulCheckoutModule.php on line 55
[06-Sep-2026 08:44:15 UTC] PHP Warning:  Trying to access array offset on value of type bool in C:\xampp\htdocs\wordpress\wp-content\plugins\doku-payment\Module\JokulCheckoutModule.php on line 56
[06-Sep-2026 08:44:15 UTC] PHP Warning:  Trying to access array offset on value of type bool in C:\xampp\htdocs\wordpress\wp-content\plugins\doku-payment\Module\JokulCheckoutModule.php on line 57
[06-Sep-2026 08:44:15 UTC] PHP Warning:  Trying to access array offset on value of type bool in C:\xampp\htdocs\wordpress\wp-content\plugins\doku-payment\Module\JokulCheckoutModule.php on line 58
[06-Sep-2026 08:44:15 UTC] PHP Warning:  Trying to access array offset on value of type bool in C:\xampp\htdocs\wordpress\wp-content\plugins\doku-payment\Module\JokulCheckoutModule.php on line 59
[06-Sep-2026 08:44:15 UTC] PHP Warning:  Trying to access array offset on value of type bool in C:\xampp\htdocs\wordpress\wp-content\plugins\doku-payment\Module\JokulCheckoutModule.php on line 60
[06-Sep-2026 08:44:15 UTC] PHP Warning:  Trying to access array offset on value of type bool in C:\xampp\htdocs\wordpress\wp-content\plugins\doku-payment\Module\JokulCheckoutModule.php on line 69
[06-Sep-2026 08:44:15 UTC] PHP Warning:  Trying to access array offset on value of type bool in C:\xampp\htdocs\wordpress\wp-content\plugins\doku-payment\Module\JokulCheckoutModule.php on line 70
[06-Sep-2026 08:45:20 UTC] PHP Warning:  Trying to access array offset on value of type bool in C:\xampp\htdocs\wordpress\wp-content\plugins\doku-payment\Module\JokulCheckoutModule.php on line 51
[06-Sep-2026 08:45:20 UTC] PHP Warning:  Trying to access array offset on value of type bool in C:\xampp\htdocs\wordpress\wp-content\plugins\doku-payment\Module\JokulCheckoutModule.php on line 52
[06-Sep-2026 08:45:20 UTC] PHP Warning:  Trying to access array offset on value of type bool in C:\xampp\htdocs\wordpress\wp-content\plugins\doku-payment\Module\JokulCheckoutModule.php on line 53
[06-Sep-2026 08:45:20 UTC] PHP Warning:  Trying to access array offset on value of type bool in C:\xampp\htdocs\wordpress\wp-content\plugins\doku-payment\Module\JokulCheckoutModule.php on line 54
[06-Sep-2026 08:45:20 UTC] PHP Warning:  Trying to access array offset on value of type bool in C:\xampp\htdocs\wordpress\wp-content\plugins\doku-payment\Module\JokulCheckoutModule.php on line 55
[06-Sep-2026 08:45:20 UTC] PHP Warning:  Trying to access array offset on value of type bool in C:\xampp\htdocs\wordpress\wp-content\plugins\doku-payment\Module\JokulCheckoutModule.php on line 56
[06-Sep-2026 08:45:20 UTC] PHP Warning:  Trying to access array offset on value of type bool in C:\xampp\htdocs\wordpress\wp-content\plugins\doku-payment\Module\JokulCheckoutModule.php on line 57
[06-Sep-2026 08:45:20 UTC] PHP Warning:  Trying to access array offset on value of type bool in C:\xampp\htdocs\wordpress\wp-content\plugins\doku-payment\Module\JokulCheckoutModule.php on line 58
[06-Sep-2026 08:45:20 UTC] PHP Warning:  Trying to access array offset on value of type bool in C:\xampp\htdocs\wordpress\wp-content\plugins\doku-payment\Module\JokulCheckoutModule.php on line 59
[06-Sep-2026 08:45:20 UTC] PHP Warning:  Trying to access array offset on value of type bool in C:\xampp\htdocs\wordpress\wp-content\plugins\doku-payment\Module\JokulCheckoutModule.php on line 60
[06-Sep-2026 08:45:20 UTC] PHP Warning:  Trying to access array offset on value of type bool in C:\xampp\htdocs\wordpress\wp-content\plugins\doku-payment\Module\JokulCheckoutModule.php on line 69
[06-Sep-2026 08:45:20 UTC] PHP Warning:  Trying to access array offset on value of type bool in C:\xampp\htdocs\wordpress\wp-content\plugins\doku-payment\Module\JokulCheckoutModule.php on line 70
[06-Sep-2026 08:45:23 UTC] PHP Warning:  Trying to access array offset on value of type bool in C:\xampp\htdocs\wordpress\wp-content\plugins\doku-payment\Module\JokulCheckoutModule.php on line 51
[06-Sep-2026 08:45:23 UTC] PHP Warning:  Trying to access array offset on value of type bool in C:\xampp\htdocs\wordpress\wp-content\plugins\doku-payment\Module\JokulCheckoutModule.php on line 52
[06-Sep-2026 08:45:23 UTC] PHP Warning:  Trying to access array offset on value of type bool in C:\xampp\htdocs\wordpress\wp-content\plugins\doku-payment\Module\JokulCheckoutModule.php on line 53
[06-Sep-2026 08:45:23 UTC] PHP Warning:  Trying to access array offset on value of type bool in C:\xampp\htdocs\wordpress\wp-content\plugins\doku-payment\Module\JokulCheckoutModule.php on line 54
[06-Sep-2026 08:45:23 UTC] PHP Warning:  Trying to access array offset on value of type bool in C:\xampp\htdocs\wordpress\wp-content\plugins\doku-payment\Module\JokulCheckoutModule.php on line 55
[06-Sep-2026 08:45:23 UTC] PHP Warning:  Trying to access array offset on value of type bool in C:\xampp\htdocs\wordpress\wp-content\plugins\doku-payment\Module\JokulCheckoutModule.php on line 56
[06-Sep-2026 08:45:23 UTC] PHP Warning:  Trying to access array offset on value of type bool in C:\xampp\htdocs\wordpress\wp-content\plugins\doku-payment\Module\JokulCheckoutModule.php on line 57
[06-Sep-2026 08:45:23 UTC] PHP Warning:  Trying to access array offset on value of type bool in C:\xampp\htdocs\wordpress\wp-content\plugins\doku-payment\Module\JokulCheckoutModule.php on line 58
[06-Sep-2026 08:45:23 UTC] PHP Warning:  Trying to access array offset on value of type bool in C:\xampp\htdocs\wordpress\wp-content\plugins\doku-payment\Module\JokulCheckoutModule.php on line 59
[06-Sep-2026 08:45:23 UTC] PHP Warning:  Trying to access array offset on value of type bool in C:\xampp\htdocs\wordpress\wp-content\plugins\doku-payment\Module\JokulCheckoutModule.php on line 60
[06-Sep-2026 08:45:23 UTC] PHP Warning:  Trying to access array offset on value of type bool in C:\xampp\htdocs\wordpress\wp-content\plugins\doku-payment\Module\JokulCheckoutModule.php on line 69
[06-Sep-2026 08:45:23 UTC] PHP Warning:  Trying to access array offset on value of type bool in C:\xampp\htdocs\wordpress\wp-content\plugins\doku-payment\Module\JokulCheckoutModule.php on line 70
[06-Sep-2026 08:45:24 UTC] PHP Warning:  Trying to access array offset on value of type bool in C:\xampp\htdocs\wordpress\wp-content\plugins\doku-payment\Module\JokulCheckoutModule.php on line 51
[06-Sep-2026 08:45:24 UTC] PHP Warning:  Trying to access array offset on value of type bool in C:\xampp\htdocs\wordpress\wp-content\plugins\doku-payment\Module\JokulCheckoutModule.php on line 52
[06-Sep-2026 08:45:24 UTC] PHP Warning:  Trying to access array offset on value of type bool in C:\xampp\htdocs\wordpress\wp-content\plugins\doku-payment\Module\JokulCheckoutModule.php on line 53
[06-Sep-2026 08:45:24 UTC] PHP Warning:  Trying to access array offset on value of type bool in C:\xampp\htdocs\wordpress\wp-content\plugins\doku-payment\Module\JokulCheckoutModule.php on line 54
[06-Sep-2026 08:45:24 UTC] PHP Warning:  Trying to access array offset on value of type bool in C:\xampp\htdocs\wordpress\wp-content\plugins\doku-payment\Module\JokulCheckoutModule.php on line 55
[06-Sep-2026 08:45:24 UTC] PHP Warning:  Trying to access array offset on value of type bool in C:\xampp\htdocs\wordpress\wp-content\plugins\doku-payment\Module\JokulCheckoutModule.php on line 56
[06-Sep-2026 08:45:24 UTC] PHP Warning:  Trying to access array offset on value of type bool in C:\xampp\htdocs\wordpress\wp-content\plugins\doku-payment\Module\JokulCheckoutModule.php on line 57
[06-Sep-2026 08:45:24 UTC] PHP Warning:  Trying to access array offset on value of type bool in C:\xampp\htdocs\wordpress\wp-content\plugins\doku-payment\Module\JokulCheckoutModule.php on line 58
[06-Sep-2026 08:45:24 UTC] PHP Warning:  Trying to access array offset on value of type bool in C:\xampp\htdocs\wordpress\wp-content\plugins\doku-payment\Module\JokulCheckoutModule.php on line 59
[06-Sep-2026 08:45:24 UTC] PHP Warning:  Trying to access array offset on value of type bool in C:\xampp\htdocs\wordpress\wp-content\plugins\doku-payment\Module\JokulCheckoutModule.php on line 60
[06-Sep-2026 08:45:24 UTC] PHP Warning:  Trying to access array offset on value of type bool in C:\xampp\htdocs\wordpress\wp-content\plugins\doku-payment\Module\JokulCheckoutModule.php on line 69
[06-Sep-2026 08:45:24 UTC] PHP Warning:  Trying to access array offset on value of type bool in C:\xampp\htdocs\wordpress\wp-content\plugins\doku-payment\Module\JokulCheckoutModule.php on line 70
[06-Sep-2026 08:45:25 UTC] PHP Warning:  Trying to access array offset on value of type bool in C:\xampp\htdocs\wordpress\wp-content\plugins\doku-payment\Module\JokulCheckoutModule.php on line 51
[06-Sep-2026 08:45:25 UTC] PHP Warning:  Trying to access array offset on value of type bool in C:\xampp\htdocs\wordpress\wp-content\plugins\doku-payment\Module\JokulCheckoutModule.php on line 52
[06-Sep-2026 08:45:25 UTC] PHP Warning:  Trying to access array offset on value of type bool in C:\xampp\htdocs\wordpress\wp-content\plugins\doku-payment\Module\JokulCheckoutModule.php on line 53
[06-Sep-2026 08:45:25 UTC] PHP Warning:  Trying to access array offset on value of type bool in C:\xampp\htdocs\wordpress\wp-content\plugins\doku-payment\Module\JokulCheckoutModule.php on line 54
[06-Sep-2026 08:45:25 UTC] PHP Warning:  Trying to access array offset on value of type bool in C:\xampp\htdocs\wordpress\wp-content\plugins\doku-payment\Module\JokulCheckoutModule.php on line 55
[06-Sep-2026 08:45:25 UTC] PHP Warning:  Trying to access array offset on value of type bool in C:\xampp\htdocs\wordpress\wp-content\plugins\doku-payment\Module\JokulCheckoutModule.php on line 56
[06-Sep-2026 08:45:25 UTC] PHP Warning:  Trying to access array offset on value of type bool in C:\xampp\htdocs\wordpress\wp-content\plugins\doku-payment\Module\JokulCheckoutModule.php on line 57
[06-Sep-2026 08:45:25 UTC] PHP Warning:  Trying to access array offset on value of type bool in C:\xampp\htdocs\wordpress\wp-content\plugins\doku-payment\Module\JokulCheckoutModule.php on line 58
[06-Sep-2026 08:45:25 UTC] PHP Warning:  Trying to access array offset on value of type bool in C:\xampp\htdocs\wordpress\wp-content\plugins\doku-payment\Module\JokulCheckoutModule.php on line 59
[06-Sep-2026 08:45:25 UTC] PHP Warning:  Trying to access array offset on value of type bool in C:\xampp\htdocs\wordpress\wp-content\plugins\doku-payment\Module\JokulCheckoutModule.php on line 60
[06-Sep-2026 08:45:25 UTC] PHP Warning:  Trying to access array offset on value of type bool in C:\xampp\htdocs\wordpress\wp-content\plugins\doku-payment\Module\JokulCheckoutModule.php on line 69
[06-Sep-2026 08:45:25 UTC] PHP Warning:  Trying to access array offset on value of type bool in C:\xampp\htdocs\wordpress\wp-content\plugins\doku-payment\Module\JokulCheckoutModule.php on line 70
[06-Sep-2026 08:45:29 UTC] PHP Warning:  Trying to access array offset on value of type bool in C:\xampp\htdocs\wordpress\wp-content\plugins\doku-payment\Module\JokulCheckoutModule.php on line 51
[06-Sep-2026 08:45:29 UTC] PHP Warning:  Trying to access array offset on value of type bool in C:\xampp\htdocs\wordpress\wp-content\plugins\doku-payment\Module\JokulCheckoutModule.php on line 52
[06-Sep-2026 08:45:29 UTC] PHP Warning:  Trying to access array offset on value of type bool in C:\xampp\htdocs\wordpress\wp-content\plugins\doku-payment\Module\JokulCheckoutModule.php on line 53
[06-Sep-2026 08:45:29 UTC] PHP Warning:  Trying to access array offset on value of type bool in C:\xampp\htdocs\wordpress\wp-content\plugins\doku-payment\Module\JokulCheckoutModule.php on line 54
[06-Sep-2026 08:45:29 UTC] PHP Warning:  Trying to access array offset on value of type bool in C:\xampp\htdocs\wordpress\wp-content\plugins\doku-payment\Module\JokulCheckoutModule.php on line 55
[06-Sep-2026 08:45:29 UTC] PHP Warning:  Trying to access array offset on value of type bool in C:\xampp\htdocs\wordpress\wp-content\plugins\doku-payment\Module\JokulCheckoutModule.php on line 56
[06-Sep-2026 08:45:29 UTC] PHP Warning:  Trying to access array offset on value of type bool in C:\xampp\htdocs\wordpress\wp-content\plugins\doku-payment\Module\JokulCheckoutModule.php on line 57
[06-Sep-2026 08:45:29 UTC] PHP Warning:  Trying to access array offset on value of type bool in C:\xampp\htdocs\wordpress\wp-content\plugins\doku-payment\Module\JokulCheckoutModule.php on line 58
[06-Sep-2026 08:45:29 UTC] PHP Warning:  Trying to access array offset on value of type bool in C:\xampp\htdocs\wordpress\wp-content\plugins\doku-payment\Module\JokulCheckoutModule.php on line 59
[06-Sep-2026 08:45:29 UTC] PHP Warning:  Trying to access array offset on value of type bool in C:\xampp\htdocs\wordpress\wp-content\plugins\doku-payment\Module\JokulCheckoutModule.php on line 60
[06-Sep-2026 08:45:29 UTC] PHP Warning:  Trying to access array offset on value of type bool in C:\xampp\htdocs\wordpress\wp-content\plugins\doku-payment\Module\JokulCheckoutModule.php on line 69
[06-Sep-2026 08:45:29 UTC] PHP Warning:  Trying to access array offset on value of type bool in C:\xampp\htdocs\wordpress\wp-content\plugins\doku-payment\Module\JokulCheckoutModule.php on line 70
[06-Sep-2026 08:45:29 UTC] PHP Warning:  Trying to access array offset on value of type bool in C:\xampp\htdocs\wordpress\wp-content\plugins\doku-payment\Module\JokulCheckoutModule.php on line 51
[06-Sep-2026 08:45:29 UTC] PHP Warning:  Trying to access array offset on value of type bool in C:\xampp\htdocs\wordpress\wp-content\plugins\doku-payment\Module\JokulCheckoutModule.php on line 52
[06-Sep-2026 08:45:29 UTC] PHP Warning:  Trying to access array offset on value of type bool in C:\xampp\htdocs\wordpress\wp-content\plugins\doku-payment\Module\JokulCheckoutModule.php on line 53
[06-Sep-2026 08:45:29 UTC] PHP Warning:  Trying to access array offset on value of type bool in C:\xampp\htdocs\wordpress\wp-content\plugins\doku-payment\Module\JokulCheckoutModule.php on line 54
[06-Sep-2026 08:45:29 UTC] PHP Warning:  Trying to access array offset on value of type bool in C:\xampp\htdocs\wordpress\wp-content\plugins\doku-payment\Module\JokulCheckoutModule.php on line 55
[06-Sep-2026 08:45:29 UTC] PHP Warning:  Trying to access array offset on value of type bool in C:\xampp\htdocs\wordpress\wp-content\plugins\doku-payment\Module\JokulCheckoutModule.php on line 56
[06-Sep-2026 08:45:29 UTC] PHP Warning:  Trying to access array offset on value of type bool in C:\xampp\htdocs\wordpress\wp-content\plugins\doku-payment\Module\JokulCheckoutModule.php on line 57
[06-Sep-2026 08:45:29 UTC] PHP Warning:  Trying to access array offset on value of type bool in C:\xampp\htdocs\wordpress\wp-content\plugins\doku-payment\Module\JokulCheckoutModule.php on line 58
[06-Sep-2026 08:45:29 UTC] PHP Warning:  Trying to access array offset on value of type bool in C:\xampp\htdocs\wordpress\wp-content\plugins\doku-payment\Module\JokulCheckoutModule.php on line 59
[06-Sep-2026 08:45:29 UTC] PHP Warning:  Trying to access array offset on value of type bool in C:\xampp\htdocs\wordpress\wp-content\plugins\doku-payment\Module\JokulCheckoutModule.php on line 60
[06-Sep-2026 08:45:29 UTC] PHP Warning:  Trying to access array offset on value of type bool in C:\xampp\htdocs\wordpress\wp-content\plugins\doku-payment\Module\JokulCheckoutModule.php on line 69
[06-Sep-2026 08:45:29 UTC] PHP Warning:  Trying to access array offset on value of type bool in C:\xampp\htdocs\wordpress\wp-content\plugins\doku-payment\Module\JokulCheckoutModule.php on line 70
[06-Sep-2026 08:45:29 UTC] PHP Warning:  Trying to access array offset on value of type bool in C:\xampp\htdocs\wordpress\wp-content\plugins\doku-payment\Module\JokulCheckoutModule.php on line 51
[06-Sep-2026 08:45:29 UTC] PHP Warning:  Trying to access array offset on value of type bool in C:\xampp\htdocs\wordpress\wp-content\plugins\doku-payment\Module\JokulCheckoutModule.php on line 52
[06-Sep-2026 08:45:29 UTC] PHP Warning:  Trying to access array offset on value of type bool in C:\xampp\htdocs\wordpress\wp-content\plugins\doku-payment\Module\JokulCheckoutModule.php on line 53
[06-Sep-2026 08:45:29 UTC] PHP Warning:  Trying to access array offset on value of type bool in C:\xampp\htdocs\wordpress\wp-content\plugins\doku-payment\Module\JokulCheckoutModule.php on line 54
[06-Sep-2026 08:45:29 UTC] PHP Warning:  Trying to access array offset on value of type bool in C:\xampp\htdocs\wordpress\wp-content\plugins\doku-payment\Module\JokulCheckoutModule.php on line 55
[06-Sep-2026 08:45:29 UTC] PHP Warning:  Trying to access array offset on value of type bool in C:\xampp\htdocs\wordpress\wp-content\plugins\doku-payment\Module\JokulCheckoutModule.php on line 56
[06-Sep-2026 08:45:29 UTC] PHP Warning:  Trying to access array offset on value of type bool in C:\xampp\htdocs\wordpress\wp-content\plugins\doku-payment\Module\JokulCheckoutModule.php on line 57
[06-Sep-2026 08:45:29 UTC] PHP Warning:  Trying to access array offset on value of type bool in C:\xampp\htdocs\wordpress\wp-content\plugins\doku-payment\Module\JokulCheckoutModule.php on line 58
[06-Sep-2026 08:45:29 UTC] PHP Warning:  Trying to access array offset on value of type bool in C:\xampp\htdocs\wordpress\wp-content\plugins\doku-payment\Module\JokulCheckoutModule.php on line 59
[06-Sep-2026 08:45:29 UTC] PHP Warning:  Trying to access array offset on value of type bool in C:\xampp\htdocs\wordpress\wp-content\plugins\doku-payment\Module\JokulCheckoutModule.php on line 60
[06-Sep-2026 08:45:29 UTC] PHP Warning:  Trying to access array offset on value of type bool in C:\xampp\htdocs\wordpress\wp-content\plugins\doku-payment\Module\JokulCheckoutModule.php on line 69
[06-Sep-2026 08:45:29 UTC] PHP Warning:  Trying to access array offset on value of type bool in C:\xampp\htdocs\wordpress\wp-content\plugins\doku-payment\Module\JokulCheckoutModule.php on line 70
[06-Sep-2026 08:45:32 UTC] PHP Warning:  Trying to access array offset on value of type bool in C:\xampp\htdocs\wordpress\wp-content\plugins\doku-payment\Module\JokulCheckoutModule.php on line 51
[06-Sep-2026 08:45:32 UTC] PHP Warning:  Trying to access array offset on value of type bool in C:\xampp\htdocs\wordpress\wp-content\plugins\doku-payment\Module\JokulCheckoutModule.php on line 52
[06-Sep-2026 08:45:32 UTC] PHP Warning:  Trying to access array offset on value of type bool in C:\xampp\htdocs\wordpress\wp-content\plugins\doku-payment\Module\JokulCheckoutModule.php on line 53
[06-Sep-2026 08:45:32 UTC] PHP Warning:  Trying to access array offset on value of type bool in C:\xampp\htdocs\wordpress\wp-content\plugins\doku-payment\Module\JokulCheckoutModule.php on line 54
[06-Sep-2026 08:45:32 UTC] PHP Warning:  Trying to access array offset on value of type bool in C:\xampp\htdocs\wordpress\wp-content\plugins\doku-payment\Module\JokulCheckoutModule.php on line 55
[06-Sep-2026 08:45:32 UTC] PHP Warning:  Trying to access array offset on value of type bool in C:\xampp\htdocs\wordpress\wp-content\plugins\doku-payment\Module\JokulCheckoutModule.php on line 56
[06-Sep-2026 08:45:32 UTC] PHP Warning:  Trying to access array offset on value of type bool in C:\xampp\htdocs\wordpress\wp-content\plugins\doku-payment\Module\JokulCheckoutModule.php on line 57
[06-Sep-2026 08:45:32 UTC] PHP Warning:  Trying to access array offset on value of type bool in C:\xampp\htdocs\wordpress\wp-content\plugins\doku-payment\Module\JokulCheckoutModule.php on line 58
[06-Sep-2026 08:45:32 UTC] PHP Warning:  Trying to access array offset on value of type bool in C:\xampp\htdocs\wordpress\wp-content\plugins\doku-payment\Module\JokulCheckoutModule.php on line 59
[06-Sep-2026 08:45:32 UTC] PHP Warning:  Trying to access array offset on value of type bool in C:\xampp\htdocs\wordpress\wp-content\plugins\doku-payment\Module\JokulCheckoutModule.php on line 60
[06-Sep-2026 08:45:32 UTC] PHP Warning:  Trying to access array offset on value of type bool in C:\xampp\htdocs\wordpress\wp-content\plugins\doku-payment\Module\JokulCheckoutModule.php on line 69
[06-Sep-2026 08:45:32 UTC] PHP Warning:  Trying to access array offset on value of type bool in C:\xampp\htdocs\wordpress\wp-content\plugins\doku-payment\Module\JokulCheckoutModule.php on line 70
[06-Sep-2026 08:45:34 UTC] PHP Warning:  Trying to access array offset on value of type bool in C:\xampp\htdocs\wordpress\wp-content\plugins\doku-payment\Module\JokulCheckoutModule.php on line 51
[06-Sep-2026 08:45:34 UTC] PHP Warning:  Trying to access array offset on value of type bool in C:\xampp\htdocs\wordpress\wp-content\plugins\doku-payment\Module\JokulCheckoutModule.php on line 52
[06-Sep-2026 08:45:34 UTC] PHP Warning:  Trying to access array offset on value of type bool in C:\xampp\htdocs\wordpress\wp-content\plugins\doku-payment\Module\JokulCheckoutModule.php on line 53
[06-Sep-2026 08:45:34 UTC] PHP Warning:  Trying to access array offset on value of type bool in C:\xampp\htdocs\wordpress\wp-content\plugins\doku-payment\Module\JokulCheckoutModule.php on line 54
[06-Sep-2026 08:45:34 UTC] PHP Warning:  Trying to access array offset on value of type bool in C:\xampp\htdocs\wordpress\wp-content\plugins\doku-payment\Module\JokulCheckoutModule.php on line 55
[06-Sep-2026 08:45:34 UTC] PHP Warning:  Trying to access array offset on value of type bool in C:\xampp\htdocs\wordpress\wp-content\plugins\doku-payment\Module\JokulCheckoutModule.php on line 56
[06-Sep-2026 08:45:34 UTC] PHP Warning:  Trying to access array offset on value of type bool in C:\xampp\htdocs\wordpress\wp-content\plugins\doku-payment\Module\JokulCheckoutModule.php on line 57
[06-Sep-2026 08:45:34 UTC] PHP Warning:  Trying to access array offset on value of type bool in C:\xampp\htdocs\wordpress\wp-content\plugins\doku-payment\Module\JokulCheckoutModule.php on line 58
[06-Sep-2026 08:45:34 UTC] PHP Warning:  Trying to access array offset on value of type bool in C:\xampp\htdocs\wordpress\wp-content\plugins\doku-payment\Module\JokulCheckoutModule.php on line 59
[06-Sep-2026 08:45:34 UTC] PHP Warning:  Trying to access array offset on value of type bool in C:\xampp\htdocs\wordpress\wp-content\plugins\doku-payment\Module\JokulCheckoutModule.php on line 60
[06-Sep-2026 08:45:34 UTC] PHP Warning:  Trying to access array offset on value of type bool in C:\xampp\htdocs\wordpress\wp-content\plugins\doku-payment\Module\JokulCheckoutModule.php on line 69
[06-Sep-2026 08:45:34 UTC] PHP Warning:  Trying to access array offset on value of type bool in C:\xampp\htdocs\wordpress\wp-content\plugins\doku-payment\Module\JokulCheckoutModule.php on line 70
[06-Sep-2026 08:45:37 UTC] PHP Warning:  Trying to access array offset on value of type bool in C:\xampp\htdocs\wordpress\wp-content\plugins\doku-payment\Module\JokulCheckoutModule.php on line 51
[06-Sep-2026 08:45:37 UTC] PHP Warning:  Trying to access array offset on value of type bool in C:\xampp\htdocs\wordpress\wp-content\plugins\doku-payment\Module\JokulCheckoutModule.php on line 52
[06-Sep-2026 08:45:37 UTC] PHP Warning:  Trying to access array offset on value of type bool in C:\xampp\htdocs\wordpress\wp-content\plugins\doku-payment\Module\JokulCheckoutModule.php on line 53
[06-Sep-2026 08:45:37 UTC] PHP Warning:  Trying to access array offset on value of type bool in C:\xampp\htdocs\wordpress\wp-content\plugins\doku-payment\Module\JokulCheckoutModule.php on line 54
[06-Sep-2026 08:45:37 UTC] PHP Warning:  Trying to access array offset on value of type bool in C:\xampp\htdocs\wordpress\wp-content\plugins\doku-payment\Module\JokulCheckoutModule.php on line 55
[06-Sep-2026 08:45:37 UTC] PHP Warning:  Trying to access array offset on value of type bool in C:\xampp\htdocs\wordpress\wp-content\plugins\doku-payment\Module\JokulCheckoutModule.php on line 56
[06-Sep-2026 08:45:37 UTC] PHP Warning:  Trying to access array offset on value of type bool in C:\xampp\htdocs\wordpress\wp-content\plugins\doku-payment\Module\JokulCheckoutModule.php on line 57
[06-Sep-2026 08:45:37 UTC] PHP Warning:  Trying to access array offset on value of type bool in C:\xampp\htdocs\wordpress\wp-content\plugins\doku-payment\Module\JokulCheckoutModule.php on line 58
[06-Sep-2026 08:45:37 UTC] PHP Warning:  Trying to access array offset on value of type bool in C:\xampp\htdocs\wordpress\wp-content\plugins\doku-payment\Module\JokulCheckoutModule.php on line 59
[06-Sep-2026 08:45:37 UTC] PHP Warning:  Trying to access array offset on value of type bool in C:\xampp\htdocs\wordpress\wp-content\plugins\doku-payment\Module\JokulCheckoutModule.php on line 60
[06-Sep-2026 08:45:37 UTC] PHP Warning:  Trying to access array offset on value of type bool in C:\xampp\htdocs\wordpress\wp-content\plugins\doku-payment\Module\JokulCheckoutModule.php on line 69
[06-Sep-2026 08:45:37 UTC] PHP Warning:  Trying to access array offset on value of type bool in C:\xampp\htdocs\wordpress\wp-content\plugins\doku-payment\Module\JokulCheckoutModule.php on line 51
[06-Sep-2026 08:45:37 UTC] PHP Warning:  Trying to access array offset on value of type bool in C:\xampp\htdocs\wordpress\wp-content\plugins\doku-payment\Module\JokulCheckoutModule.php on line 51
[06-Sep-2026 08:45:37 UTC] PHP Warning:  Trying to access array offset on value of type bool in C:\xampp\htdocs\wordpress\wp-content\plugins\doku-payment\Module\JokulCheckoutModule.php on line 70
[06-Sep-2026 08:45:37 UTC] PHP Warning:  Trying to access array offset on value of type bool in C:\xampp\htdocs\wordpress\wp-content\plugins\doku-payment\Module\JokulCheckoutModule.php on line 52
[06-Sep-2026 08:45:37 UTC] PHP Warning:  Trying to access array offset on value of type bool in C:\xampp\htdocs\wordpress\wp-content\plugins\doku-payment\Module\JokulCheckoutModule.php on line 52
[06-Sep-2026 08:45:37 UTC] PHP Warning:  Trying to access array offset on value of type bool in C:\xampp\htdocs\wordpress\wp-content\plugins\doku-payment\Module\JokulCheckoutModule.php on line 53
[06-Sep-2026 08:45:37 UTC] PHP Warning:  Trying to access array offset on value of type bool in C:\xampp\htdocs\wordpress\wp-content\plugins\doku-payment\Module\JokulCheckoutModule.php on line 54
[06-Sep-2026 08:45:37 UTC] PHP Warning:  Trying to access array offset on value of type bool in C:\xampp\htdocs\wordpress\wp-content\plugins\doku-payment\Module\JokulCheckoutModule.php on line 53
[06-Sep-2026 08:45:37 UTC] PHP Warning:  Trying to access array offset on value of type bool in C:\xampp\htdocs\wordpress\wp-content\plugins\doku-payment\Module\JokulCheckoutModule.php on line 54
[06-Sep-2026 08:45:37 UTC] PHP Warning:  Trying to access array offset on value of type bool in C:\xampp\htdocs\wordpress\wp-content\plugins\doku-payment\Module\JokulCheckoutModule.php on line 55
[06-Sep-2026 08:45:37 UTC] PHP Warning:  Trying to access array offset on value of type bool in C:\xampp\htdocs\wordpress\wp-content\plugins\doku-payment\Module\JokulCheckoutModule.php on line 56
[06-Sep-2026 08:45:37 UTC] PHP Warning:  Trying to access array offset on value of type bool in C:\xampp\htdocs\wordpress\wp-content\plugins\doku-payment\Module\JokulCheckoutModule.php on line 55
[06-Sep-2026 08:45:37 UTC] PHP Warning:  Trying to access array offset on value of type bool in C:\xampp\htdocs\wordpress\wp-content\plugins\doku-payment\Module\JokulCheckoutModule.php on line 57
[06-Sep-2026 08:45:37 UTC] PHP Warning:  Trying to access array offset on value of type bool in C:\xampp\htdocs\wordpress\wp-content\plugins\doku-payment\Module\JokulCheckoutModule.php on line 58
[06-Sep-2026 08:45:37 UTC] PHP Warning:  Trying to access array offset on value of type bool in C:\xampp\htdocs\wordpress\wp-content\plugins\doku-payment\Module\JokulCheckoutModule.php on line 59
[06-Sep-2026 08:45:37 UTC] PHP Warning:  Trying to access array offset on value of type bool in C:\xampp\htdocs\wordpress\wp-content\plugins\doku-payment\Module\JokulCheckoutModule.php on line 60
[06-Sep-2026 08:45:37 UTC] PHP Warning:  Trying to access array offset on value of type bool in C:\xampp\htdocs\wordpress\wp-content\plugins\doku-payment\Module\JokulCheckoutModule.php on line 56
[06-Sep-2026 08:45:37 UTC] PHP Warning:  Trying to access array offset on value of type bool in C:\xampp\htdocs\wordpress\wp-content\plugins\doku-payment\Module\JokulCheckoutModule.php on line 69
[06-Sep-2026 08:45:37 UTC] PHP Warning:  Trying to access array offset on value of type bool in C:\xampp\htdocs\wordpress\wp-content\plugins\doku-payment\Module\JokulCheckoutModule.php on line 57
[06-Sep-2026 08:45:37 UTC] PHP Warning:  Trying to access array offset on value of type bool in C:\xampp\htdocs\wordpress\wp-content\plugins\doku-payment\Module\JokulCheckoutModule.php on line 70
[06-Sep-2026 08:45:37 UTC] PHP Warning:  Trying to access array offset on value of type bool in C:\xampp\htdocs\wordpress\wp-content\plugins\doku-payment\Module\JokulCheckoutModule.php on line 58
[06-Sep-2026 08:45:37 UTC] PHP Warning:  Trying to access array offset on value of type bool in C:\xampp\htdocs\wordpress\wp-content\plugins\doku-payment\Module\JokulCheckoutModule.php on line 59
[06-Sep-2026 08:45:37 UTC] PHP Warning:  Trying to access array offset on value of type bool in C:\xampp\htdocs\wordpress\wp-content\plugins\doku-payment\Module\JokulCheckoutModule.php on line 60
[06-Sep-2026 08:45:37 UTC] PHP Warning:  Trying to access array offset on value of type bool in C:\xampp\htdocs\wordpress\wp-content\plugins\doku-payment\Module\JokulCheckoutModule.php on line 69
[06-Sep-2026 08:45:37 UTC] PHP Warning:  Trying to access array offset on value of type bool in C:\xampp\htdocs\wordpress\wp-content\plugins\doku-payment\Module\JokulCheckoutModule.php on line 70
[06-Sep-2026 08:45:41 UTC] PHP Warning:  Trying to access array offset on value of type bool in C:\xampp\htdocs\wordpress\wp-content\plugins\doku-payment\Module\JokulCheckoutModule.php on line 51
[06-Sep-2026 08:45:41 UTC] PHP Warning:  Trying to access array offset on value of type bool in C:\xampp\htdocs\wordpress\wp-content\plugins\doku-payment\Module\JokulCheckoutModule.php on line 52
[06-Sep-2026 08:45:41 UTC] PHP Warning:  Trying to access array offset on value of type bool in C:\xampp\htdocs\wordpress\wp-content\plugins\doku-payment\Module\JokulCheckoutModule.php on line 53
[06-Sep-2026 08:45:41 UTC] PHP Warning:  Trying to access array offset on value of type bool in C:\xampp\htdocs\wordpress\wp-content\plugins\doku-payment\Module\JokulCheckoutModule.php on line 54
[06-Sep-2026 08:45:41 UTC] PHP Warning:  Trying to access array offset on value of type bool in C:\xampp\htdocs\wordpress\wp-content\plugins\doku-payment\Module\JokulCheckoutModule.php on line 55
[06-Sep-2026 08:45:41 UTC] PHP Warning:  Trying to access array offset on value of type bool in C:\xampp\htdocs\wordpress\wp-content\plugins\doku-payment\Module\JokulCheckoutModule.php on line 56
[06-Sep-2026 08:45:41 UTC] PHP Warning:  Trying to access array offset on value of type bool in C:\xampp\htdocs\wordpress\wp-content\plugins\doku-payment\Module\JokulCheckoutModule.php on line 57
[06-Sep-2026 08:45:41 UTC] PHP Warning:  Trying to access array offset on value of type bool in C:\xampp\htdocs\wordpress\wp-content\plugins\doku-payment\Module\JokulCheckoutModule.php on line 58
[06-Sep-2026 08:45:41 UTC] PHP Warning:  Trying to access array offset on value of type bool in C:\xampp\htdocs\wordpress\wp-content\plugins\doku-payment\Module\JokulCheckoutModule.php on line 59
[06-Sep-2026 08:45:41 UTC] PHP Warning:  Trying to access array offset on value of type bool in C:\xampp\htdocs\wordpress\wp-content\plugins\doku-payment\Module\JokulCheckoutModule.php on line 60
[06-Sep-2026 08:45:41 UTC] PHP Warning:  Trying to access array offset on value of type bool in C:\xampp\htdocs\wordpress\wp-content\plugins\doku-payment\Module\JokulCheckoutModule.php on line 69
[06-Sep-2026 08:45:41 UTC] PHP Warning:  Trying to access array offset on value of type bool in C:\xampp\htdocs\wordpress\wp-content\plugins\doku-payment\Module\JokulCheckoutModule.php on line 70
[06-Sep-2026 08:45:41 UTC] PHP Warning:  Trying to access array offset on value of type bool in C:\xampp\htdocs\wordpress\wp-content\plugins\doku-payment\Module\JokulCheckoutModule.php on line 51
[06-Sep-2026 08:45:41 UTC] PHP Warning:  Trying to access array offset on value of type bool in C:\xampp\htdocs\wordpress\wp-content\plugins\doku-payment\Module\JokulCheckoutModule.php on line 52
[06-Sep-2026 08:45:41 UTC] PHP Warning:  Trying to access array offset on value of type bool in C:\xampp\htdocs\wordpress\wp-content\plugins\doku-payment\Module\JokulCheckoutModule.php on line 53
[06-Sep-2026 08:45:41 UTC] PHP Warning:  Trying to access array offset on value of type bool in C:\xampp\htdocs\wordpress\wp-content\plugins\doku-payment\Module\JokulCheckoutModule.php on line 54
[06-Sep-2026 08:45:41 UTC] PHP Warning:  Trying to access array offset on value of type bool in C:\xampp\htdocs\wordpress\wp-content\plugins\doku-payment\Module\JokulCheckoutModule.php on line 55
[06-Sep-2026 08:45:41 UTC] PHP Warning:  Trying to access array offset on value of type bool in C:\xampp\htdocs\wordpress\wp-content\plugins\doku-payment\Module\JokulCheckoutModule.php on line 56
[06-Sep-2026 08:45:41 UTC] PHP Warning:  Trying to access array offset on value of type bool in C:\xampp\htdocs\wordpress\wp-content\plugins\doku-payment\Module\JokulCheckoutModule.php on line 57
[06-Sep-2026 08:45:41 UTC] PHP Warning:  Trying to access array offset on value of type bool in C:\xampp\htdocs\wordpress\wp-content\plugins\doku-payment\Module\JokulCheckoutModule.php on line 58
[06-Sep-2026 08:45:41 UTC] PHP Warning:  Trying to access array offset on value of type bool in C:\xampp\htdocs\wordpress\wp-content\plugins\doku-payment\Module\JokulCheckoutModule.php on line 59
[06-Sep-2026 08:45:41 UTC] PHP Warning:  Trying to access array offset on value of type bool in C:\xampp\htdocs\wordpress\wp-content\plugins\doku-payment\Module\JokulCheckoutModule.php on line 60
[06-Sep-2026 08:45:41 UTC] PHP Warning:  Trying to access array offset on value of type bool in C:\xampp\htdocs\wordpress\wp-content\plugins\doku-payment\Module\JokulCheckoutModule.php on line 69
[06-Sep-2026 08:45:41 UTC] PHP Warning:  Trying to access array offset on value of type bool in C:\xampp\htdocs\wordpress\wp-content\plugins\doku-payment\Module\JokulCheckoutModule.php on line 70
[06-Sep-2026 08:45:43 UTC] PHP Warning:  Trying to access array offset on value of type bool in C:\xampp\htdocs\wordpress\wp-content\plugins\doku-payment\Module\JokulCheckoutModule.php on line 51
[06-Sep-2026 08:45:43 UTC] PHP Warning:  Trying to access array offset on value of type bool in C:\xampp\htdocs\wordpress\wp-content\plugins\doku-payment\Module\JokulCheckoutModule.php on line 52
[06-Sep-2026 08:45:43 UTC] PHP Warning:  Trying to access array offset on value of type bool in C:\xampp\htdocs\wordpress\wp-content\plugins\doku-payment\Module\JokulCheckoutModule.php on line 53
[06-Sep-2026 08:45:43 UTC] PHP Warning:  Trying to access array offset on value of type bool in C:\xampp\htdocs\wordpress\wp-content\plugins\doku-payment\Module\JokulCheckoutModule.php on line 54
[06-Sep-2026 08:45:43 UTC] PHP Warning:  Trying to access array offset on value of type bool in C:\xampp\htdocs\wordpress\wp-content\plugins\doku-payment\Module\JokulCheckoutModule.php on line 55
[06-Sep-2026 08:45:43 UTC] PHP Warning:  Trying to access array offset on value of type bool in C:\xampp\htdocs\wordpress\wp-content\plugins\doku-payment\Module\JokulCheckoutModule.php on line 56
[06-Sep-2026 08:45:43 UTC] PHP Warning:  Trying to access array offset on value of type bool in C:\xampp\htdocs\wordpress\wp-content\plugins\doku-payment\Module\JokulCheckoutModule.php on line 57
[06-Sep-2026 08:45:43 UTC] PHP Warning:  Trying to access array offset on value of type bool in C:\xampp\htdocs\wordpress\wp-content\plugins\doku-payment\Module\JokulCheckoutModule.php on line 58
[06-Sep-2026 08:45:43 UTC] PHP Warning:  Trying to access array offset on value of type bool in C:\xampp\htdocs\wordpress\wp-content\plugins\doku-payment\Module\JokulCheckoutModule.php on line 59
[06-Sep-2026 08:45:43 UTC] PHP Warning:  Trying to access array offset on value of type bool in C:\xampp\htdocs\wordpress\wp-content\plugins\doku-payment\Module\JokulCheckoutModule.php on line 60
[06-Sep-2026 08:45:43 UTC] PHP Warning:  Trying to access array offset on value of type bool in C:\xampp\htdocs\wordpress\wp-content\plugins\doku-payment\Module\JokulCheckoutModule.php on line 69
[06-Sep-2026 08:45:43 UTC] PHP Warning:  Trying to access array offset on value of type bool in C:\xampp\htdocs\wordpress\wp-content\plugins\doku-payment\Module\JokulCheckoutModule.php on line 70
[06-Sep-2026 08:45:48 UTC] PHP Warning:  Trying to access array offset on value of type bool in C:\xampp\htdocs\wordpress\wp-content\plugins\doku-payment\Module\JokulCheckoutModule.php on line 51
[06-Sep-2026 08:45:48 UTC] PHP Warning:  Trying to access array offset on value of type bool in C:\xampp\htdocs\wordpress\wp-content\plugins\doku-payment\Module\JokulCheckoutModule.php on line 52
[06-Sep-2026 08:45:48 UTC] PHP Warning:  Trying to access array offset on value of type bool in C:\xampp\htdocs\wordpress\wp-content\plugins\doku-payment\Module\JokulCheckoutModule.php on line 53
[06-Sep-2026 08:45:48 UTC] PHP Warning:  Trying to access array offset on value of type bool in C:\xampp\htdocs\wordpress\wp-content\plugins\doku-payment\Module\JokulCheckoutModule.php on line 54
[06-Sep-2026 08:45:48 UTC] PHP Warning:  Trying to access array offset on value of type bool in C:\xampp\htdocs\wordpress\wp-content\plugins\doku-payment\Module\JokulCheckoutModule.php on line 55
[06-Sep-2026 08:45:48 UTC] PHP Warning:  Trying to access array offset on value of type bool in C:\xampp\htdocs\wordpress\wp-content\plugins\doku-payment\Module\JokulCheckoutModule.php on line 56
[06-Sep-2026 08:45:48 UTC] PHP Warning:  Trying to access array offset on value of type bool in C:\xampp\htdocs\wordpress\wp-content\plugins\doku-payment\Module\JokulCheckoutModule.php on line 51
[06-Sep-2026 08:45:48 UTC] PHP Warning:  Trying to access array offset on value of type bool in C:\xampp\htdocs\wordpress\wp-content\plugins\doku-payment\Module\JokulCheckoutModule.php on line 52
[06-Sep-2026 08:45:48 UTC] PHP Warning:  Trying to access array offset on value of type bool in C:\xampp\htdocs\wordpress\wp-content\plugins\doku-payment\Module\JokulCheckoutModule.php on line 57
[06-Sep-2026 08:45:48 UTC] PHP Warning:  Trying to access array offset on value of type bool in C:\xampp\htdocs\wordpress\wp-content\plugins\doku-payment\Module\JokulCheckoutModule.php on line 53
[06-Sep-2026 08:45:48 UTC] PHP Warning:  Trying to access array offset on value of type bool in C:\xampp\htdocs\wordpress\wp-content\plugins\doku-payment\Module\JokulCheckoutModule.php on line 58
[06-Sep-2026 08:45:48 UTC] PHP Warning:  Trying to access array offset on value of type bool in C:\xampp\htdocs\wordpress\wp-content\plugins\doku-payment\Module\JokulCheckoutModule.php on line 54
[06-Sep-2026 08:45:48 UTC] PHP Warning:  Trying to access array offset on value of type bool in C:\xampp\htdocs\wordpress\wp-content\plugins\doku-payment\Module\JokulCheckoutModule.php on line 59
[06-Sep-2026 08:45:48 UTC] PHP Warning:  Trying to access array offset on value of type bool in C:\xampp\htdocs\wordpress\wp-content\plugins\doku-payment\Module\JokulCheckoutModule.php on line 55
[06-Sep-2026 08:45:48 UTC] PHP Warning:  Trying to access array offset on value of type bool in C:\xampp\htdocs\wordpress\wp-content\plugins\doku-payment\Module\JokulCheckoutModule.php on line 60
[06-Sep-2026 08:45:48 UTC] PHP Warning:  Trying to access array offset on value of type bool in C:\xampp\htdocs\wordpress\wp-content\plugins\doku-payment\Module\JokulCheckoutModule.php on line 56
[06-Sep-2026 08:45:48 UTC] PHP Warning:  Trying to access array offset on value of type bool in C:\xampp\htdocs\wordpress\wp-content\plugins\doku-payment\Module\JokulCheckoutModule.php on line 69
[06-Sep-2026 08:45:48 UTC] PHP Warning:  Trying to access array offset on value of type bool in C:\xampp\htdocs\wordpress\wp-content\plugins\doku-payment\Module\JokulCheckoutModule.php on line 57
[06-Sep-2026 08:45:48 UTC] PHP Warning:  Trying to access array offset on value of type bool in C:\xampp\htdocs\wordpress\wp-content\plugins\doku-payment\Module\JokulCheckoutModule.php on line 70
[06-Sep-2026 08:45:48 UTC] PHP Warning:  Trying to access array offset on value of type bool in C:\xampp\htdocs\wordpress\wp-content\plugins\doku-payment\Module\JokulCheckoutModule.php on line 58
[06-Sep-2026 08:45:48 UTC] PHP Warning:  Trying to access array offset on value of type bool in C:\xampp\htdocs\wordpress\wp-content\plugins\doku-payment\Module\JokulCheckoutModule.php on line 59
[06-Sep-2026 08:45:48 UTC] PHP Warning:  Trying to access array offset on value of type bool in C:\xampp\htdocs\wordpress\wp-content\plugins\doku-payment\Module\JokulCheckoutModule.php on line 60
[06-Sep-2026 08:45:48 UTC] PHP Warning:  Trying to access array offset on value of type bool in C:\xampp\htdocs\wordpress\wp-content\plugins\doku-payment\Module\JokulCheckoutModule.php on line 69
[06-Sep-2026 08:45:48 UTC] PHP Warning:  Trying to access array offset on value of type bool in C:\xampp\htdocs\wordpress\wp-content\plugins\doku-payment\Module\JokulCheckoutModule.php on line 70
[06-Sep-2026 08:45:48 UTC] PHP Warning:  Trying to access array offset on value of type bool in C:\xampp\htdocs\wordpress\wp-content\plugins\doku-payment\Module\JokulCheckoutModule.php on line 51
[06-Sep-2026 08:45:48 UTC] PHP Warning:  Trying to access array offset on value of type bool in C:\xampp\htdocs\wordpress\wp-content\plugins\doku-payment\Module\JokulCheckoutModule.php on line 52
[06-Sep-2026 08:45:48 UTC] PHP Warning:  Trying to access array offset on value of type bool in C:\xampp\htdocs\wordpress\wp-content\plugins\doku-payment\Module\JokulCheckoutModule.php on line 53
[06-Sep-2026 08:45:48 UTC] PHP Warning:  Trying to access array offset on value of type bool in C:\xampp\htdocs\wordpress\wp-content\plugins\doku-payment\Module\JokulCheckoutModule.php on line 54
[06-Sep-2026 08:45:48 UTC] PHP Warning:  Trying to access array offset on value of type bool in C:\xampp\htdocs\wordpress\wp-content\plugins\doku-payment\Module\JokulCheckoutModule.php on line 55
[06-Sep-2026 08:45:48 UTC] PHP Warning:  Trying to access array offset on value of type bool in C:\xampp\htdocs\wordpress\wp-content\plugins\doku-payment\Module\JokulCheckoutModule.php on line 56
[06-Sep-2026 08:45:48 UTC] PHP Warning:  Trying to access array offset on value of type bool in C:\xampp\htdocs\wordpress\wp-content\plugins\doku-payment\Module\JokulCheckoutModule.php on line 57
[06-Sep-2026 08:45:48 UTC] PHP Warning:  Trying to access array offset on value of type bool in C:\xampp\htdocs\wordpress\wp-content\plugins\doku-payment\Module\JokulCheckoutModule.php on line 58
[06-Sep-2026 08:45:48 UTC] PHP Warning:  Trying to access array offset on value of type bool in C:\xampp\htdocs\wordpress\wp-content\plugins\doku-payment\Module\JokulCheckoutModule.php on line 59
[06-Sep-2026 08:45:48 UTC] PHP Warning:  Trying to access array offset on value of type bool in C:\xampp\htdocs\wordpress\wp-content\plugins\doku-payment\Module\JokulCheckoutModule.php on line 60
[06-Sep-2026 08:45:48 UTC] PHP Warning:  Trying to access array offset on value of type bool in C:\xampp\htdocs\wordpress\wp-content\plugins\doku-payment\Module\JokulCheckoutModule.php on line 69
[06-Sep-2026 08:45:48 UTC] PHP Warning:  Trying to access array offset on value of type bool in C:\xampp\htdocs\wordpress\wp-content\plugins\doku-payment\Module\JokulCheckoutModule.php on line 70
[06-Sep-2026 08:45:49 UTC] PHP Warning:  Trying to access array offset on value of type bool in C:\xampp\htdocs\wordpress\wp-content\plugins\doku-payment\Module\JokulCheckoutModule.php on line 51
[06-Sep-2026 08:45:49 UTC] PHP Warning:  Trying to access array offset on value of type bool in C:\xampp\htdocs\wordpress\wp-content\plugins\doku-payment\Module\JokulCheckoutModule.php on line 52
[06-Sep-2026 08:45:49 UTC] PHP Warning:  Trying to access array offset on value of type bool in C:\xampp\htdocs\wordpress\wp-content\plugins\doku-payment\Module\JokulCheckoutModule.php on line 53
[06-Sep-2026 08:45:49 UTC] PHP Warning:  Trying to access array offset on value of type bool in C:\xampp\htdocs\wordpress\wp-content\plugins\doku-payment\Module\JokulCheckoutModule.php on line 54
[06-Sep-2026 08:45:49 UTC] PHP Warning:  Trying to access array offset on value of type bool in C:\xampp\htdocs\wordpress\wp-content\plugins\doku-payment\Module\JokulCheckoutModule.php on line 55
[06-Sep-2026 08:45:49 UTC] PHP Warning:  Trying to access array offset on value of type bool in C:\xampp\htdocs\wordpress\wp-content\plugins\doku-payment\Module\JokulCheckoutModule.php on line 56
[06-Sep-2026 08:45:49 UTC] PHP Warning:  Trying to access array offset on value of type bool in C:\xampp\htdocs\wordpress\wp-content\plugins\doku-payment\Module\JokulCheckoutModule.php on line 57
[06-Sep-2026 08:45:49 UTC] PHP Warning:  Trying to access array offset on value of type bool in C:\xampp\htdocs\wordpress\wp-content\plugins\doku-payment\Module\JokulCheckoutModule.php on line 58
[06-Sep-2026 08:45:49 UTC] PHP Warning:  Trying to access array offset on value of type bool in C:\xampp\htdocs\wordpress\wp-content\plugins\doku-payment\Module\JokulCheckoutModule.php on line 59
[06-Sep-2026 08:45:49 UTC] PHP Warning:  Trying to access array offset on value of type bool in C:\xampp\htdocs\wordpress\wp-content\plugins\doku-payment\Module\JokulCheckoutModule.php on line 60
[06-Sep-2026 08:45:49 UTC] PHP Warning:  Trying to access array offset on value of type bool in C:\xampp\htdocs\wordpress\wp-content\plugins\doku-payment\Module\JokulCheckoutModule.php on line 69
[06-Sep-2026 08:45:49 UTC] PHP Warning:  Trying to access array offset on value of type bool in C:\xampp\htdocs\wordpress\wp-content\plugins\doku-payment\Module\JokulCheckoutModule.php on line 70
[06-Sep-2026 08:45:51 UTC] PHP Warning:  Trying to access array offset on value of type bool in C:\xampp\htdocs\wordpress\wp-content\plugins\doku-payment\Module\JokulCheckoutModule.php on line 51
[06-Sep-2026 08:45:51 UTC] PHP Warning:  Trying to access array offset on value of type bool in C:\xampp\htdocs\wordpress\wp-content\plugins\doku-payment\Module\JokulCheckoutModule.php on line 52
[06-Sep-2026 08:45:51 UTC] PHP Warning:  Trying to access array offset on value of type bool in C:\xampp\htdocs\wordpress\wp-content\plugins\doku-payment\Module\JokulCheckoutModule.php on line 53
[06-Sep-2026 08:45:51 UTC] PHP Warning:  Trying to access array offset on value of type bool in C:\xampp\htdocs\wordpress\wp-content\plugins\doku-payment\Module\JokulCheckoutModule.php on line 54
[06-Sep-2026 08:45:51 UTC] PHP Warning:  Trying to access array offset on value of type bool in C:\xampp\htdocs\wordpress\wp-content\plugins\doku-payment\Module\JokulCheckoutModule.php on line 55
[06-Sep-2026 08:45:51 UTC] PHP Warning:  Trying to access array offset on value of type bool in C:\xampp\htdocs\wordpress\wp-content\plugins\doku-payment\Module\JokulCheckoutModule.php on line 56
[06-Sep-2026 08:45:51 UTC] PHP Warning:  Trying to access array offset on value of type bool in C:\xampp\htdocs\wordpress\wp-content\plugins\doku-payment\Module\JokulCheckoutModule.php on line 57
[06-Sep-2026 08:45:51 UTC] PHP Warning:  Trying to access array offset on value of type bool in C:\xampp\htdocs\wordpress\wp-content\plugins\doku-payment\Module\JokulCheckoutModule.php on line 58
[06-Sep-2026 08:45:51 UTC] PHP Warning:  Trying to access array offset on value of type bool in C:\xampp\htdocs\wordpress\wp-content\plugins\doku-payment\Module\JokulCheckoutModule.php on line 59
[06-Sep-2026 08:45:51 UTC] PHP Warning:  Trying to access array offset on value of type bool in C:\xampp\htdocs\wordpress\wp-content\plugins\doku-payment\Module\JokulCheckoutModule.php on line 60
[06-Sep-2026 08:45:51 UTC] PHP Warning:  Trying to access array offset on value of type bool in C:\xampp\htdocs\wordpress\wp-content\plugins\doku-payment\Module\JokulCheckoutModule.php on line 69
[06-Sep-2026 08:45:51 UTC] PHP Warning:  Trying to access array offset on value of type bool in C:\xampp\htdocs\wordpress\wp-content\plugins\doku-payment\Module\JokulCheckoutModule.php on line 70
[06-Sep-2026 08:45:55 UTC] PHP Warning:  Trying to access array offset on value of type bool in C:\xampp\htdocs\wordpress\wp-content\plugins\doku-payment\Module\JokulCheckoutModule.php on line 51
[06-Sep-2026 08:45:55 UTC] PHP Warning:  Trying to access array offset on value of type bool in C:\xampp\htdocs\wordpress\wp-content\plugins\doku-payment\Module\JokulCheckoutModule.php on line 52
[06-Sep-2026 08:45:55 UTC] PHP Warning:  Trying to access array offset on value of type bool in C:\xampp\htdocs\wordpress\wp-content\plugins\doku-payment\Module\JokulCheckoutModule.php on line 53
[06-Sep-2026 08:45:55 UTC] PHP Warning:  Trying to access array offset on value of type bool in C:\xampp\htdocs\wordpress\wp-content\plugins\doku-payment\Module\JokulCheckoutModule.php on line 54
[06-Sep-2026 08:45:55 UTC] PHP Warning:  Trying to access array offset on value of type bool in C:\xampp\htdocs\wordpress\wp-content\plugins\doku-payment\Module\JokulCheckoutModule.php on line 55
[06-Sep-2026 08:45:55 UTC] PHP Warning:  Trying to access array offset on value of type bool in C:\xampp\htdocs\wordpress\wp-content\plugins\doku-payment\Module\JokulCheckoutModule.php on line 51
[06-Sep-2026 08:45:55 UTC] PHP Warning:  Trying to access array offset on value of type bool in C:\xampp\htdocs\wordpress\wp-content\plugins\doku-payment\Module\JokulCheckoutModule.php on line 52
[06-Sep-2026 08:45:55 UTC] PHP Warning:  Trying to access array offset on value of type bool in C:\xampp\htdocs\wordpress\wp-content\plugins\doku-payment\Module\JokulCheckoutModule.php on line 53
[06-Sep-2026 08:45:55 UTC] PHP Warning:  Trying to access array offset on value of type bool in C:\xampp\htdocs\wordpress\wp-content\plugins\doku-payment\Module\JokulCheckoutModule.php on line 56
[06-Sep-2026 08:45:55 UTC] PHP Warning:  Trying to access array offset on value of type bool in C:\xampp\htdocs\wordpress\wp-content\plugins\doku-payment\Module\JokulCheckoutModule.php on line 54
[06-Sep-2026 08:45:55 UTC] PHP Warning:  Trying to access array offset on value of type bool in C:\xampp\htdocs\wordpress\wp-content\plugins\doku-payment\Module\JokulCheckoutModule.php on line 57
[06-Sep-2026 08:45:55 UTC] PHP Warning:  Trying to access array offset on value of type bool in C:\xampp\htdocs\wordpress\wp-content\plugins\doku-payment\Module\JokulCheckoutModule.php on line 55
[06-Sep-2026 08:45:55 UTC] PHP Warning:  Trying to access array offset on value of type bool in C:\xampp\htdocs\wordpress\wp-content\plugins\doku-payment\Module\JokulCheckoutModule.php on line 58
[06-Sep-2026 08:45:55 UTC] PHP Warning:  Trying to access array offset on value of type bool in C:\xampp\htdocs\wordpress\wp-content\plugins\doku-payment\Module\JokulCheckoutModule.php on line 56
[06-Sep-2026 08:45:55 UTC] PHP Warning:  Trying to access array offset on value of type bool in C:\xampp\htdocs\wordpress\wp-content\plugins\doku-payment\Module\JokulCheckoutModule.php on line 59
[06-Sep-2026 08:45:55 UTC] PHP Warning:  Trying to access array offset on value of type bool in C:\xampp\htdocs\wordpress\wp-content\plugins\doku-payment\Module\JokulCheckoutModule.php on line 60
[06-Sep-2026 08:45:55 UTC] PHP Warning:  Trying to access array offset on value of type bool in C:\xampp\htdocs\wordpress\wp-content\plugins\doku-payment\Module\JokulCheckoutModule.php on line 57
[06-Sep-2026 08:45:55 UTC] PHP Warning:  Trying to access array offset on value of type bool in C:\xampp\htdocs\wordpress\wp-content\plugins\doku-payment\Module\JokulCheckoutModule.php on line 58
[06-Sep-2026 08:45:55 UTC] PHP Warning:  Trying to access array offset on value of type bool in C:\xampp\htdocs\wordpress\wp-content\plugins\doku-payment\Module\JokulCheckoutModule.php on line 69
[06-Sep-2026 08:45:55 UTC] PHP Warning:  Trying to access array offset on value of type bool in C:\xampp\htdocs\wordpress\wp-content\plugins\doku-payment\Module\JokulCheckoutModule.php on line 59
[06-Sep-2026 08:45:55 UTC] PHP Warning:  Trying to access array offset on value of type bool in C:\xampp\htdocs\wordpress\wp-content\plugins\doku-payment\Module\JokulCheckoutModule.php on line 70
[06-Sep-2026 08:45:55 UTC] PHP Warning:  Trying to access array offset on value of type bool in C:\xampp\htdocs\wordpress\wp-content\plugins\doku-payment\Module\JokulCheckoutModule.php on line 60
[06-Sep-2026 08:45:55 UTC] PHP Warning:  Trying to access array offset on value of type bool in C:\xampp\htdocs\wordpress\wp-content\plugins\doku-payment\Module\JokulCheckoutModule.php on line 69
[06-Sep-2026 08:45:55 UTC] PHP Warning:  Trying to access array offset on value of type bool in C:\xampp\htdocs\wordpress\wp-content\plugins\doku-payment\Module\JokulCheckoutModule.php on line 70
[06-Sep-2026 08:45:55 UTC] PHP Warning:  Trying to access array offset on value of type bool in C:\xampp\htdocs\wordpress\wp-content\plugins\doku-payment\Module\JokulCheckoutModule.php on line 51
[06-Sep-2026 08:45:55 UTC] PHP Warning:  Trying to access array offset on value of type bool in C:\xampp\htdocs\wordpress\wp-content\plugins\doku-payment\Module\JokulCheckoutModule.php on line 52
[06-Sep-2026 08:45:55 UTC] PHP Warning:  Trying to access array offset on value of type bool in C:\xampp\htdocs\wordpress\wp-content\plugins\doku-payment\Module\JokulCheckoutModule.php on line 53
[06-Sep-2026 08:45:55 UTC] PHP Warning:  Trying to access array offset on value of type bool in C:\xampp\htdocs\wordpress\wp-content\plugins\doku-payment\Module\JokulCheckoutModule.php on line 54
[06-Sep-2026 08:45:55 UTC] PHP Warning:  Trying to access array offset on value of type bool in C:\xampp\htdocs\wordpress\wp-content\plugins\doku-payment\Module\JokulCheckoutModule.php on line 55
[06-Sep-2026 08:45:55 UTC] PHP Warning:  Trying to access array offset on value of type bool in C:\xampp\htdocs\wordpress\wp-content\plugins\doku-payment\Module\JokulCheckoutModule.php on line 56
[06-Sep-2026 08:45:55 UTC] PHP Warning:  Trying to access array offset on value of type bool in C:\xampp\htdocs\wordpress\wp-content\plugins\doku-payment\Module\JokulCheckoutModule.php on line 57
[06-Sep-2026 08:45:55 UTC] PHP Warning:  Trying to access array offset on value of type bool in C:\xampp\htdocs\wordpress\wp-content\plugins\doku-payment\Module\JokulCheckoutModule.php on line 58
[06-Sep-2026 08:45:55 UTC] PHP Warning:  Trying to access array offset on value of type bool in C:\xampp\htdocs\wordpress\wp-content\plugins\doku-payment\Module\JokulCheckoutModule.php on line 59
[06-Sep-2026 08:45:55 UTC] PHP Warning:  Trying to access array offset on value of type bool in C:\xampp\htdocs\wordpress\wp-content\plugins\doku-payment\Module\JokulCheckoutModule.php on line 60
[06-Sep-2026 08:45:55 UTC] PHP Warning:  Trying to access array offset on value of type bool in C:\xampp\htdocs\wordpress\wp-content\plugins\doku-payment\Module\JokulCheckoutModule.php on line 69
[06-Sep-2026 08:45:55 UTC] PHP Warning:  Trying to access array offset on value of type bool in C:\xampp\htdocs\wordpress\wp-content\plugins\doku-payment\Module\JokulCheckoutModule.php on line 70
[06-Sep-2026 08:46:04 UTC] PHP Warning:  Trying to access array offset on value of type bool in C:\xampp\htdocs\wordpress\wp-content\plugins\doku-payment\Module\JokulCheckoutModule.php on line 51
[06-Sep-2026 08:46:04 UTC] PHP Warning:  Trying to access array offset on value of type bool in C:\xampp\htdocs\wordpress\wp-content\plugins\doku-payment\Module\JokulCheckoutModule.php on line 52
[06-Sep-2026 08:46:04 UTC] PHP Warning:  Trying to access array offset on value of type bool in C:\xampp\htdocs\wordpress\wp-content\plugins\doku-payment\Module\JokulCheckoutModule.php on line 53
[06-Sep-2026 08:46:04 UTC] PHP Warning:  Trying to access array offset on value of type bool in C:\xampp\htdocs\wordpress\wp-content\plugins\doku-payment\Module\JokulCheckoutModule.php on line 54
[06-Sep-2026 08:46:04 UTC] PHP Warning:  Trying to access array offset on value of type bool in C:\xampp\htdocs\wordpress\wp-content\plugins\doku-payment\Module\JokulCheckoutModule.php on line 55
[06-Sep-2026 08:46:04 UTC] PHP Warning:  Trying to access array offset on value of type bool in C:\xampp\htdocs\wordpress\wp-content\plugins\doku-payment\Module\JokulCheckoutModule.php on line 56
[06-Sep-2026 08:46:04 UTC] PHP Warning:  Trying to access array offset on value of type bool in C:\xampp\htdocs\wordpress\wp-content\plugins\doku-payment\Module\JokulCheckoutModule.php on line 57
[06-Sep-2026 08:46:04 UTC] PHP Warning:  Trying to access array offset on value of type bool in C:\xampp\htdocs\wordpress\wp-content\plugins\doku-payment\Module\JokulCheckoutModule.php on line 58
[06-Sep-2026 08:46:04 UTC] PHP Warning:  Trying to access array offset on value of type bool in C:\xampp\htdocs\wordpress\wp-content\plugins\doku-payment\Module\JokulCheckoutModule.php on line 59
[06-Sep-2026 08:46:04 UTC] PHP Warning:  Trying to access array offset on value of type bool in C:\xampp\htdocs\wordpress\wp-content\plugins\doku-payment\Module\JokulCheckoutModule.php on line 60
[06-Sep-2026 08:46:04 UTC] PHP Warning:  Trying to access array offset on value of type bool in C:\xampp\htdocs\wordpress\wp-content\plugins\doku-payment\Module\JokulCheckoutModule.php on line 69
[06-Sep-2026 08:46:04 UTC] PHP Warning:  Trying to access array offset on value of type bool in C:\xampp\htdocs\wordpress\wp-content\plugins\doku-payment\Module\JokulCheckoutModule.php on line 70
[06-Sep-2026 08:46:06 UTC] PHP Warning:  Trying to access array offset on value of type bool in C:\xampp\htdocs\wordpress\wp-content\plugins\doku-payment\Module\JokulCheckoutModule.php on line 51
[06-Sep-2026 08:46:06 UTC] PHP Warning:  Trying to access array offset on value of type bool in C:\xampp\htdocs\wordpress\wp-content\plugins\doku-payment\Module\JokulCheckoutModule.php on line 52
[06-Sep-2026 08:46:06 UTC] PHP Warning:  Trying to access array offset on value of type bool in C:\xampp\htdocs\wordpress\wp-content\plugins\doku-payment\Module\JokulCheckoutModule.php on line 53
[06-Sep-2026 08:46:06 UTC] PHP Warning:  Trying to access array offset on value of type bool in C:\xampp\htdocs\wordpress\wp-content\plugins\doku-payment\Module\JokulCheckoutModule.php on line 54
[06-Sep-2026 08:46:06 UTC] PHP Warning:  Trying to access array offset on value of type bool in C:\xampp\htdocs\wordpress\wp-content\plugins\doku-payment\Module\JokulCheckoutModule.php on line 55
[06-Sep-2026 08:46:06 UTC] PHP Warning:  Trying to access array offset on value of type bool in C:\xampp\htdocs\wordpress\wp-content\plugins\doku-payment\Module\JokulCheckoutModule.php on line 56
[06-Sep-2026 08:46:06 UTC] PHP Warning:  Trying to access array offset on value of type bool in C:\xampp\htdocs\wordpress\wp-content\plugins\doku-payment\Module\JokulCheckoutModule.php on line 57
[06-Sep-2026 08:46:06 UTC] PHP Warning:  Trying to access array offset on value of type bool in C:\xampp\htdocs\wordpress\wp-content\plugins\doku-payment\Module\JokulCheckoutModule.php on line 58
[06-Sep-2026 08:46:06 UTC] PHP Warning:  Trying to access array offset on value of type bool in C:\xampp\htdocs\wordpress\wp-content\plugins\doku-payment\Module\JokulCheckoutModule.php on line 59
[06-Sep-2026 08:46:06 UTC] PHP Warning:  Trying to access array offset on value of type bool in C:\xampp\htdocs\wordpress\wp-content\plugins\doku-payment\Module\JokulCheckoutModule.php on line 60
[06-Sep-2026 08:46:06 UTC] PHP Warning:  Trying to access array offset on value of type bool in C:\xampp\htdocs\wordpress\wp-content\plugins\doku-payment\Module\JokulCheckoutModule.php on line 69
[06-Sep-2026 08:46:06 UTC] PHP Warning:  Trying to access array offset on value of type bool in C:\xampp\htdocs\wordpress\wp-content\plugins\doku-payment\Module\JokulCheckoutModule.php on line 70
[06-Sep-2026 08:46:09 UTC] PHP Warning:  Trying to access array offset on value of type bool in C:\xampp\htdocs\wordpress\wp-content\plugins\doku-payment\Module\JokulCheckoutModule.php on line 51
[06-Sep-2026 08:46:09 UTC] PHP Warning:  Trying to access array offset on value of type bool in C:\xampp\htdocs\wordpress\wp-content\plugins\doku-payment\Module\JokulCheckoutModule.php on line 52
[06-Sep-2026 08:46:09 UTC] PHP Warning:  Trying to access array offset on value of type bool in C:\xampp\htdocs\wordpress\wp-content\plugins\doku-payment\Module\JokulCheckoutModule.php on line 53
[06-Sep-2026 08:46:09 UTC] PHP Warning:  Trying to access array offset on value of type bool in C:\xampp\htdocs\wordpress\wp-content\plugins\doku-payment\Module\JokulCheckoutModule.php on line 54
[06-Sep-2026 08:46:09 UTC] PHP Warning:  Trying to access array offset on value of type bool in C:\xampp\htdocs\wordpress\wp-content\plugins\doku-payment\Module\JokulCheckoutModule.php on line 55
[06-Sep-2026 08:46:09 UTC] PHP Warning:  Trying to access array offset on value of type bool in C:\xampp\htdocs\wordpress\wp-content\plugins\doku-payment\Module\JokulCheckoutModule.php on line 56
[06-Sep-2026 08:46:09 UTC] PHP Warning:  Trying to access array offset on value of type bool in C:\xampp\htdocs\wordpress\wp-content\plugins\doku-payment\Module\JokulCheckoutModule.php on line 57
[06-Sep-2026 08:46:09 UTC] PHP Warning:  Trying to access array offset on value of type bool in C:\xampp\htdocs\wordpress\wp-content\plugins\doku-payment\Module\JokulCheckoutModule.php on line 58
[06-Sep-2026 08:46:09 UTC] PHP Warning:  Trying to access array offset on value of type bool in C:\xampp\htdocs\wordpress\wp-content\plugins\doku-payment\Module\JokulCheckoutModule.php on line 59
[06-Sep-2026 08:46:09 UTC] PHP Warning:  Trying to access array offset on value of type bool in C:\xampp\htdocs\wordpress\wp-content\plugins\doku-payment\Module\JokulCheckoutModule.php on line 60
[06-Sep-2026 08:46:09 UTC] PHP Warning:  Trying to access array offset on value of type bool in C:\xampp\htdocs\wordpress\wp-content\plugins\doku-payment\Module\JokulCheckoutModule.php on line 69
[06-Sep-2026 08:46:09 UTC] PHP Warning:  Trying to access array offset on value of type bool in C:\xampp\htdocs\wordpress\wp-content\plugins\doku-payment\Module\JokulCheckoutModule.php on line 70
[06-Sep-2026 08:46:09 UTC] PHP Warning:  Trying to access array offset on value of type bool in C:\xampp\htdocs\wordpress\wp-content\plugins\doku-payment\Module\JokulCheckoutModule.php on line 51
[06-Sep-2026 08:46:09 UTC] PHP Warning:  Trying to access array offset on value of type bool in C:\xampp\htdocs\wordpress\wp-content\plugins\doku-payment\Module\JokulCheckoutModule.php on line 52
[06-Sep-2026 08:46:09 UTC] PHP Warning:  Trying to access array offset on value of type bool in C:\xampp\htdocs\wordpress\wp-content\plugins\doku-payment\Module\JokulCheckoutModule.php on line 53
[06-Sep-2026 08:46:09 UTC] PHP Warning:  Trying to access array offset on value of type bool in C:\xampp\htdocs\wordpress\wp-content\plugins\doku-payment\Module\JokulCheckoutModule.php on line 54
[06-Sep-2026 08:46:09 UTC] PHP Warning:  Trying to access array offset on value of type bool in C:\xampp\htdocs\wordpress\wp-content\plugins\doku-payment\Module\JokulCheckoutModule.php on line 55
[06-Sep-2026 08:46:09 UTC] PHP Warning:  Trying to access array offset on value of type bool in C:\xampp\htdocs\wordpress\wp-content\plugins\doku-payment\Module\JokulCheckoutModule.php on line 56
[06-Sep-2026 08:46:09 UTC] PHP Warning:  Trying to access array offset on value of type bool in C:\xampp\htdocs\wordpress\wp-content\plugins\doku-payment\Module\JokulCheckoutModule.php on line 57
[06-Sep-2026 08:46:09 UTC] PHP Warning:  Trying to access array offset on value of type bool in C:\xampp\htdocs\wordpress\wp-content\plugins\doku-payment\Module\JokulCheckoutModule.php on line 58
[06-Sep-2026 08:46:09 UTC] PHP Warning:  Trying to access array offset on value of type bool in C:\xampp\htdocs\wordpress\wp-content\plugins\doku-payment\Module\JokulCheckoutModule.php on line 59
[06-Sep-2026 08:46:09 UTC] PHP Warning:  Trying to access array offset on value of type bool in C:\xampp\htdocs\wordpress\wp-content\plugins\doku-payment\Module\JokulCheckoutModule.php on line 60
[06-Sep-2026 08:46:09 UTC] PHP Warning:  Trying to access array offset on value of type bool in C:\xampp\htdocs\wordpress\wp-content\plugins\doku-payment\Module\JokulCheckoutModule.php on line 69
[06-Sep-2026 08:46:09 UTC] PHP Warning:  Trying to access array offset on value of type bool in C:\xampp\htdocs\wordpress\wp-content\plugins\doku-payment\Module\JokulCheckoutModule.php on line 70
[06-Sep-2026 08:46:09 UTC] PHP Warning:  Trying to access array offset on value of type bool in C:\xampp\htdocs\wordpress\wp-content\plugins\doku-payment\Module\JokulCheckoutModule.php on line 51
[06-Sep-2026 08:46:09 UTC] PHP Warning:  Trying to access array offset on value of type bool in C:\xampp\htdocs\wordpress\wp-content\plugins\doku-payment\Module\JokulCheckoutModule.php on line 52
[06-Sep-2026 08:46:09 UTC] PHP Warning:  Trying to access array offset on value of type bool in C:\xampp\htdocs\wordpress\wp-content\plugins\doku-payment\Module\JokulCheckoutModule.php on line 53
[06-Sep-2026 08:46:09 UTC] PHP Warning:  Trying to access array offset on value of type bool in C:\xampp\htdocs\wordpress\wp-content\plugins\doku-payment\Module\JokulCheckoutModule.php on line 54
[06-Sep-2026 08:46:09 UTC] PHP Warning:  Trying to access array offset on value of type bool in C:\xampp\htdocs\wordpress\wp-content\plugins\doku-payment\Module\JokulCheckoutModule.php on line 55
[06-Sep-2026 08:46:09 UTC] PHP Warning:  Trying to access array offset on value of type bool in C:\xampp\htdocs\wordpress\wp-content\plugins\doku-payment\Module\JokulCheckoutModule.php on line 56
[06-Sep-2026 08:46:09 UTC] PHP Warning:  Trying to access array offset on value of type bool in C:\xampp\htdocs\wordpress\wp-content\plugins\doku-payment\Module\JokulCheckoutModule.php on line 57
[06-Sep-2026 08:46:09 UTC] PHP Warning:  Trying to access array offset on value of type bool in C:\xampp\htdocs\wordpress\wp-content\plugins\doku-payment\Module\JokulCheckoutModule.php on line 58
[06-Sep-2026 08:46:09 UTC] PHP Warning:  Trying to access array offset on value of type bool in C:\xampp\htdocs\wordpress\wp-content\plugins\doku-payment\Module\JokulCheckoutModule.php on line 59
[06-Sep-2026 08:46:09 UTC] PHP Warning:  Trying to access array offset on value of type bool in C:\xampp\htdocs\wordpress\wp-content\plugins\doku-payment\Module\JokulCheckoutModule.php on line 60
[06-Sep-2026 08:46:09 UTC] PHP Warning:  Trying to access array offset on value of type bool in C:\xampp\htdocs\wordpress\wp-content\plugins\doku-payment\Module\JokulCheckoutModule.php on line 69
[06-Sep-2026 08:46:09 UTC] PHP Warning:  Trying to access array offset on value of type bool in C:\xampp\htdocs\wordpress\wp-content\plugins\doku-payment\Module\JokulCheckoutModule.php on line 70
[06-Sep-2026 08:46:10 UTC] PHP Warning:  Trying to access array offset on value of type bool in C:\xampp\htdocs\wordpress\wp-content\plugins\doku-payment\Module\JokulCheckoutModule.php on line 51
[06-Sep-2026 08:46:10 UTC] PHP Warning:  Trying to access array offset on value of type bool in C:\xampp\htdocs\wordpress\wp-content\plugins\doku-payment\Module\JokulCheckoutModule.php on line 52
[06-Sep-2026 08:46:10 UTC] PHP Warning:  Trying to access array offset on value of type bool in C:\xampp\htdocs\wordpress\wp-content\plugins\doku-payment\Module\JokulCheckoutModule.php on line 53
[06-Sep-2026 08:46:10 UTC] PHP Warning:  Trying to access array offset on value of type bool in C:\xampp\htdocs\wordpress\wp-content\plugins\doku-payment\Module\JokulCheckoutModule.php on line 54
[06-Sep-2026 08:46:10 UTC] PHP Warning:  Trying to access array offset on value of type bool in C:\xampp\htdocs\wordpress\wp-content\plugins\doku-payment\Module\JokulCheckoutModule.php on line 55
[06-Sep-2026 08:46:10 UTC] PHP Warning:  Trying to access array offset on value of type bool in C:\xampp\htdocs\wordpress\wp-content\plugins\doku-payment\Module\JokulCheckoutModule.php on line 56
[06-Sep-2026 08:46:10 UTC] PHP Warning:  Trying to access array offset on value of type bool in C:\xampp\htdocs\wordpress\wp-content\plugins\doku-payment\Module\JokulCheckoutModule.php on line 57
[06-Sep-2026 08:46:10 UTC] PHP Warning:  Trying to access array offset on value of type bool in C:\xampp\htdocs\wordpress\wp-content\plugins\doku-payment\Module\JokulCheckoutModule.php on line 58
[06-Sep-2026 08:46:10 UTC] PHP Warning:  Trying to access array offset on value of type bool in C:\xampp\htdocs\wordpress\wp-content\plugins\doku-payment\Module\JokulCheckoutModule.php on line 59
[06-Sep-2026 08:46:10 UTC] PHP Warning:  Trying to access array offset on value of type bool in C:\xampp\htdocs\wordpress\wp-content\plugins\doku-payment\Module\JokulCheckoutModule.php on line 60
[06-Sep-2026 08:46:10 UTC] PHP Warning:  Trying to access array offset on value of type bool in C:\xampp\htdocs\wordpress\wp-content\plugins\doku-payment\Module\JokulCheckoutModule.php on line 69
[06-Sep-2026 08:46:10 UTC] PHP Warning:  Trying to access array offset on value of type bool in C:\xampp\htdocs\wordpress\wp-content\plugins\doku-payment\Module\JokulCheckoutModule.php on line 70
[06-Sep-2026 08:46:26 UTC] PHP Warning:  Trying to access array offset on value of type bool in C:\xampp\htdocs\wordpress\wp-content\plugins\doku-payment\Module\JokulCheckoutModule.php on line 51
[06-Sep-2026 08:46:26 UTC] PHP Warning:  Trying to access array offset on value of type bool in C:\xampp\htdocs\wordpress\wp-content\plugins\doku-payment\Module\JokulCheckoutModule.php on line 52
[06-Sep-2026 08:46:26 UTC] PHP Warning:  Trying to access array offset on value of type bool in C:\xampp\htdocs\wordpress\wp-content\plugins\doku-payment\Module\JokulCheckoutModule.php on line 53
[06-Sep-2026 08:46:26 UTC] PHP Warning:  Trying to access array offset on value of type bool in C:\xampp\htdocs\wordpress\wp-content\plugins\doku-payment\Module\JokulCheckoutModule.php on line 54
[06-Sep-2026 08:46:26 UTC] PHP Warning:  Trying to access array offset on value of type bool in C:\xampp\htdocs\wordpress\wp-content\plugins\doku-payment\Module\JokulCheckoutModule.php on line 55
[06-Sep-2026 08:46:26 UTC] PHP Warning:  Trying to access array offset on value of type bool in C:\xampp\htdocs\wordpress\wp-content\plugins\doku-payment\Module\JokulCheckoutModule.php on line 56
[06-Sep-2026 08:46:26 UTC] PHP Warning:  Trying to access array offset on value of type bool in C:\xampp\htdocs\wordpress\wp-content\plugins\doku-payment\Module\JokulCheckoutModule.php on line 57
[06-Sep-2026 08:46:26 UTC] PHP Warning:  Trying to access array offset on value of type bool in C:\xampp\htdocs\wordpress\wp-content\plugins\doku-payment\Module\JokulCheckoutModule.php on line 58
[06-Sep-2026 08:46:26 UTC] PHP Warning:  Trying to access array offset on value of type bool in C:\xampp\htdocs\wordpress\wp-content\plugins\doku-payment\Module\JokulCheckoutModule.php on line 59
[06-Sep-2026 08:46:26 UTC] PHP Warning:  Trying to access array offset on value of type bool in C:\xampp\htdocs\wordpress\wp-content\plugins\doku-payment\Module\JokulCheckoutModule.php on line 60
[06-Sep-2026 08:46:26 UTC] PHP Warning:  Trying to access array offset on value of type bool in C:\xampp\htdocs\wordpress\wp-content\plugins\doku-payment\Module\JokulCheckoutModule.php on line 69
[06-Sep-2026 08:46:26 UTC] PHP Warning:  Trying to access array offset on value of type bool in C:\xampp\htdocs\wordpress\wp-content\plugins\doku-payment\Module\JokulCheckoutModule.php on line 70
[06-Sep-2026 08:46:26 UTC] PHP Warning:  Trying to access array offset on value of type bool in C:\xampp\htdocs\wordpress\wp-content\plugins\doku-payment\Module\JokulCheckoutModule.php on line 51
[06-Sep-2026 08:46:26 UTC] PHP Warning:  Trying to access array offset on value of type bool in C:\xampp\htdocs\wordpress\wp-content\plugins\doku-payment\Module\JokulCheckoutModule.php on line 52
[06-Sep-2026 08:46:26 UTC] PHP Warning:  Trying to access array offset on value of type bool in C:\xampp\htdocs\wordpress\wp-content\plugins\doku-payment\Module\JokulCheckoutModule.php on line 53
[06-Sep-2026 08:46:26 UTC] PHP Warning:  Trying to access array offset on value of type bool in C:\xampp\htdocs\wordpress\wp-content\plugins\doku-payment\Module\JokulCheckoutModule.php on line 54
[06-Sep-2026 08:46:26 UTC] PHP Warning:  Trying to access array offset on value of type bool in C:\xampp\htdocs\wordpress\wp-content\plugins\doku-payment\Module\JokulCheckoutModule.php on line 55
[06-Sep-2026 08:46:26 UTC] PHP Warning:  Trying to access array offset on value of type bool in C:\xampp\htdocs\wordpress\wp-content\plugins\doku-payment\Module\JokulCheckoutModule.php on line 56
[06-Sep-2026 08:46:26 UTC] PHP Warning:  Trying to access array offset on value of type bool in C:\xampp\htdocs\wordpress\wp-content\plugins\doku-payment\Module\JokulCheckoutModule.php on line 57
[06-Sep-2026 08:46:26 UTC] PHP Warning:  Trying to access array offset on value of type bool in C:\xampp\htdocs\wordpress\wp-content\plugins\doku-payment\Module\JokulCheckoutModule.php on line 58
[06-Sep-2026 08:46:26 UTC] PHP Warning:  Trying to access array offset on value of type bool in C:\xampp\htdocs\wordpress\wp-content\plugins\doku-payment\Module\JokulCheckoutModule.php on line 59
[06-Sep-2026 08:46:26 UTC] PHP Warning:  Trying to access array offset on value of type bool in C:\xampp\htdocs\wordpress\wp-content\plugins\doku-payment\Module\JokulCheckoutModule.php on line 60
[06-Sep-2026 08:46:26 UTC] PHP Warning:  Trying to access array offset on value of type bool in C:\xampp\htdocs\wordpress\wp-content\plugins\doku-payment\Module\JokulCheckoutModule.php on line 69
[06-Sep-2026 08:46:26 UTC] PHP Warning:  Trying to access array offset on value of type bool in C:\xampp\htdocs\wordpress\wp-content\plugins\doku-payment\Module\JokulCheckoutModule.php on line 70
[06-Sep-2026 08:46:26 UTC] PHP Warning:  Trying to access array offset on value of type bool in C:\xampp\htdocs\wordpress\wp-content\plugins\doku-payment\Module\JokulCheckoutModule.php on line 51
[06-Sep-2026 08:46:26 UTC] PHP Warning:  Trying to access array offset on value of type bool in C:\xampp\htdocs\wordpress\wp-content\plugins\doku-payment\Module\JokulCheckoutModule.php on line 52
[06-Sep-2026 08:46:26 UTC] PHP Warning:  Trying to access array offset on value of type bool in C:\xampp\htdocs\wordpress\wp-content\plugins\doku-payment\Module\JokulCheckoutModule.php on line 53
[06-Sep-2026 08:46:26 UTC] PHP Warning:  Trying to access array offset on value of type bool in C:\xampp\htdocs\wordpress\wp-content\plugins\doku-payment\Module\JokulCheckoutModule.php on line 54
[06-Sep-2026 08:46:26 UTC] PHP Warning:  Trying to access array offset on value of type bool in C:\xampp\htdocs\wordpress\wp-content\plugins\doku-payment\Module\JokulCheckoutModule.php on line 55
[06-Sep-2026 08:46:26 UTC] PHP Warning:  Trying to access array offset on value of type bool in C:\xampp\htdocs\wordpress\wp-content\plugins\doku-payment\Module\JokulCheckoutModule.php on line 56
[06-Sep-2026 08:46:26 UTC] PHP Warning:  Trying to access array offset on value of type bool in C:\xampp\htdocs\wordpress\wp-content\plugins\doku-payment\Module\JokulCheckoutModule.php on line 57
[06-Sep-2026 08:46:26 UTC] PHP Warning:  Trying to access array offset on value of type bool in C:\xampp\htdocs\wordpress\wp-content\plugins\doku-payment\Module\JokulCheckoutModule.php on line 58
[06-Sep-2026 08:46:26 UTC] PHP Warning:  Trying to access array offset on value of type bool in C:\xampp\htdocs\wordpress\wp-content\plugins\doku-payment\Module\JokulCheckoutModule.php on line 59
[06-Sep-2026 08:46:26 UTC] PHP Warning:  Trying to access array offset on value of type bool in C:\xampp\htdocs\wordpress\wp-content\plugins\doku-payment\Module\JokulCheckoutModule.php on line 60
[06-Sep-2026 08:46:26 UTC] PHP Warning:  Trying to access array offset on value of type bool in C:\xampp\htdocs\wordpress\wp-content\plugins\doku-payment\Module\JokulCheckoutModule.php on line 69
[06-Sep-2026 08:46:26 UTC] PHP Warning:  Trying to access array offset on value of type bool in C:\xampp\htdocs\wordpress\wp-content\plugins\doku-payment\Module\JokulCheckoutModule.php on line 70
[06-Sep-2026 08:46:26 UTC] PHP Warning:  Trying to access array offset on value of type bool in C:\xampp\htdocs\wordpress\wp-content\plugins\doku-payment\Module\JokulCheckoutModule.php on line 51
[06-Sep-2026 08:46:26 UTC] PHP Warning:  Trying to access array offset on value of type bool in C:\xampp\htdocs\wordpress\wp-content\plugins\doku-payment\Module\JokulCheckoutModule.php on line 52
[06-Sep-2026 08:46:26 UTC] PHP Warning:  Trying to access array offset on value of type bool in C:\xampp\htdocs\wordpress\wp-content\plugins\doku-payment\Module\JokulCheckoutModule.php on line 53
[06-Sep-2026 08:46:26 UTC] PHP Warning:  Trying to access array offset on value of type bool in C:\xampp\htdocs\wordpress\wp-content\plugins\doku-payment\Module\JokulCheckoutModule.php on line 54
[06-Sep-2026 08:46:26 UTC] PHP Warning:  Trying to access array offset on value of type bool in C:\xampp\htdocs\wordpress\wp-content\plugins\doku-payment\Module\JokulCheckoutModule.php on line 55
[06-Sep-2026 08:46:26 UTC] PHP Warning:  Trying to access array offset on value of type bool in C:\xampp\htdocs\wordpress\wp-content\plugins\doku-payment\Module\JokulCheckoutModule.php on line 56
[06-Sep-2026 08:46:26 UTC] PHP Warning:  Trying to access array offset on value of type bool in C:\xampp\htdocs\wordpress\wp-content\plugins\doku-payment\Module\JokulCheckoutModule.php on line 57
[06-Sep-2026 08:46:26 UTC] PHP Warning:  Trying to access array offset on value of type bool in C:\xampp\htdocs\wordpress\wp-content\plugins\doku-payment\Module\JokulCheckoutModule.php on line 58
[06-Sep-2026 08:46:26 UTC] PHP Warning:  Trying to access array offset on value of type bool in C:\xampp\htdocs\wordpress\wp-content\plugins\doku-payment\Module\JokulCheckoutModule.php on line 59
[06-Sep-2026 08:46:26 UTC] PHP Warning:  Trying to access array offset on value of type bool in C:\xampp\htdocs\wordpress\wp-content\plugins\doku-payment\Module\JokulCheckoutModule.php on line 60
[06-Sep-2026 08:46:26 UTC] PHP Warning:  Trying to access array offset on value of type bool in C:\xampp\htdocs\wordpress\wp-content\plugins\doku-payment\Module\JokulCheckoutModule.php on line 69
[06-Sep-2026 08:46:26 UTC] PHP Warning:  Trying to access array offset on value of type bool in C:\xampp\htdocs\wordpress\wp-content\plugins\doku-payment\Module\JokulCheckoutModule.php on line 70
[06-Sep-2026 08:46:29 UTC] PHP Warning:  Trying to access array offset on value of type bool in C:\xampp\htdocs\wordpress\wp-content\plugins\doku-payment\Module\JokulCheckoutModule.php on line 51
[06-Sep-2026 08:46:29 UTC] PHP Warning:  Trying to access array offset on value of type bool in C:\xampp\htdocs\wordpress\wp-content\plugins\doku-payment\Module\JokulCheckoutModule.php on line 52
[06-Sep-2026 08:46:29 UTC] PHP Warning:  Trying to access array offset on value of type bool in C:\xampp\htdocs\wordpress\wp-content\plugins\doku-payment\Module\JokulCheckoutModule.php on line 53
[06-Sep-2026 08:46:29 UTC] PHP Warning:  Trying to access array offset on value of type bool in C:\xampp\htdocs\wordpress\wp-content\plugins\doku-payment\Module\JokulCheckoutModule.php on line 54
[06-Sep-2026 08:46:29 UTC] PHP Warning:  Trying to access array offset on value of type bool in C:\xampp\htdocs\wordpress\wp-content\plugins\doku-payment\Module\JokulCheckoutModule.php on line 55
[06-Sep-2026 08:46:29 UTC] PHP Warning:  Trying to access array offset on value of type bool in C:\xampp\htdocs\wordpress\wp-content\plugins\doku-payment\Module\JokulCheckoutModule.php on line 56
[06-Sep-2026 08:46:29 UTC] PHP Warning:  Trying to access array offset on value of type bool in C:\xampp\htdocs\wordpress\wp-content\plugins\doku-payment\Module\JokulCheckoutModule.php on line 57
[06-Sep-2026 08:46:29 UTC] PHP Warning:  Trying to access array offset on value of type bool in C:\xampp\htdocs\wordpress\wp-content\plugins\doku-payment\Module\JokulCheckoutModule.php on line 58
[06-Sep-2026 08:46:29 UTC] PHP Warning:  Trying to access array offset on value of type bool in C:\xampp\htdocs\wordpress\wp-content\plugins\doku-payment\Module\JokulCheckoutModule.php on line 59
[06-Sep-2026 08:46:29 UTC] PHP Warning:  Trying to access array offset on value of type bool in C:\xampp\htdocs\wordpress\wp-content\plugins\doku-payment\Module\JokulCheckoutModule.php on line 60
[06-Sep-2026 08:46:29 UTC] PHP Warning:  Trying to access array offset on value of type bool in C:\xampp\htdocs\wordpress\wp-content\plugins\doku-payment\Module\JokulCheckoutModule.php on line 69
[06-Sep-2026 08:46:29 UTC] PHP Warning:  Trying to access array offset on value of type bool in C:\xampp\htdocs\wordpress\wp-content\plugins\doku-payment\Module\JokulCheckoutModule.php on line 70
[06-Sep-2026 08:46:29 UTC] PHP Warning:  Trying to access array offset on value of type bool in C:\xampp\htdocs\wordpress\wp-content\plugins\doku-payment\Module\JokulCheckoutModule.php on line 51
[06-Sep-2026 08:46:29 UTC] PHP Warning:  Trying to access array offset on value of type bool in C:\xampp\htdocs\wordpress\wp-content\plugins\doku-payment\Module\JokulCheckoutModule.php on line 52
[06-Sep-2026 08:46:29 UTC] PHP Warning:  Trying to access array offset on value of type bool in C:\xampp\htdocs\wordpress\wp-content\plugins\doku-payment\Module\JokulCheckoutModule.php on line 53
[06-Sep-2026 08:46:29 UTC] PHP Warning:  Trying to access array offset on value of type bool in C:\xampp\htdocs\wordpress\wp-content\plugins\doku-payment\Module\JokulCheckoutModule.php on line 54
[06-Sep-2026 08:46:29 UTC] PHP Warning:  Trying to access array offset on value of type bool in C:\xampp\htdocs\wordpress\wp-content\plugins\doku-payment\Module\JokulCheckoutModule.php on line 55
[06-Sep-2026 08:46:29 UTC] PHP Warning:  Trying to access array offset on value of type bool in C:\xampp\htdocs\wordpress\wp-content\plugins\doku-payment\Module\JokulCheckoutModule.php on line 56
[06-Sep-2026 08:46:29 UTC] PHP Warning:  Trying to access array offset on value of type bool in C:\xampp\htdocs\wordpress\wp-content\plugins\doku-payment\Module\JokulCheckoutModule.php on line 57
[06-Sep-2026 08:46:29 UTC] PHP Warning:  Trying to access array offset on value of type bool in C:\xampp\htdocs\wordpress\wp-content\plugins\doku-payment\Module\JokulCheckoutModule.php on line 58
[06-Sep-2026 08:46:29 UTC] PHP Warning:  Trying to access array offset on value of type bool in C:\xampp\htdocs\wordpress\wp-content\plugins\doku-payment\Module\JokulCheckoutModule.php on line 59
[06-Sep-2026 08:46:29 UTC] PHP Warning:  Trying to access array offset on value of type bool in C:\xampp\htdocs\wordpress\wp-content\plugins\doku-payment\Module\JokulCheckoutModule.php on line 60
[06-Sep-2026 08:46:29 UTC] PHP Warning:  Trying to access array offset on value of type bool in C:\xampp\htdocs\wordpress\wp-content\plugins\doku-payment\Module\JokulCheckoutModule.php on line 69
[06-Sep-2026 08:46:29 UTC] PHP Warning:  Trying to access array offset on value of type bool in C:\xampp\htdocs\wordpress\wp-content\plugins\doku-payment\Module\JokulCheckoutModule.php on line 70
[06-Sep-2026 08:46:29 UTC] PHP Warning:  Trying to access array offset on value of type bool in C:\xampp\htdocs\wordpress\wp-content\plugins\doku-payment\Module\JokulCheckoutModule.php on line 51
[06-Sep-2026 08:46:29 UTC] PHP Warning:  Trying to access array offset on value of type bool in C:\xampp\htdocs\wordpress\wp-content\plugins\doku-payment\Module\JokulCheckoutModule.php on line 52
[06-Sep-2026 08:46:29 UTC] PHP Warning:  Trying to access array offset on value of type bool in C:\xampp\htdocs\wordpress\wp-content\plugins\doku-payment\Module\JokulCheckoutModule.php on line 53
[06-Sep-2026 08:46:29 UTC] PHP Warning:  Trying to access array offset on value of type bool in C:\xampp\htdocs\wordpress\wp-content\plugins\doku-payment\Module\JokulCheckoutModule.php on line 54
[06-Sep-2026 08:46:29 UTC] PHP Warning:  Trying to access array offset on value of type bool in C:\xampp\htdocs\wordpress\wp-content\plugins\doku-payment\Module\JokulCheckoutModule.php on line 55
[06-Sep-2026 08:46:29 UTC] PHP Warning:  Trying to access array offset on value of type bool in C:\xampp\htdocs\wordpress\wp-content\plugins\doku-payment\Module\JokulCheckoutModule.php on line 56
[06-Sep-2026 08:46:29 UTC] PHP Warning:  Trying to access array offset on value of type bool in C:\xampp\htdocs\wordpress\wp-content\plugins\doku-payment\Module\JokulCheckoutModule.php on line 57
[06-Sep-2026 08:46:29 UTC] PHP Warning:  Trying to access array offset on value of type bool in C:\xampp\htdocs\wordpress\wp-content\plugins\doku-payment\Module\JokulCheckoutModule.php on line 58
[06-Sep-2026 08:46:29 UTC] PHP Warning:  Trying to access array offset on value of type bool in C:\xampp\htdocs\wordpress\wp-content\plugins\doku-payment\Module\JokulCheckoutModule.php on line 59
[06-Sep-2026 08:46:29 UTC] PHP Warning:  Trying to access array offset on value of type bool in C:\xampp\htdocs\wordpress\wp-content\plugins\doku-payment\Module\JokulCheckoutModule.php on line 60
[06-Sep-2026 08:46:29 UTC] PHP Warning:  Trying to access array offset on value of type bool in C:\xampp\htdocs\wordpress\wp-content\plugins\doku-payment\Module\JokulCheckoutModule.php on line 69
[06-Sep-2026 08:46:29 UTC] PHP Warning:  Trying to access array offset on value of type bool in C:\xampp\htdocs\wordpress\wp-content\plugins\doku-payment\Module\JokulCheckoutModule.php on line 70
[06-Sep-2026 08:46:30 UTC] PHP Warning:  Trying to access array offset on value of type bool in C:\xampp\htdocs\wordpress\wp-content\plugins\doku-payment\Module\JokulCheckoutModule.php on line 51
[06-Sep-2026 08:46:30 UTC] PHP Warning:  Trying to access array offset on value of type bool in C:\xampp\htdocs\wordpress\wp-content\plugins\doku-payment\Module\JokulCheckoutModule.php on line 52
[06-Sep-2026 08:46:30 UTC] PHP Warning:  Trying to access array offset on value of type bool in C:\xampp\htdocs\wordpress\wp-content\plugins\doku-payment\Module\JokulCheckoutModule.php on line 53
[06-Sep-2026 08:46:30 UTC] PHP Warning:  Trying to access array offset on value of type bool in C:\xampp\htdocs\wordpress\wp-content\plugins\doku-payment\Module\JokulCheckoutModule.php on line 54
[06-Sep-2026 08:46:30 UTC] PHP Warning:  Trying to access array offset on value of type bool in C:\xampp\htdocs\wordpress\wp-content\plugins\doku-payment\Module\JokulCheckoutModule.php on line 55
[06-Sep-2026 08:46:30 UTC] PHP Warning:  Trying to access array offset on value of type bool in C:\xampp\htdocs\wordpress\wp-content\plugins\doku-payment\Module\JokulCheckoutModule.php on line 56
[06-Sep-2026 08:46:30 UTC] PHP Warning:  Trying to access array offset on value of type bool in C:\xampp\htdocs\wordpress\wp-content\plugins\doku-payment\Module\JokulCheckoutModule.php on line 57
[06-Sep-2026 08:46:30 UTC] PHP Warning:  Trying to access array offset on value of type bool in C:\xampp\htdocs\wordpress\wp-content\plugins\doku-payment\Module\JokulCheckoutModule.php on line 58
[06-Sep-2026 08:46:30 UTC] PHP Warning:  Trying to access array offset on value of type bool in C:\xampp\htdocs\wordpress\wp-content\plugins\doku-payment\Module\JokulCheckoutModule.php on line 59
[06-Sep-2026 08:46:30 UTC] PHP Warning:  Trying to access array offset on value of type bool in C:\xampp\htdocs\wordpress\wp-content\plugins\doku-payment\Module\JokulCheckoutModule.php on line 60
[06-Sep-2026 08:46:30 UTC] PHP Warning:  Trying to access array offset on value of type bool in C:\xampp\htdocs\wordpress\wp-content\plugins\doku-payment\Module\JokulCheckoutModule.php on line 69
[06-Sep-2026 08:46:30 UTC] PHP Warning:  Trying to access array offset on value of type bool in C:\xampp\htdocs\wordpress\wp-content\plugins\doku-payment\Module\JokulCheckoutModule.php on line 70
[06-Sep-2026 08:46:41 UTC] PHP Warning:  Trying to access array offset on value of type bool in C:\xampp\htdocs\wordpress\wp-content\plugins\doku-payment\Module\JokulCheckoutModule.php on line 51
[06-Sep-2026 08:46:41 UTC] PHP Warning:  Trying to access array offset on value of type bool in C:\xampp\htdocs\wordpress\wp-content\plugins\doku-payment\Module\JokulCheckoutModule.php on line 52
[06-Sep-2026 08:46:41 UTC] PHP Warning:  Trying to access array offset on value of type bool in C:\xampp\htdocs\wordpress\wp-content\plugins\doku-payment\Module\JokulCheckoutModule.php on line 53
[06-Sep-2026 08:46:41 UTC] PHP Warning:  Trying to access array offset on value of type bool in C:\xampp\htdocs\wordpress\wp-content\plugins\doku-payment\Module\JokulCheckoutModule.php on line 54
[06-Sep-2026 08:46:41 UTC] PHP Warning:  Trying to access array offset on value of type bool in C:\xampp\htdocs\wordpress\wp-content\plugins\doku-payment\Module\JokulCheckoutModule.php on line 55
[06-Sep-2026 08:46:41 UTC] PHP Warning:  Trying to access array offset on value of type bool in C:\xampp\htdocs\wordpress\wp-content\plugins\doku-payment\Module\JokulCheckoutModule.php on line 56
[06-Sep-2026 08:46:41 UTC] PHP Warning:  Trying to access array offset on value of type bool in C:\xampp\htdocs\wordpress\wp-content\plugins\doku-payment\Module\JokulCheckoutModule.php on line 57
[06-Sep-2026 08:46:41 UTC] PHP Warning:  Trying to access array offset on value of type bool in C:\xampp\htdocs\wordpress\wp-content\plugins\doku-payment\Module\JokulCheckoutModule.php on line 58
[06-Sep-2026 08:46:41 UTC] PHP Warning:  Trying to access array offset on value of type bool in C:\xampp\htdocs\wordpress\wp-content\plugins\doku-payment\Module\JokulCheckoutModule.php on line 59
[06-Sep-2026 08:46:41 UTC] PHP Warning:  Trying to access array offset on value of type bool in C:\xampp\htdocs\wordpress\wp-content\plugins\doku-payment\Module\JokulCheckoutModule.php on line 60
[06-Sep-2026 08:46:41 UTC] PHP Warning:  Trying to access array offset on value of type bool in C:\xampp\htdocs\wordpress\wp-content\plugins\doku-payment\Module\JokulCheckoutModule.php on line 69
[06-Sep-2026 08:46:41 UTC] PHP Warning:  Trying to access array offset on value of type bool in C:\xampp\htdocs\wordpress\wp-content\plugins\doku-payment\Module\JokulCheckoutModule.php on line 70
[06-Sep-2026 08:46:42 UTC] PHP Warning:  Trying to access array offset on value of type bool in C:\xampp\htdocs\wordpress\wp-content\plugins\doku-payment\Module\JokulCheckoutModule.php on line 51
[06-Sep-2026 08:46:42 UTC] PHP Warning:  Trying to access array offset on value of type bool in C:\xampp\htdocs\wordpress\wp-content\plugins\doku-payment\Module\JokulCheckoutModule.php on line 52
[06-Sep-2026 08:46:42 UTC] PHP Warning:  Trying to access array offset on value of type bool in C:\xampp\htdocs\wordpress\wp-content\plugins\doku-payment\Module\JokulCheckoutModule.php on line 53
[06-Sep-2026 08:46:42 UTC] PHP Warning:  Trying to access array offset on value of type bool in C:\xampp\htdocs\wordpress\wp-content\plugins\doku-payment\Module\JokulCheckoutModule.php on line 54
[06-Sep-2026 08:46:42 UTC] PHP Warning:  Trying to access array offset on value of type bool in C:\xampp\htdocs\wordpress\wp-content\plugins\doku-payment\Module\JokulCheckoutModule.php on line 55
[06-Sep-2026 08:46:42 UTC] PHP Warning:  Trying to access array offset on value of type bool in C:\xampp\htdocs\wordpress\wp-content\plugins\doku-payment\Module\JokulCheckoutModule.php on line 56
[06-Sep-2026 08:46:42 UTC] PHP Warning:  Trying to access array offset on value of type bool in C:\xampp\htdocs\wordpress\wp-content\plugins\doku-payment\Module\JokulCheckoutModule.php on line 57
[06-Sep-2026 08:46:42 UTC] PHP Warning:  Trying to access array offset on value of type bool in C:\xampp\htdocs\wordpress\wp-content\plugins\doku-payment\Module\JokulCheckoutModule.php on line 58
[06-Sep-2026 08:46:42 UTC] PHP Warning:  Trying to access array offset on value of type bool in C:\xampp\htdocs\wordpress\wp-content\plugins\doku-payment\Module\JokulCheckoutModule.php on line 59
[06-Sep-2026 08:46:42 UTC] PHP Warning:  Trying to access array offset on value of type bool in C:\xampp\htdocs\wordpress\wp-content\plugins\doku-payment\Module\JokulCheckoutModule.php on line 60
[06-Sep-2026 08:46:42 UTC] PHP Warning:  Trying to access array offset on value of type bool in C:\xampp\htdocs\wordpress\wp-content\plugins\doku-payment\Module\JokulCheckoutModule.php on line 69
[06-Sep-2026 08:46:42 UTC] PHP Warning:  Trying to access array offset on value of type bool in C:\xampp\htdocs\wordpress\wp-content\plugins\doku-payment\Module\JokulCheckoutModule.php on line 70
[06-Sep-2026 08:46:45 UTC] PHP Warning:  Trying to access array offset on value of type bool in C:\xampp\htdocs\wordpress\wp-content\plugins\doku-payment\Module\JokulCheckoutModule.php on line 51
[06-Sep-2026 08:46:45 UTC] PHP Warning:  Trying to access array offset on value of type bool in C:\xampp\htdocs\wordpress\wp-content\plugins\doku-payment\Module\JokulCheckoutModule.php on line 52
[06-Sep-2026 08:46:45 UTC] PHP Warning:  Trying to access array offset on value of type bool in C:\xampp\htdocs\wordpress\wp-content\plugins\doku-payment\Module\JokulCheckoutModule.php on line 53
[06-Sep-2026 08:46:45 UTC] PHP Warning:  Trying to access array offset on value of type bool in C:\xampp\htdocs\wordpress\wp-content\plugins\doku-payment\Module\JokulCheckoutModule.php on line 54
[06-Sep-2026 08:46:45 UTC] PHP Warning:  Trying to access array offset on value of type bool in C:\xampp\htdocs\wordpress\wp-content\plugins\doku-payment\Module\JokulCheckoutModule.php on line 55
[06-Sep-2026 08:46:45 UTC] PHP Warning:  Trying to access array offset on value of type bool in C:\xampp\htdocs\wordpress\wp-content\plugins\doku-payment\Module\JokulCheckoutModule.php on line 56
[06-Sep-2026 08:46:45 UTC] PHP Warning:  Trying to access array offset on value of type bool in C:\xampp\htdocs\wordpress\wp-content\plugins\doku-payment\Module\JokulCheckoutModule.php on line 57
[06-Sep-2026 08:46:45 UTC] PHP Warning:  Trying to access array offset on value of type bool in C:\xampp\htdocs\wordpress\wp-content\plugins\doku-payment\Module\JokulCheckoutModule.php on line 58
[06-Sep-2026 08:46:45 UTC] PHP Warning:  Trying to access array offset on value of type bool in C:\xampp\htdocs\wordpress\wp-content\plugins\doku-payment\Module\JokulCheckoutModule.php on line 59
[06-Sep-2026 08:46:45 UTC] PHP Warning:  Trying to access array offset on value of type bool in C:\xampp\htdocs\wordpress\wp-content\plugins\doku-payment\Module\JokulCheckoutModule.php on line 60
[06-Sep-2026 08:46:45 UTC] PHP Warning:  Trying to access array offset on value of type bool in C:\xampp\htdocs\wordpress\wp-content\plugins\doku-payment\Module\JokulCheckoutModule.php on line 69
[06-Sep-2026 08:46:45 UTC] PHP Warning:  Trying to access array offset on value of type bool in C:\xampp\htdocs\wordpress\wp-content\plugins\doku-payment\Module\JokulCheckoutModule.php on line 70
[06-Sep-2026 08:47:05 UTC] PHP Warning:  Trying to access array offset on value of type bool in C:\xampp\htdocs\wordpress\wp-content\plugins\doku-payment\Module\JokulCheckoutModule.php on line 51
[06-Sep-2026 08:47:05 UTC] PHP Warning:  Trying to access array offset on value of type bool in C:\xampp\htdocs\wordpress\wp-content\plugins\doku-payment\Module\JokulCheckoutModule.php on line 52
[06-Sep-2026 08:47:05 UTC] PHP Warning:  Trying to access array offset on value of type bool in C:\xampp\htdocs\wordpress\wp-content\plugins\doku-payment\Module\JokulCheckoutModule.php on line 53
[06-Sep-2026 08:47:05 UTC] PHP Warning:  Trying to access array offset on value of type bool in C:\xampp\htdocs\wordpress\wp-content\plugins\doku-payment\Module\JokulCheckoutModule.php on line 54
[06-Sep-2026 08:47:05 UTC] PHP Warning:  Trying to access array offset on value of type bool in C:\xampp\htdocs\wordpress\wp-content\plugins\doku-payment\Module\JokulCheckoutModule.php on line 55
[06-Sep-2026 08:47:05 UTC] PHP Warning:  Trying to access array offset on value of type bool in C:\xampp\htdocs\wordpress\wp-content\plugins\doku-payment\Module\JokulCheckoutModule.php on line 56
[06-Sep-2026 08:47:05 UTC] PHP Warning:  Trying to access array offset on value of type bool in C:\xampp\htdocs\wordpress\wp-content\plugins\doku-payment\Module\JokulCheckoutModule.php on line 57
[06-Sep-2026 08:47:05 UTC] PHP Warning:  Trying to access array offset on value of type bool in C:\xampp\htdocs\wordpress\wp-content\plugins\doku-payment\Module\JokulCheckoutModule.php on line 58
[06-Sep-2026 08:47:05 UTC] PHP Warning:  Trying to access array offset on value of type bool in C:\xampp\htdocs\wordpress\wp-content\plugins\doku-payment\Module\JokulCheckoutModule.php on line 59
[06-Sep-2026 08:47:05 UTC] PHP Warning:  Trying to access array offset on value of type bool in C:\xampp\htdocs\wordpress\wp-content\plugins\doku-payment\Module\JokulCheckoutModule.php on line 60
[06-Sep-2026 08:47:05 UTC] PHP Warning:  Trying to access array offset on value of type bool in C:\xampp\htdocs\wordpress\wp-content\plugins\doku-payment\Module\JokulCheckoutModule.php on line 69
[06-Sep-2026 08:47:05 UTC] PHP Warning:  Trying to access array offset on value of type bool in C:\xampp\htdocs\wordpress\wp-content\plugins\doku-payment\Module\JokulCheckoutModule.php on line 70
[06-Sep-2026 08:47:05 UTC] PHP Warning:  Trying to access array offset on value of type bool in C:\xampp\htdocs\wordpress\wp-content\plugins\doku-payment\Module\JokulCheckoutModule.php on line 51
[06-Sep-2026 08:47:05 UTC] PHP Warning:  Trying to access array offset on value of type bool in C:\xampp\htdocs\wordpress\wp-content\plugins\doku-payment\Module\JokulCheckoutModule.php on line 52
[06-Sep-2026 08:47:05 UTC] PHP Warning:  Trying to access array offset on value of type bool in C:\xampp\htdocs\wordpress\wp-content\plugins\doku-payment\Module\JokulCheckoutModule.php on line 53
[06-Sep-2026 08:47:05 UTC] PHP Warning:  Trying to access array offset on value of type bool in C:\xampp\htdocs\wordpress\wp-content\plugins\doku-payment\Module\JokulCheckoutModule.php on line 54
[06-Sep-2026 08:47:05 UTC] PHP Warning:  Trying to access array offset on value of type bool in C:\xampp\htdocs\wordpress\wp-content\plugins\doku-payment\Module\JokulCheckoutModule.php on line 55
[06-Sep-2026 08:47:05 UTC] PHP Warning:  Trying to access array offset on value of type bool in C:\xampp\htdocs\wordpress\wp-content\plugins\doku-payment\Module\JokulCheckoutModule.php on line 56
[06-Sep-2026 08:47:05 UTC] PHP Warning:  Trying to access array offset on value of type bool in C:\xampp\htdocs\wordpress\wp-content\plugins\doku-payment\Module\JokulCheckoutModule.php on line 57
[06-Sep-2026 08:47:05 UTC] PHP Warning:  Trying to access array offset on value of type bool in C:\xampp\htdocs\wordpress\wp-content\plugins\doku-payment\Module\JokulCheckoutModule.php on line 58
[06-Sep-2026 08:47:05 UTC] PHP Warning:  Trying to access array offset on value of type bool in C:\xampp\htdocs\wordpress\wp-content\plugins\doku-payment\Module\JokulCheckoutModule.php on line 59
[06-Sep-2026 08:47:05 UTC] PHP Warning:  Trying to access array offset on value of type bool in C:\xampp\htdocs\wordpress\wp-content\plugins\doku-payment\Module\JokulCheckoutModule.php on line 60
[06-Sep-2026 08:47:05 UTC] PHP Warning:  Trying to access array offset on value of type bool in C:\xampp\htdocs\wordpress\wp-content\plugins\doku-payment\Module\JokulCheckoutModule.php on line 69
[06-Sep-2026 08:47:05 UTC] PHP Warning:  Trying to access array offset on value of type bool in C:\xampp\htdocs\wordpress\wp-content\plugins\doku-payment\Module\JokulCheckoutModule.php on line 70
[06-Sep-2026 08:47:08 UTC] PHP Warning:  Trying to access array offset on value of type bool in C:\xampp\htdocs\wordpress\wp-content\plugins\doku-payment\Module\JokulCheckoutModule.php on line 51
[06-Sep-2026 08:47:08 UTC] PHP Warning:  Trying to access array offset on value of type bool in C:\xampp\htdocs\wordpress\wp-content\plugins\doku-payment\Module\JokulCheckoutModule.php on line 52
[06-Sep-2026 08:47:08 UTC] PHP Warning:  Trying to access array offset on value of type bool in C:\xampp\htdocs\wordpress\wp-content\plugins\doku-payment\Module\JokulCheckoutModule.php on line 53
[06-Sep-2026 08:47:08 UTC] PHP Warning:  Trying to access array offset on value of type bool in C:\xampp\htdocs\wordpress\wp-content\plugins\doku-payment\Module\JokulCheckoutModule.php on line 54
[06-Sep-2026 08:47:08 UTC] PHP Warning:  Trying to access array offset on value of type bool in C:\xampp\htdocs\wordpress\wp-content\plugins\doku-payment\Module\JokulCheckoutModule.php on line 55
[06-Sep-2026 08:47:08 UTC] PHP Warning:  Trying to access array offset on value of type bool in C:\xampp\htdocs\wordpress\wp-content\plugins\doku-payment\Module\JokulCheckoutModule.php on line 56
[06-Sep-2026 08:47:08 UTC] PHP Warning:  Trying to access array offset on value of type bool in C:\xampp\htdocs\wordpress\wp-content\plugins\doku-payment\Module\JokulCheckoutModule.php on line 57
[06-Sep-2026 08:47:08 UTC] PHP Warning:  Trying to access array offset on value of type bool in C:\xampp\htdocs\wordpress\wp-content\plugins\doku-payment\Module\JokulCheckoutModule.php on line 58
[06-Sep-2026 08:47:08 UTC] PHP Warning:  Trying to access array offset on value of type bool in C:\xampp\htdocs\wordpress\wp-content\plugins\doku-payment\Module\JokulCheckoutModule.php on line 59
[06-Sep-2026 08:47:08 UTC] PHP Warning:  Trying to access array offset on value of type bool in C:\xampp\htdocs\wordpress\wp-content\plugins\doku-payment\Module\JokulCheckoutModule.php on line 60
[06-Sep-2026 08:47:08 UTC] PHP Warning:  Trying to access array offset on value of type bool in C:\xampp\htdocs\wordpress\wp-content\plugins\doku-payment\Module\JokulCheckoutModule.php on line 69
[06-Sep-2026 08:47:08 UTC] PHP Warning:  Trying to access array offset on value of type bool in C:\xampp\htdocs\wordpress\wp-content\plugins\doku-payment\Module\JokulCheckoutModule.php on line 70
[06-Sep-2026 08:47:09 UTC] PHP Warning:  Trying to access array offset on value of type bool in C:\xampp\htdocs\wordpress\wp-content\plugins\doku-payment\Module\JokulCheckoutModule.php on line 51
[06-Sep-2026 08:47:09 UTC] PHP Warning:  Trying to access array offset on value of type bool in C:\xampp\htdocs\wordpress\wp-content\plugins\doku-payment\Module\JokulCheckoutModule.php on line 52
[06-Sep-2026 08:47:09 UTC] PHP Warning:  Trying to access array offset on value of type bool in C:\xampp\htdocs\wordpress\wp-content\plugins\doku-payment\Module\JokulCheckoutModule.php on line 53
[06-Sep-2026 08:47:09 UTC] PHP Warning:  Trying to access array offset on value of type bool in C:\xampp\htdocs\wordpress\wp-content\plugins\doku-payment\Module\JokulCheckoutModule.php on line 54
[06-Sep-2026 08:47:09 UTC] PHP Warning:  Trying to access array offset on value of type bool in C:\xampp\htdocs\wordpress\wp-content\plugins\doku-payment\Module\JokulCheckoutModule.php on line 55
[06-Sep-2026 08:47:09 UTC] PHP Warning:  Trying to access array offset on value of type bool in C:\xampp\htdocs\wordpress\wp-content\plugins\doku-payment\Module\JokulCheckoutModule.php on line 56
[06-Sep-2026 08:47:09 UTC] PHP Warning:  Trying to access array offset on value of type bool in C:\xampp\htdocs\wordpress\wp-content\plugins\doku-payment\Module\JokulCheckoutModule.php on line 57
[06-Sep-2026 08:47:09 UTC] PHP Warning:  Trying to access array offset on value of type bool in C:\xampp\htdocs\wordpress\wp-content\plugins\doku-payment\Module\JokulCheckoutModule.php on line 58
[06-Sep-2026 08:47:09 UTC] PHP Warning:  Trying to access array offset on value of type bool in C:\xampp\htdocs\wordpress\wp-content\plugins\doku-payment\Module\JokulCheckoutModule.php on line 59
[06-Sep-2026 08:47:09 UTC] PHP Warning:  Trying to access array offset on value of type bool in C:\xampp\htdocs\wordpress\wp-content\plugins\doku-payment\Module\JokulCheckoutModule.php on line 60
[06-Sep-2026 08:47:09 UTC] PHP Warning:  Trying to access array offset on value of type bool in C:\xampp\htdocs\wordpress\wp-content\plugins\doku-payment\Module\JokulCheckoutModule.php on line 69
[06-Sep-2026 08:47:09 UTC] PHP Warning:  Trying to access array offset on value of type bool in C:\xampp\htdocs\wordpress\wp-content\plugins\doku-payment\Module\JokulCheckoutModule.php on line 70
[06-Sep-2026 08:47:16 UTC] PHP Warning:  Trying to access array offset on value of type bool in C:\xampp\htdocs\wordpress\wp-content\plugins\doku-payment\Module\JokulCheckoutModule.php on line 51
[06-Sep-2026 08:47:16 UTC] PHP Warning:  Trying to access array offset on value of type bool in C:\xampp\htdocs\wordpress\wp-content\plugins\doku-payment\Module\JokulCheckoutModule.php on line 52
[06-Sep-2026 08:47:16 UTC] PHP Warning:  Trying to access array offset on value of type bool in C:\xampp\htdocs\wordpress\wp-content\plugins\doku-payment\Module\JokulCheckoutModule.php on line 53
[06-Sep-2026 08:47:16 UTC] PHP Warning:  Trying to access array offset on value of type bool in C:\xampp\htdocs\wordpress\wp-content\plugins\doku-payment\Module\JokulCheckoutModule.php on line 54
[06-Sep-2026 08:47:16 UTC] PHP Warning:  Trying to access array offset on value of type bool in C:\xampp\htdocs\wordpress\wp-content\plugins\doku-payment\Module\JokulCheckoutModule.php on line 55
[06-Sep-2026 08:47:16 UTC] PHP Warning:  Trying to access array offset on value of type bool in C:\xampp\htdocs\wordpress\wp-content\plugins\doku-payment\Module\JokulCheckoutModule.php on line 56
[06-Sep-2026 08:47:16 UTC] PHP Warning:  Trying to access array offset on value of type bool in C:\xampp\htdocs\wordpress\wp-content\plugins\doku-payment\Module\JokulCheckoutModule.php on line 57
[06-Sep-2026 08:47:16 UTC] PHP Warning:  Trying to access array offset on value of type bool in C:\xampp\htdocs\wordpress\wp-content\plugins\doku-payment\Module\JokulCheckoutModule.php on line 58
[06-Sep-2026 08:47:16 UTC] PHP Warning:  Trying to access array offset on value of type bool in C:\xampp\htdocs\wordpress\wp-content\plugins\doku-payment\Module\JokulCheckoutModule.php on line 59
[06-Sep-2026 08:47:16 UTC] PHP Warning:  Trying to access array offset on value of type bool in C:\xampp\htdocs\wordpress\wp-content\plugins\doku-payment\Module\JokulCheckoutModule.php on line 60
[06-Sep-2026 08:47:16 UTC] PHP Warning:  Trying to access array offset on value of type bool in C:\xampp\htdocs\wordpress\wp-content\plugins\doku-payment\Module\JokulCheckoutModule.php on line 69
[06-Sep-2026 08:47:16 UTC] PHP Warning:  Trying to access array offset on value of type bool in C:\xampp\htdocs\wordpress\wp-content\plugins\doku-payment\Module\JokulCheckoutModule.php on line 70
[06-Sep-2026 08:47:18 UTC] PHP Warning:  Trying to access array offset on value of type bool in C:\xampp\htdocs\wordpress\wp-content\plugins\doku-payment\Module\JokulCheckoutModule.php on line 51
[06-Sep-2026 08:47:18 UTC] PHP Warning:  Trying to access array offset on value of type bool in C:\xampp\htdocs\wordpress\wp-content\plugins\doku-payment\Module\JokulCheckoutModule.php on line 52
[06-Sep-2026 08:47:18 UTC] PHP Warning:  Trying to access array offset on value of type bool in C:\xampp\htdocs\wordpress\wp-content\plugins\doku-payment\Module\JokulCheckoutModule.php on line 53
[06-Sep-2026 08:47:18 UTC] PHP Warning:  Trying to access array offset on value of type bool in C:\xampp\htdocs\wordpress\wp-content\plugins\doku-payment\Module\JokulCheckoutModule.php on line 54
[06-Sep-2026 08:47:18 UTC] PHP Warning:  Trying to access array offset on value of type bool in C:\xampp\htdocs\wordpress\wp-content\plugins\doku-payment\Module\JokulCheckoutModule.php on line 55
[06-Sep-2026 08:47:18 UTC] PHP Warning:  Trying to access array offset on value of type bool in C:\xampp\htdocs\wordpress\wp-content\plugins\doku-payment\Module\JokulCheckoutModule.php on line 56
[06-Sep-2026 08:47:18 UTC] PHP Warning:  Trying to access array offset on value of type bool in C:\xampp\htdocs\wordpress\wp-content\plugins\doku-payment\Module\JokulCheckoutModule.php on line 57
[06-Sep-2026 08:47:18 UTC] PHP Warning:  Trying to access array offset on value of type bool in C:\xampp\htdocs\wordpress\wp-content\plugins\doku-payment\Module\JokulCheckoutModule.php on line 58
[06-Sep-2026 08:47:18 UTC] PHP Warning:  Trying to access array offset on value of type bool in C:\xampp\htdocs\wordpress\wp-content\plugins\doku-payment\Module\JokulCheckoutModule.php on line 59
[06-Sep-2026 08:47:18 UTC] PHP Warning:  Trying to access array offset on value of type bool in C:\xampp\htdocs\wordpress\wp-content\plugins\doku-payment\Module\JokulCheckoutModule.php on line 60
[06-Sep-2026 08:47:18 UTC] PHP Warning:  Trying to access array offset on value of type bool in C:\xampp\htdocs\wordpress\wp-content\plugins\doku-payment\Module\JokulCheckoutModule.php on line 69
[06-Sep-2026 08:47:18 UTC] PHP Warning:  Trying to access array offset on value of type bool in C:\xampp\htdocs\wordpress\wp-content\plugins\doku-payment\Module\JokulCheckoutModule.php on line 70
[06-Sep-2026 08:47:21 UTC] PHP Warning:  Trying to access array offset on value of type bool in C:\xampp\htdocs\wordpress\wp-content\plugins\doku-payment\Module\JokulCheckoutModule.php on line 51
[06-Sep-2026 08:47:21 UTC] PHP Warning:  Trying to access array offset on value of type bool in C:\xampp\htdocs\wordpress\wp-content\plugins\doku-payment\Module\JokulCheckoutModule.php on line 51
[06-Sep-2026 08:47:21 UTC] PHP Warning:  Trying to access array offset on value of type bool in C:\xampp\htdocs\wordpress\wp-content\plugins\doku-payment\Module\JokulCheckoutModule.php on line 52
[06-Sep-2026 08:47:21 UTC] PHP Warning:  Trying to access array offset on value of type bool in C:\xampp\htdocs\wordpress\wp-content\plugins\doku-payment\Module\JokulCheckoutModule.php on line 52
[06-Sep-2026 08:47:21 UTC] PHP Warning:  Trying to access array offset on value of type bool in C:\xampp\htdocs\wordpress\wp-content\plugins\doku-payment\Module\JokulCheckoutModule.php on line 53
[06-Sep-2026 08:47:21 UTC] PHP Warning:  Trying to access array offset on value of type bool in C:\xampp\htdocs\wordpress\wp-content\plugins\doku-payment\Module\JokulCheckoutModule.php on line 53
[06-Sep-2026 08:47:21 UTC] PHP Warning:  Trying to access array offset on value of type bool in C:\xampp\htdocs\wordpress\wp-content\plugins\doku-payment\Module\JokulCheckoutModule.php on line 54
[06-Sep-2026 08:47:21 UTC] PHP Warning:  Trying to access array offset on value of type bool in C:\xampp\htdocs\wordpress\wp-content\plugins\doku-payment\Module\JokulCheckoutModule.php on line 54
[06-Sep-2026 08:47:21 UTC] PHP Warning:  Trying to access array offset on value of type bool in C:\xampp\htdocs\wordpress\wp-content\plugins\doku-payment\Module\JokulCheckoutModule.php on line 55
[06-Sep-2026 08:47:21 UTC] PHP Warning:  Trying to access array offset on value of type bool in C:\xampp\htdocs\wordpress\wp-content\plugins\doku-payment\Module\JokulCheckoutModule.php on line 55
[06-Sep-2026 08:47:21 UTC] PHP Warning:  Trying to access array offset on value of type bool in C:\xampp\htdocs\wordpress\wp-content\plugins\doku-payment\Module\JokulCheckoutModule.php on line 56
[06-Sep-2026 08:47:21 UTC] PHP Warning:  Trying to access array offset on value of type bool in C:\xampp\htdocs\wordpress\wp-content\plugins\doku-payment\Module\JokulCheckoutModule.php on line 56
[06-Sep-2026 08:47:21 UTC] PHP Warning:  Trying to access array offset on value of type bool in C:\xampp\htdocs\wordpress\wp-content\plugins\doku-payment\Module\JokulCheckoutModule.php on line 57
[06-Sep-2026 08:47:21 UTC] PHP Warning:  Trying to access array offset on value of type bool in C:\xampp\htdocs\wordpress\wp-content\plugins\doku-payment\Module\JokulCheckoutModule.php on line 57
[06-Sep-2026 08:47:21 UTC] PHP Warning:  Trying to access array offset on value of type bool in C:\xampp\htdocs\wordpress\wp-content\plugins\doku-payment\Module\JokulCheckoutModule.php on line 58
[06-Sep-2026 08:47:21 UTC] PHP Warning:  Trying to access array offset on value of type bool in C:\xampp\htdocs\wordpress\wp-content\plugins\doku-payment\Module\JokulCheckoutModule.php on line 58
[06-Sep-2026 08:47:21 UTC] PHP Warning:  Trying to access array offset on value of type bool in C:\xampp\htdocs\wordpress\wp-content\plugins\doku-payment\Module\JokulCheckoutModule.php on line 59
[06-Sep-2026 08:47:21 UTC] PHP Warning:  Trying to access array offset on value of type bool in C:\xampp\htdocs\wordpress\wp-content\plugins\doku-payment\Module\JokulCheckoutModule.php on line 59
[06-Sep-2026 08:47:21 UTC] PHP Warning:  Trying to access array offset on value of type bool in C:\xampp\htdocs\wordpress\wp-content\plugins\doku-payment\Module\JokulCheckoutModule.php on line 60
[06-Sep-2026 08:47:21 UTC] PHP Warning:  Trying to access array offset on value of type bool in C:\xampp\htdocs\wordpress\wp-content\plugins\doku-payment\Module\JokulCheckoutModule.php on line 60
[06-Sep-2026 08:47:21 UTC] PHP Warning:  Trying to access array offset on value of type bool in C:\xampp\htdocs\wordpress\wp-content\plugins\doku-payment\Module\JokulCheckoutModule.php on line 69
[06-Sep-2026 08:47:21 UTC] PHP Warning:  Trying to access array offset on value of type bool in C:\xampp\htdocs\wordpress\wp-content\plugins\doku-payment\Module\JokulCheckoutModule.php on line 69
[06-Sep-2026 08:47:21 UTC] PHP Warning:  Trying to access array offset on value of type bool in C:\xampp\htdocs\wordpress\wp-content\plugins\doku-payment\Module\JokulCheckoutModule.php on line 70
[06-Sep-2026 08:47:21 UTC] PHP Warning:  Trying to access array offset on value of type bool in C:\xampp\htdocs\wordpress\wp-content\plugins\doku-payment\Module\JokulCheckoutModule.php on line 70
[06-Sep-2026 08:47:21 UTC] PHP Warning:  Trying to access array offset on value of type bool in C:\xampp\htdocs\wordpress\wp-content\plugins\doku-payment\Module\JokulCheckoutModule.php on line 51
[06-Sep-2026 08:47:21 UTC] PHP Warning:  Trying to access array offset on value of type bool in C:\xampp\htdocs\wordpress\wp-content\plugins\doku-payment\Module\JokulCheckoutModule.php on line 52
[06-Sep-2026 08:47:21 UTC] PHP Warning:  Trying to access array offset on value of type bool in C:\xampp\htdocs\wordpress\wp-content\plugins\doku-payment\Module\JokulCheckoutModule.php on line 53
[06-Sep-2026 08:47:21 UTC] PHP Warning:  Trying to access array offset on value of type bool in C:\xampp\htdocs\wordpress\wp-content\plugins\doku-payment\Module\JokulCheckoutModule.php on line 54
[06-Sep-2026 08:47:21 UTC] PHP Warning:  Trying to access array offset on value of type bool in C:\xampp\htdocs\wordpress\wp-content\plugins\doku-payment\Module\JokulCheckoutModule.php on line 55
[06-Sep-2026 08:47:21 UTC] PHP Warning:  Trying to access array offset on value of type bool in C:\xampp\htdocs\wordpress\wp-content\plugins\doku-payment\Module\JokulCheckoutModule.php on line 56
[06-Sep-2026 08:47:21 UTC] PHP Warning:  Trying to access array offset on value of type bool in C:\xampp\htdocs\wordpress\wp-content\plugins\doku-payment\Module\JokulCheckoutModule.php on line 57
[06-Sep-2026 08:47:21 UTC] PHP Warning:  Trying to access array offset on value of type bool in C:\xampp\htdocs\wordpress\wp-content\plugins\doku-payment\Module\JokulCheckoutModule.php on line 58
[06-Sep-2026 08:47:21 UTC] PHP Warning:  Trying to access array offset on value of type bool in C:\xampp\htdocs\wordpress\wp-content\plugins\doku-payment\Module\JokulCheckoutModule.php on line 59
[06-Sep-2026 08:47:21 UTC] PHP Warning:  Trying to access array offset on value of type bool in C:\xampp\htdocs\wordpress\wp-content\plugins\doku-payment\Module\JokulCheckoutModule.php on line 60
[06-Sep-2026 08:47:21 UTC] PHP Warning:  Trying to access array offset on value of type bool in C:\xampp\htdocs\wordpress\wp-content\plugins\doku-payment\Module\JokulCheckoutModule.php on line 69
[06-Sep-2026 08:47:21 UTC] PHP Warning:  Trying to access array offset on value of type bool in C:\xampp\htdocs\wordpress\wp-content\plugins\doku-payment\Module\JokulCheckoutModule.php on line 70
[06-Sep-2026 08:47:22 UTC] PHP Warning:  Trying to access array offset on value of type bool in C:\xampp\htdocs\wordpress\wp-content\plugins\doku-payment\Module\JokulCheckoutModule.php on line 51
[06-Sep-2026 08:47:22 UTC] PHP Warning:  Trying to access array offset on value of type bool in C:\xampp\htdocs\wordpress\wp-content\plugins\doku-payment\Module\JokulCheckoutModule.php on line 52
[06-Sep-2026 08:47:22 UTC] PHP Warning:  Trying to access array offset on value of type bool in C:\xampp\htdocs\wordpress\wp-content\plugins\doku-payment\Module\JokulCheckoutModule.php on line 53
[06-Sep-2026 08:47:22 UTC] PHP Warning:  Trying to access array offset on value of type bool in C:\xampp\htdocs\wordpress\wp-content\plugins\doku-payment\Module\JokulCheckoutModule.php on line 54
[06-Sep-2026 08:47:22 UTC] PHP Warning:  Trying to access array offset on value of type bool in C:\xampp\htdocs\wordpress\wp-content\plugins\doku-payment\Module\JokulCheckoutModule.php on line 55
[06-Sep-2026 08:47:22 UTC] PHP Warning:  Trying to access array offset on value of type bool in C:\xampp\htdocs\wordpress\wp-content\plugins\doku-payment\Module\JokulCheckoutModule.php on line 56
[06-Sep-2026 08:47:22 UTC] PHP Warning:  Trying to access array offset on value of type bool in C:\xampp\htdocs\wordpress\wp-content\plugins\doku-payment\Module\JokulCheckoutModule.php on line 57
[06-Sep-2026 08:47:22 UTC] PHP Warning:  Trying to access array offset on value of type bool in C:\xampp\htdocs\wordpress\wp-content\plugins\doku-payment\Module\JokulCheckoutModule.php on line 58
[06-Sep-2026 08:47:22 UTC] PHP Warning:  Trying to access array offset on value of type bool in C:\xampp\htdocs\wordpress\wp-content\plugins\doku-payment\Module\JokulCheckoutModule.php on line 59
[06-Sep-2026 08:47:22 UTC] PHP Warning:  Trying to access array offset on value of type bool in C:\xampp\htdocs\wordpress\wp-content\plugins\doku-payment\Module\JokulCheckoutModule.php on line 60
[06-Sep-2026 08:47:22 UTC] PHP Warning:  Trying to access array offset on value of type bool in C:\xampp\htdocs\wordpress\wp-content\plugins\doku-payment\Module\JokulCheckoutModule.php on line 69
[06-Sep-2026 08:47:22 UTC] PHP Warning:  Trying to access array offset on value of type bool in C:\xampp\htdocs\wordpress\wp-content\plugins\doku-payment\Module\JokulCheckoutModule.php on line 70
[06-Sep-2026 08:47:29 UTC] PHP Warning:  Trying to access array offset on value of type bool in C:\xampp\htdocs\wordpress\wp-content\plugins\doku-payment\Module\JokulCheckoutModule.php on line 51
[06-Sep-2026 08:47:29 UTC] PHP Warning:  Trying to access array offset on value of type bool in C:\xampp\htdocs\wordpress\wp-content\plugins\doku-payment\Module\JokulCheckoutModule.php on line 52
[06-Sep-2026 08:47:29 UTC] PHP Warning:  Trying to access array offset on value of type bool in C:\xampp\htdocs\wordpress\wp-content\plugins\doku-payment\Module\JokulCheckoutModule.php on line 53
[06-Sep-2026 08:47:29 UTC] PHP Warning:  Trying to access array offset on value of type bool in C:\xampp\htdocs\wordpress\wp-content\plugins\doku-payment\Module\JokulCheckoutModule.php on line 54
[06-Sep-2026 08:47:29 UTC] PHP Warning:  Trying to access array offset on value of type bool in C:\xampp\htdocs\wordpress\wp-content\plugins\doku-payment\Module\JokulCheckoutModule.php on line 55
[06-Sep-2026 08:47:29 UTC] PHP Warning:  Trying to access array offset on value of type bool in C:\xampp\htdocs\wordpress\wp-content\plugins\doku-payment\Module\JokulCheckoutModule.php on line 56
[06-Sep-2026 08:47:29 UTC] PHP Warning:  Trying to access array offset on value of type bool in C:\xampp\htdocs\wordpress\wp-content\plugins\doku-payment\Module\JokulCheckoutModule.php on line 57
[06-Sep-2026 08:47:29 UTC] PHP Warning:  Trying to access array offset on value of type bool in C:\xampp\htdocs\wordpress\wp-content\plugins\doku-payment\Module\JokulCheckoutModule.php on line 58
[06-Sep-2026 08:47:29 UTC] PHP Warning:  Trying to access array offset on value of type bool in C:\xampp\htdocs\wordpress\wp-content\plugins\doku-payment\Module\JokulCheckoutModule.php on line 59
[06-Sep-2026 08:47:29 UTC] PHP Warning:  Trying to access array offset on value of type bool in C:\xampp\htdocs\wordpress\wp-content\plugins\doku-payment\Module\JokulCheckoutModule.php on line 60
[06-Sep-2026 08:47:29 UTC] PHP Warning:  Trying to access array offset on value of type bool in C:\xampp\htdocs\wordpress\wp-content\plugins\doku-payment\Module\JokulCheckoutModule.php on line 69
[06-Sep-2026 08:47:29 UTC] PHP Warning:  Trying to access array offset on value of type bool in C:\xampp\htdocs\wordpress\wp-content\plugins\doku-payment\Module\JokulCheckoutModule.php on line 70
[06-Sep-2026 08:47:30 UTC] PHP Warning:  Trying to access array offset on value of type bool in C:\xampp\htdocs\wordpress\wp-content\plugins\doku-payment\Module\JokulCheckoutModule.php on line 51
[06-Sep-2026 08:47:30 UTC] PHP Warning:  Trying to access array offset on value of type bool in C:\xampp\htdocs\wordpress\wp-content\plugins\doku-payment\Module\JokulCheckoutModule.php on line 52
[06-Sep-2026 08:47:30 UTC] PHP Warning:  Trying to access array offset on value of type bool in C:\xampp\htdocs\wordpress\wp-content\plugins\doku-payment\Module\JokulCheckoutModule.php on line 53
[06-Sep-2026 08:47:30 UTC] PHP Warning:  Trying to access array offset on value of type bool in C:\xampp\htdocs\wordpress\wp-content\plugins\doku-payment\Module\JokulCheckoutModule.php on line 54
[06-Sep-2026 08:47:30 UTC] PHP Warning:  Trying to access array offset on value of type bool in C:\xampp\htdocs\wordpress\wp-content\plugins\doku-payment\Module\JokulCheckoutModule.php on line 55
[06-Sep-2026 08:47:30 UTC] PHP Warning:  Trying to access array offset on value of type bool in C:\xampp\htdocs\wordpress\wp-content\plugins\doku-payment\Module\JokulCheckoutModule.php on line 56
[06-Sep-2026 08:47:30 UTC] PHP Warning:  Trying to access array offset on value of type bool in C:\xampp\htdocs\wordpress\wp-content\plugins\doku-payment\Module\JokulCheckoutModule.php on line 57
[06-Sep-2026 08:47:30 UTC] PHP Warning:  Trying to access array offset on value of type bool in C:\xampp\htdocs\wordpress\wp-content\plugins\doku-payment\Module\JokulCheckoutModule.php on line 58
[06-Sep-2026 08:47:30 UTC] PHP Warning:  Trying to access array offset on value of type bool in C:\xampp\htdocs\wordpress\wp-content\plugins\doku-payment\Module\JokulCheckoutModule.php on line 59
[06-Sep-2026 08:47:30 UTC] PHP Warning:  Trying to access array offset on value of type bool in C:\xampp\htdocs\wordpress\wp-content\plugins\doku-payment\Module\JokulCheckoutModule.php on line 60
[06-Sep-2026 08:47:30 UTC] PHP Warning:  Trying to access array offset on value of type bool in C:\xampp\htdocs\wordpress\wp-content\plugins\doku-payment\Module\JokulCheckoutModule.php on line 69
[06-Sep-2026 08:47:30 UTC] PHP Warning:  Trying to access array offset on value of type bool in C:\xampp\htdocs\wordpress\wp-content\plugins\doku-payment\Module\JokulCheckoutModule.php on line 70
[06-Sep-2026 08:47:34 UTC] PHP Warning:  Trying to access array offset on value of type bool in C:\xampp\htdocs\wordpress\wp-content\plugins\doku-payment\Module\JokulCheckoutModule.php on line 51
[06-Sep-2026 08:47:34 UTC] PHP Warning:  Trying to access array offset on value of type bool in C:\xampp\htdocs\wordpress\wp-content\plugins\doku-payment\Module\JokulCheckoutModule.php on line 51
[06-Sep-2026 08:47:34 UTC] PHP Warning:  Trying to access array offset on value of type bool in C:\xampp\htdocs\wordpress\wp-content\plugins\doku-payment\Module\JokulCheckoutModule.php on line 52
[06-Sep-2026 08:47:34 UTC] PHP Warning:  Trying to access array offset on value of type bool in C:\xampp\htdocs\wordpress\wp-content\plugins\doku-payment\Module\JokulCheckoutModule.php on line 52
[06-Sep-2026 08:47:34 UTC] PHP Warning:  Trying to access array offset on value of type bool in C:\xampp\htdocs\wordpress\wp-content\plugins\doku-payment\Module\JokulCheckoutModule.php on line 53
[06-Sep-2026 08:47:34 UTC] PHP Warning:  Trying to access array offset on value of type bool in C:\xampp\htdocs\wordpress\wp-content\plugins\doku-payment\Module\JokulCheckoutModule.php on line 53
[06-Sep-2026 08:47:34 UTC] PHP Warning:  Trying to access array offset on value of type bool in C:\xampp\htdocs\wordpress\wp-content\plugins\doku-payment\Module\JokulCheckoutModule.php on line 54
[06-Sep-2026 08:47:34 UTC] PHP Warning:  Trying to access array offset on value of type bool in C:\xampp\htdocs\wordpress\wp-content\plugins\doku-payment\Module\JokulCheckoutModule.php on line 54
[06-Sep-2026 08:47:34 UTC] PHP Warning:  Trying to access array offset on value of type bool in C:\xampp\htdocs\wordpress\wp-content\plugins\doku-payment\Module\JokulCheckoutModule.php on line 55
[06-Sep-2026 08:47:34 UTC] PHP Warning:  Trying to access array offset on value of type bool in C:\xampp\htdocs\wordpress\wp-content\plugins\doku-payment\Module\JokulCheckoutModule.php on line 55
[06-Sep-2026 08:47:34 UTC] PHP Warning:  Trying to access array offset on value of type bool in C:\xampp\htdocs\wordpress\wp-content\plugins\doku-payment\Module\JokulCheckoutModule.php on line 56
[06-Sep-2026 08:47:34 UTC] PHP Warning:  Trying to access array offset on value of type bool in C:\xampp\htdocs\wordpress\wp-content\plugins\doku-payment\Module\JokulCheckoutModule.php on line 56
[06-Sep-2026 08:47:34 UTC] PHP Warning:  Trying to access array offset on value of type bool in C:\xampp\htdocs\wordpress\wp-content\plugins\doku-payment\Module\JokulCheckoutModule.php on line 57
[06-Sep-2026 08:47:34 UTC] PHP Warning:  Trying to access array offset on value of type bool in C:\xampp\htdocs\wordpress\wp-content\plugins\doku-payment\Module\JokulCheckoutModule.php on line 57
[06-Sep-2026 08:47:34 UTC] PHP Warning:  Trying to access array offset on value of type bool in C:\xampp\htdocs\wordpress\wp-content\plugins\doku-payment\Module\JokulCheckoutModule.php on line 58
[06-Sep-2026 08:47:34 UTC] PHP Warning:  Trying to access array offset on value of type bool in C:\xampp\htdocs\wordpress\wp-content\plugins\doku-payment\Module\JokulCheckoutModule.php on line 58
[06-Sep-2026 08:47:34 UTC] PHP Warning:  Trying to access array offset on value of type bool in C:\xampp\htdocs\wordpress\wp-content\plugins\doku-payment\Module\JokulCheckoutModule.php on line 59
[06-Sep-2026 08:47:34 UTC] PHP Warning:  Trying to access array offset on value of type bool in C:\xampp\htdocs\wordpress\wp-content\plugins\doku-payment\Module\JokulCheckoutModule.php on line 59
[06-Sep-2026 08:47:34 UTC] PHP Warning:  Trying to access array offset on value of type bool in C:\xampp\htdocs\wordpress\wp-content\plugins\doku-payment\Module\JokulCheckoutModule.php on line 60
[06-Sep-2026 08:47:34 UTC] PHP Warning:  Trying to access array offset on value of type bool in C:\xampp\htdocs\wordpress\wp-content\plugins\doku-payment\Module\JokulCheckoutModule.php on line 60
[06-Sep-2026 08:47:34 UTC] PHP Warning:  Trying to access array offset on value of type bool in C:\xampp\htdocs\wordpress\wp-content\plugins\doku-payment\Module\JokulCheckoutModule.php on line 69
[06-Sep-2026 08:47:34 UTC] PHP Warning:  Trying to access array offset on value of type bool in C:\xampp\htdocs\wordpress\wp-content\plugins\doku-payment\Module\JokulCheckoutModule.php on line 69
[06-Sep-2026 08:47:34 UTC] PHP Warning:  Trying to access array offset on value of type bool in C:\xampp\htdocs\wordpress\wp-content\plugins\doku-payment\Module\JokulCheckoutModule.php on line 70
[06-Sep-2026 08:47:34 UTC] PHP Warning:  Trying to access array offset on value of type bool in C:\xampp\htdocs\wordpress\wp-content\plugins\doku-payment\Module\JokulCheckoutModule.php on line 70
[06-Sep-2026 08:47:34 UTC] PHP Warning:  Trying to access array offset on value of type bool in C:\xampp\htdocs\wordpress\wp-content\plugins\doku-payment\Module\JokulCheckoutModule.php on line 51
[06-Sep-2026 08:47:34 UTC] PHP Warning:  Trying to access array offset on value of type bool in C:\xampp\htdocs\wordpress\wp-content\plugins\doku-payment\Module\JokulCheckoutModule.php on line 52
[06-Sep-2026 08:47:34 UTC] PHP Warning:  Trying to access array offset on value of type bool in C:\xampp\htdocs\wordpress\wp-content\plugins\doku-payment\Module\JokulCheckoutModule.php on line 53
[06-Sep-2026 08:47:34 UTC] PHP Warning:  Trying to access array offset on value of type bool in C:\xampp\htdocs\wordpress\wp-content\plugins\doku-payment\Module\JokulCheckoutModule.php on line 54
[06-Sep-2026 08:47:34 UTC] PHP Warning:  Trying to access array offset on value of type bool in C:\xampp\htdocs\wordpress\wp-content\plugins\doku-payment\Module\JokulCheckoutModule.php on line 55
[06-Sep-2026 08:47:34 UTC] PHP Warning:  Trying to access array offset on value of type bool in C:\xampp\htdocs\wordpress\wp-content\plugins\doku-payment\Module\JokulCheckoutModule.php on line 56
[06-Sep-2026 08:47:34 UTC] PHP Warning:  Trying to access array offset on value of type bool in C:\xampp\htdocs\wordpress\wp-content\plugins\doku-payment\Module\JokulCheckoutModule.php on line 57
[06-Sep-2026 08:47:34 UTC] PHP Warning:  Trying to access array offset on value of type bool in C:\xampp\htdocs\wordpress\wp-content\plugins\doku-payment\Module\JokulCheckoutModule.php on line 58
[06-Sep-2026 08:47:34 UTC] PHP Warning:  Trying to access array offset on value of type bool in C:\xampp\htdocs\wordpress\wp-content\plugins\doku-payment\Module\JokulCheckoutModule.php on line 59
[06-Sep-2026 08:47:34 UTC] PHP Warning:  Trying to access array offset on value of type bool in C:\xampp\htdocs\wordpress\wp-content\plugins\doku-payment\Module\JokulCheckoutModule.php on line 60
[06-Sep-2026 08:47:34 UTC] PHP Warning:  Trying to access array offset on value of type bool in C:\xampp\htdocs\wordpress\wp-content\plugins\doku-payment\Module\JokulCheckoutModule.php on line 69
[06-Sep-2026 08:47:34 UTC] PHP Warning:  Trying to access array offset on value of type bool in C:\xampp\htdocs\wordpress\wp-content\plugins\doku-payment\Module\JokulCheckoutModule.php on line 70
[06-Sep-2026 08:48:36 UTC] PHP Warning:  Trying to access array offset on value of type bool in C:\xampp\htdocs\wordpress\wp-content\plugins\doku-payment\Module\JokulCheckoutModule.php on line 51
[06-Sep-2026 08:48:36 UTC] PHP Warning:  Trying to access array offset on value of type bool in C:\xampp\htdocs\wordpress\wp-content\plugins\doku-payment\Module\JokulCheckoutModule.php on line 52
[06-Sep-2026 08:48:36 UTC] PHP Warning:  Trying to access array offset on value of type bool in C:\xampp\htdocs\wordpress\wp-content\plugins\doku-payment\Module\JokulCheckoutModule.php on line 53
[06-Sep-2026 08:48:36 UTC] PHP Warning:  Trying to access array offset on value of type bool in C:\xampp\htdocs\wordpress\wp-content\plugins\doku-payment\Module\JokulCheckoutModule.php on line 54
[06-Sep-2026 08:48:36 UTC] PHP Warning:  Trying to access array offset on value of type bool in C:\xampp\htdocs\wordpress\wp-content\plugins\doku-payment\Module\JokulCheckoutModule.php on line 55
[06-Sep-2026 08:48:36 UTC] PHP Warning:  Trying to access array offset on value of type bool in C:\xampp\htdocs\wordpress\wp-content\plugins\doku-payment\Module\JokulCheckoutModule.php on line 56
[06-Sep-2026 08:48:36 UTC] PHP Warning:  Trying to access array offset on value of type bool in C:\xampp\htdocs\wordpress\wp-content\plugins\doku-payment\Module\JokulCheckoutModule.php on line 57
[06-Sep-2026 08:48:36 UTC] PHP Warning:  Trying to access array offset on value of type bool in C:\xampp\htdocs\wordpress\wp-content\plugins\doku-payment\Module\JokulCheckoutModule.php on line 58
[06-Sep-2026 08:48:36 UTC] PHP Warning:  Trying to access array offset on value of type bool in C:\xampp\htdocs\wordpress\wp-content\plugins\doku-payment\Module\JokulCheckoutModule.php on line 59
[06-Sep-2026 08:48:36 UTC] PHP Warning:  Trying to access array offset on value of type bool in C:\xampp\htdocs\wordpress\wp-content\plugins\doku-payment\Module\JokulCheckoutModule.php on line 60
[06-Sep-2026 08:48:36 UTC] PHP Warning:  Trying to access array offset on value of type bool in C:\xampp\htdocs\wordpress\wp-content\plugins\doku-payment\Module\JokulCheckoutModule.php on line 69
[06-Sep-2026 08:48:36 UTC] PHP Warning:  Trying to access array offset on value of type bool in C:\xampp\htdocs\wordpress\wp-content\plugins\doku-payment\Module\JokulCheckoutModule.php on line 70
[06-Sep-2026 08:48:40 UTC] PHP Warning:  Trying to access array offset on value of type bool in C:\xampp\htdocs\wordpress\wp-content\plugins\doku-payment\Module\JokulCheckoutModule.php on line 51
[06-Sep-2026 08:48:40 UTC] PHP Warning:  Trying to access array offset on value of type bool in C:\xampp\htdocs\wordpress\wp-content\plugins\doku-payment\Module\JokulCheckoutModule.php on line 52
[06-Sep-2026 08:48:40 UTC] PHP Warning:  Trying to access array offset on value of type bool in C:\xampp\htdocs\wordpress\wp-content\plugins\doku-payment\Module\JokulCheckoutModule.php on line 53
[06-Sep-2026 08:48:40 UTC] PHP Warning:  Trying to access array offset on value of type bool in C:\xampp\htdocs\wordpress\wp-content\plugins\doku-payment\Module\JokulCheckoutModule.php on line 54
[06-Sep-2026 08:48:40 UTC] PHP Warning:  Trying to access array offset on value of type bool in C:\xampp\htdocs\wordpress\wp-content\plugins\doku-payment\Module\JokulCheckoutModule.php on line 55
[06-Sep-2026 08:48:40 UTC] PHP Warning:  Trying to access array offset on value of type bool in C:\xampp\htdocs\wordpress\wp-content\plugins\doku-payment\Module\JokulCheckoutModule.php on line 56
[06-Sep-2026 08:48:40 UTC] PHP Warning:  Trying to access array offset on value of type bool in C:\xampp\htdocs\wordpress\wp-content\plugins\doku-payment\Module\JokulCheckoutModule.php on line 57
[06-Sep-2026 08:48:40 UTC] PHP Warning:  Trying to access array offset on value of type bool in C:\xampp\htdocs\wordpress\wp-content\plugins\doku-payment\Module\JokulCheckoutModule.php on line 58
[06-Sep-2026 08:48:40 UTC] PHP Warning:  Trying to access array offset on value of type bool in C:\xampp\htdocs\wordpress\wp-content\plugins\doku-payment\Module\JokulCheckoutModule.php on line 59
[06-Sep-2026 08:48:40 UTC] PHP Warning:  Trying to access array offset on value of type bool in C:\xampp\htdocs\wordpress\wp-content\plugins\doku-payment\Module\JokulCheckoutModule.php on line 60
[06-Sep-2026 08:48:40 UTC] PHP Warning:  Trying to access array offset on value of type bool in C:\xampp\htdocs\wordpress\wp-content\plugins\doku-payment\Module\JokulCheckoutModule.php on line 69
[06-Sep-2026 08:48:40 UTC] PHP Warning:  Trying to access array offset on value of type bool in C:\xampp\htdocs\wordpress\wp-content\plugins\doku-payment\Module\JokulCheckoutModule.php on line 70
[06-Sep-2026 08:50:37 UTC] PHP Warning:  Trying to access array offset on value of type bool in C:\xampp\htdocs\wordpress\wp-content\plugins\doku-payment\Module\JokulCheckoutModule.php on line 51
[06-Sep-2026 08:50:37 UTC] PHP Warning:  Trying to access array offset on value of type bool in C:\xampp\htdocs\wordpress\wp-content\plugins\doku-payment\Module\JokulCheckoutModule.php on line 52
[06-Sep-2026 08:50:37 UTC] PHP Warning:  Trying to access array offset on value of type bool in C:\xampp\htdocs\wordpress\wp-content\plugins\doku-payment\Module\JokulCheckoutModule.php on line 53
[06-Sep-2026 08:50:37 UTC] PHP Warning:  Trying to access array offset on value of type bool in C:\xampp\htdocs\wordpress\wp-content\plugins\doku-payment\Module\JokulCheckoutModule.php on line 54
[06-Sep-2026 08:50:37 UTC] PHP Warning:  Trying to access array offset on value of type bool in C:\xampp\htdocs\wordpress\wp-content\plugins\doku-payment\Module\JokulCheckoutModule.php on line 55
[06-Sep-2026 08:50:37 UTC] PHP Warning:  Trying to access array offset on value of type bool in C:\xampp\htdocs\wordpress\wp-content\plugins\doku-payment\Module\JokulCheckoutModule.php on line 56
[06-Sep-2026 08:50:37 UTC] PHP Warning:  Trying to access array offset on value of type bool in C:\xampp\htdocs\wordpress\wp-content\plugins\doku-payment\Module\JokulCheckoutModule.php on line 57
[06-Sep-2026 08:50:37 UTC] PHP Warning:  Trying to access array offset on value of type bool in C:\xampp\htdocs\wordpress\wp-content\plugins\doku-payment\Module\JokulCheckoutModule.php on line 58
[06-Sep-2026 08:50:37 UTC] PHP Warning:  Trying to access array offset on value of type bool in C:\xampp\htdocs\wordpress\wp-content\plugins\doku-payment\Module\JokulCheckoutModule.php on line 59
[06-Sep-2026 08:50:37 UTC] PHP Warning:  Trying to access array offset on value of type bool in C:\xampp\htdocs\wordpress\wp-content\plugins\doku-payment\Module\JokulCheckoutModule.php on line 60
[06-Sep-2026 08:50:37 UTC] PHP Warning:  Trying to access array offset on value of type bool in C:\xampp\htdocs\wordpress\wp-content\plugins\doku-payment\Module\JokulCheckoutModule.php on line 69
[06-Sep-2026 08:50:37 UTC] PHP Warning:  Trying to access array offset on value of type bool in C:\xampp\htdocs\wordpress\wp-content\plugins\doku-payment\Module\JokulCheckoutModule.php on line 70
[06-Sep-2026 08:50:41 UTC] PHP Warning:  Trying to access array offset on value of type bool in C:\xampp\htdocs\wordpress\wp-content\plugins\doku-payment\Module\JokulCheckoutModule.php on line 51
[06-Sep-2026 08:50:41 UTC] PHP Warning:  Trying to access array offset on value of type bool in C:\xampp\htdocs\wordpress\wp-content\plugins\doku-payment\Module\JokulCheckoutModule.php on line 52
[06-Sep-2026 08:50:41 UTC] PHP Warning:  Trying to access array offset on value of type bool in C:\xampp\htdocs\wordpress\wp-content\plugins\doku-payment\Module\JokulCheckoutModule.php on line 53
[06-Sep-2026 08:50:41 UTC] PHP Warning:  Trying to access array offset on value of type bool in C:\xampp\htdocs\wordpress\wp-content\plugins\doku-payment\Module\JokulCheckoutModule.php on line 54
[06-Sep-2026 08:50:41 UTC] PHP Warning:  Trying to access array offset on value of type bool in C:\xampp\htdocs\wordpress\wp-content\plugins\doku-payment\Module\JokulCheckoutModule.php on line 55
[06-Sep-2026 08:50:41 UTC] PHP Warning:  Trying to access array offset on value of type bool in C:\xampp\htdocs\wordpress\wp-content\plugins\doku-payment\Module\JokulCheckoutModule.php on line 56
[06-Sep-2026 08:50:41 UTC] PHP Warning:  Trying to access array offset on value of type bool in C:\xampp\htdocs\wordpress\wp-content\plugins\doku-payment\Module\JokulCheckoutModule.php on line 57
[06-Sep-2026 08:50:41 UTC] PHP Warning:  Trying to access array offset on value of type bool in C:\xampp\htdocs\wordpress\wp-content\plugins\doku-payment\Module\JokulCheckoutModule.php on line 58
[06-Sep-2026 08:50:41 UTC] PHP Warning:  Trying to access array offset on value of type bool in C:\xampp\htdocs\wordpress\wp-content\plugins\doku-payment\Module\JokulCheckoutModule.php on line 59
[06-Sep-2026 08:50:41 UTC] PHP Warning:  Trying to access array offset on value of type bool in C:\xampp\htdocs\wordpress\wp-content\plugins\doku-payment\Module\JokulCheckoutModule.php on line 60
[06-Sep-2026 08:50:41 UTC] PHP Warning:  Trying to access array offset on value of type bool in C:\xampp\htdocs\wordpress\wp-content\plugins\doku-payment\Module\JokulCheckoutModule.php on line 69
[06-Sep-2026 08:50:41 UTC] PHP Warning:  Trying to access array offset on value of type bool in C:\xampp\htdocs\wordpress\wp-content\plugins\doku-payment\Module\JokulCheckoutModule.php on line 70
[06-Sep-2026 08:52:37 UTC] PHP Warning:  Trying to access array offset on value of type bool in C:\xampp\htdocs\wordpress\wp-content\plugins\doku-payment\Module\JokulCheckoutModule.php on line 51
[06-Sep-2026 08:52:37 UTC] PHP Warning:  Trying to access array offset on value of type bool in C:\xampp\htdocs\wordpress\wp-content\plugins\doku-payment\Module\JokulCheckoutModule.php on line 52
[06-Sep-2026 08:52:37 UTC] PHP Warning:  Trying to access array offset on value of type bool in C:\xampp\htdocs\wordpress\wp-content\plugins\doku-payment\Module\JokulCheckoutModule.php on line 53
[06-Sep-2026 08:52:37 UTC] PHP Warning:  Trying to access array offset on value of type bool in C:\xampp\htdocs\wordpress\wp-content\plugins\doku-payment\Module\JokulCheckoutModule.php on line 54
[06-Sep-2026 08:52:37 UTC] PHP Warning:  Trying to access array offset on value of type bool in C:\xampp\htdocs\wordpress\wp-content\plugins\doku-payment\Module\JokulCheckoutModule.php on line 55
[06-Sep-2026 08:52:37 UTC] PHP Warning:  Trying to access array offset on value of type bool in C:\xampp\htdocs\wordpress\wp-content\plugins\doku-payment\Module\JokulCheckoutModule.php on line 56
[06-Sep-2026 08:52:37 UTC] PHP Warning:  Trying to access array offset on value of type bool in C:\xampp\htdocs\wordpress\wp-content\plugins\doku-payment\Module\JokulCheckoutModule.php on line 57
[06-Sep-2026 08:52:37 UTC] PHP Warning:  Trying to access array offset on value of type bool in C:\xampp\htdocs\wordpress\wp-content\plugins\doku-payment\Module\JokulCheckoutModule.php on line 58
[06-Sep-2026 08:52:37 UTC] PHP Warning:  Trying to access array offset on value of type bool in C:\xampp\htdocs\wordpress\wp-content\plugins\doku-payment\Module\JokulCheckoutModule.php on line 59
[06-Sep-2026 08:52:37 UTC] PHP Warning:  Trying to access array offset on value of type bool in C:\xampp\htdocs\wordpress\wp-content\plugins\doku-payment\Module\JokulCheckoutModule.php on line 60
[06-Sep-2026 08:52:37 UTC] PHP Warning:  Trying to access array offset on value of type bool in C:\xampp\htdocs\wordpress\wp-content\plugins\doku-payment\Module\JokulCheckoutModule.php on line 69
[06-Sep-2026 08:52:37 UTC] PHP Warning:  Trying to access array offset on value of type bool in C:\xampp\htdocs\wordpress\wp-content\plugins\doku-payment\Module\JokulCheckoutModule.php on line 70
[06-Sep-2026 08:52:41 UTC] PHP Warning:  Trying to access array offset on value of type bool in C:\xampp\htdocs\wordpress\wp-content\plugins\doku-payment\Module\JokulCheckoutModule.php on line 51
[06-Sep-2026 08:52:41 UTC] PHP Warning:  Trying to access array offset on value of type bool in C:\xampp\htdocs\wordpress\wp-content\plugins\doku-payment\Module\JokulCheckoutModule.php on line 52
[06-Sep-2026 08:52:41 UTC] PHP Warning:  Trying to access array offset on value of type bool in C:\xampp\htdocs\wordpress\wp-content\plugins\doku-payment\Module\JokulCheckoutModule.php on line 53
[06-Sep-2026 08:52:41 UTC] PHP Warning:  Trying to access array offset on value of type bool in C:\xampp\htdocs\wordpress\wp-content\plugins\doku-payment\Module\JokulCheckoutModule.php on line 54
[06-Sep-2026 08:52:41 UTC] PHP Warning:  Trying to access array offset on value of type bool in C:\xampp\htdocs\wordpress\wp-content\plugins\doku-payment\Module\JokulCheckoutModule.php on line 55
[06-Sep-2026 08:52:41 UTC] PHP Warning:  Trying to access array offset on value of type bool in C:\xampp\htdocs\wordpress\wp-content\plugins\doku-payment\Module\JokulCheckoutModule.php on line 56
[06-Sep-2026 08:52:41 UTC] PHP Warning:  Trying to access array offset on value of type bool in C:\xampp\htdocs\wordpress\wp-content\plugins\doku-payment\Module\JokulCheckoutModule.php on line 57
[06-Sep-2026 08:52:41 UTC] PHP Warning:  Trying to access array offset on value of type bool in C:\xampp\htdocs\wordpress\wp-content\plugins\doku-payment\Module\JokulCheckoutModule.php on line 58
[06-Sep-2026 08:52:41 UTC] PHP Warning:  Trying to access array offset on value of type bool in C:\xampp\htdocs\wordpress\wp-content\plugins\doku-payment\Module\JokulCheckoutModule.php on line 59
[06-Sep-2026 08:52:41 UTC] PHP Warning:  Trying to access array offset on value of type bool in C:\xampp\htdocs\wordpress\wp-content\plugins\doku-payment\Module\JokulCheckoutModule.php on line 60
[06-Sep-2026 08:52:41 UTC] PHP Warning:  Trying to access array offset on value of type bool in C:\xampp\htdocs\wordpress\wp-content\plugins\doku-payment\Module\JokulCheckoutModule.php on line 69
[06-Sep-2026 08:52:41 UTC] PHP Warning:  Trying to access array offset on value of type bool in C:\xampp\htdocs\wordpress\wp-content\plugins\doku-payment\Module\JokulCheckoutModule.php on line 70
[06-Sep-2026 08:53:39 UTC] PHP Warning:  Trying to access array offset on value of type bool in C:\xampp\htdocs\wordpress\wp-content\plugins\doku-payment\Module\JokulCheckoutModule.php on line 51
[06-Sep-2026 08:53:39 UTC] PHP Warning:  Trying to access array offset on value of type bool in C:\xampp\htdocs\wordpress\wp-content\plugins\doku-payment\Module\JokulCheckoutModule.php on line 52
[06-Sep-2026 08:53:39 UTC] PHP Warning:  Trying to access array offset on value of type bool in C:\xampp\htdocs\wordpress\wp-content\plugins\doku-payment\Module\JokulCheckoutModule.php on line 53
[06-Sep-2026 08:53:39 UTC] PHP Warning:  Trying to access array offset on value of type bool in C:\xampp\htdocs\wordpress\wp-content\plugins\doku-payment\Module\JokulCheckoutModule.php on line 54
[06-Sep-2026 08:53:39 UTC] PHP Warning:  Trying to access array offset on value of type bool in C:\xampp\htdocs\wordpress\wp-content\plugins\doku-payment\Module\JokulCheckoutModule.php on line 55
[06-Sep-2026 08:53:39 UTC] PHP Warning:  Trying to access array offset on value of type bool in C:\xampp\htdocs\wordpress\wp-content\plugins\doku-payment\Module\JokulCheckoutModule.php on line 56
[06-Sep-2026 08:53:39 UTC] PHP Warning:  Trying to access array offset on value of type bool in C:\xampp\htdocs\wordpress\wp-content\plugins\doku-payment\Module\JokulCheckoutModule.php on line 57
[06-Sep-2026 08:53:39 UTC] PHP Warning:  Trying to access array offset on value of type bool in C:\xampp\htdocs\wordpress\wp-content\plugins\doku-payment\Module\JokulCheckoutModule.php on line 58
[06-Sep-2026 08:53:39 UTC] PHP Warning:  Trying to access array offset on value of type bool in C:\xampp\htdocs\wordpress\wp-content\plugins\doku-payment\Module\JokulCheckoutModule.php on line 59
[06-Sep-2026 08:53:39 UTC] PHP Warning:  Trying to access array offset on value of type bool in C:\xampp\htdocs\wordpress\wp-content\plugins\doku-payment\Module\JokulCheckoutModule.php on line 60
[06-Sep-2026 08:53:39 UTC] PHP Warning:  Trying to access array offset on value of type bool in C:\xampp\htdocs\wordpress\wp-content\plugins\doku-payment\Module\JokulCheckoutModule.php on line 69
[06-Sep-2026 08:53:39 UTC] PHP Warning:  Trying to access array offset on value of type bool in C:\xampp\htdocs\wordpress\wp-content\plugins\doku-payment\Module\JokulCheckoutModule.php on line 70
[06-Sep-2026 08:53:42 UTC] PHP Warning:  Trying to access array offset on value of type bool in C:\xampp\htdocs\wordpress\wp-content\plugins\doku-payment\Module\JokulCheckoutModule.php on line 51
[06-Sep-2026 08:53:42 UTC] PHP Warning:  Trying to access array offset on value of type bool in C:\xampp\htdocs\wordpress\wp-content\plugins\doku-payment\Module\JokulCheckoutModule.php on line 52
[06-Sep-2026 08:53:42 UTC] PHP Warning:  Trying to access array offset on value of type bool in C:\xampp\htdocs\wordpress\wp-content\plugins\doku-payment\Module\JokulCheckoutModule.php on line 53
[06-Sep-2026 08:53:42 UTC] PHP Warning:  Trying to access array offset on value of type bool in C:\xampp\htdocs\wordpress\wp-content\plugins\doku-payment\Module\JokulCheckoutModule.php on line 54
[06-Sep-2026 08:53:42 UTC] PHP Warning:  Trying to access array offset on value of type bool in C:\xampp\htdocs\wordpress\wp-content\plugins\doku-payment\Module\JokulCheckoutModule.php on line 55
[06-Sep-2026 08:53:42 UTC] PHP Warning:  Trying to access array offset on value of type bool in C:\xampp\htdocs\wordpress\wp-content\plugins\doku-payment\Module\JokulCheckoutModule.php on line 56
[06-Sep-2026 08:53:42 UTC] PHP Warning:  Trying to access array offset on value of type bool in C:\xampp\htdocs\wordpress\wp-content\plugins\doku-payment\Module\JokulCheckoutModule.php on line 57
[06-Sep-2026 08:53:42 UTC] PHP Warning:  Trying to access array offset on value of type bool in C:\xampp\htdocs\wordpress\wp-content\plugins\doku-payment\Module\JokulCheckoutModule.php on line 58
[06-Sep-2026 08:53:42 UTC] PHP Warning:  Trying to access array offset on value of type bool in C:\xampp\htdocs\wordpress\wp-content\plugins\doku-payment\Module\JokulCheckoutModule.php on line 59
[06-Sep-2026 08:53:42 UTC] PHP Warning:  Trying to access array offset on value of type bool in C:\xampp\htdocs\wordpress\wp-content\plugins\doku-payment\Module\JokulCheckoutModule.php on line 60
[06-Sep-2026 08:53:42 UTC] PHP Warning:  Trying to access array offset on value of type bool in C:\xampp\htdocs\wordpress\wp-content\plugins\doku-payment\Module\JokulCheckoutModule.php on line 69
[06-Sep-2026 08:53:42 UTC] PHP Warning:  Trying to access array offset on value of type bool in C:\xampp\htdocs\wordpress\wp-content\plugins\doku-payment\Module\JokulCheckoutModule.php on line 70
[06-Sep-2026 08:54:39 UTC] PHP Warning:  Trying to access array offset on value of type bool in C:\xampp\htdocs\wordpress\wp-content\plugins\doku-payment\Module\JokulCheckoutModule.php on line 51
[06-Sep-2026 08:54:39 UTC] PHP Warning:  Trying to access array offset on value of type bool in C:\xampp\htdocs\wordpress\wp-content\plugins\doku-payment\Module\JokulCheckoutModule.php on line 52
[06-Sep-2026 08:54:39 UTC] PHP Warning:  Trying to access array offset on value of type bool in C:\xampp\htdocs\wordpress\wp-content\plugins\doku-payment\Module\JokulCheckoutModule.php on line 53
[06-Sep-2026 08:54:39 UTC] PHP Warning:  Trying to access array offset on value of type bool in C:\xampp\htdocs\wordpress\wp-content\plugins\doku-payment\Module\JokulCheckoutModule.php on line 54
[06-Sep-2026 08:54:39 UTC] PHP Warning:  Trying to access array offset on value of type bool in C:\xampp\htdocs\wordpress\wp-content\plugins\doku-payment\Module\JokulCheckoutModule.php on line 55
[06-Sep-2026 08:54:39 UTC] PHP Warning:  Trying to access array offset on value of type bool in C:\xampp\htdocs\wordpress\wp-content\plugins\doku-payment\Module\JokulCheckoutModule.php on line 56
[06-Sep-2026 08:54:39 UTC] PHP Warning:  Trying to access array offset on value of type bool in C:\xampp\htdocs\wordpress\wp-content\plugins\doku-payment\Module\JokulCheckoutModule.php on line 57
[06-Sep-2026 08:54:39 UTC] PHP Warning:  Trying to access array offset on value of type bool in C:\xampp\htdocs\wordpress\wp-content\plugins\doku-payment\Module\JokulCheckoutModule.php on line 58
[06-Sep-2026 08:54:39 UTC] PHP Warning:  Trying to access array offset on value of type bool in C:\xampp\htdocs\wordpress\wp-content\plugins\doku-payment\Module\JokulCheckoutModule.php on line 59
[06-Sep-2026 08:54:39 UTC] PHP Warning:  Trying to access array offset on value of type bool in C:\xampp\htdocs\wordpress\wp-content\plugins\doku-payment\Module\JokulCheckoutModule.php on line 60
[06-Sep-2026 08:54:39 UTC] PHP Warning:  Trying to access array offset on value of type bool in C:\xampp\htdocs\wordpress\wp-content\plugins\doku-payment\Module\JokulCheckoutModule.php on line 69
[06-Sep-2026 08:54:39 UTC] PHP Warning:  Trying to access array offset on value of type bool in C:\xampp\htdocs\wordpress\wp-content\plugins\doku-payment\Module\JokulCheckoutModule.php on line 70
[06-Sep-2026 08:54:42 UTC] PHP Warning:  Trying to access array offset on value of type bool in C:\xampp\htdocs\wordpress\wp-content\plugins\doku-payment\Module\JokulCheckoutModule.php on line 51
[06-Sep-2026 08:54:42 UTC] PHP Warning:  Trying to access array offset on value of type bool in C:\xampp\htdocs\wordpress\wp-content\plugins\doku-payment\Module\JokulCheckoutModule.php on line 52
[06-Sep-2026 08:54:42 UTC] PHP Warning:  Trying to access array offset on value of type bool in C:\xampp\htdocs\wordpress\wp-content\plugins\doku-payment\Module\JokulCheckoutModule.php on line 53
[06-Sep-2026 08:54:42 UTC] PHP Warning:  Trying to access array offset on value of type bool in C:\xampp\htdocs\wordpress\wp-content\plugins\doku-payment\Module\JokulCheckoutModule.php on line 54
[06-Sep-2026 08:54:42 UTC] PHP Warning:  Trying to access array offset on value of type bool in C:\xampp\htdocs\wordpress\wp-content\plugins\doku-payment\Module\JokulCheckoutModule.php on line 55
[06-Sep-2026 08:54:42 UTC] PHP Warning:  Trying to access array offset on value of type bool in C:\xampp\htdocs\wordpress\wp-content\plugins\doku-payment\Module\JokulCheckoutModule.php on line 56
[06-Sep-2026 08:54:42 UTC] PHP Warning:  Trying to access array offset on value of type bool in C:\xampp\htdocs\wordpress\wp-content\plugins\doku-payment\Module\JokulCheckoutModule.php on line 57
[06-Sep-2026 08:54:42 UTC] PHP Warning:  Trying to access array offset on value of type bool in C:\xampp\htdocs\wordpress\wp-content\plugins\doku-payment\Module\JokulCheckoutModule.php on line 58
[06-Sep-2026 08:54:42 UTC] PHP Warning:  Trying to access array offset on value of type bool in C:\xampp\htdocs\wordpress\wp-content\plugins\doku-payment\Module\JokulCheckoutModule.php on line 59
[06-Sep-2026 08:54:42 UTC] PHP Warning:  Trying to access array offset on value of type bool in C:\xampp\htdocs\wordpress\wp-content\plugins\doku-payment\Module\JokulCheckoutModule.php on line 60
[06-Sep-2026 08:54:42 UTC] PHP Warning:  Trying to access array offset on value of type bool in C:\xampp\htdocs\wordpress\wp-content\plugins\doku-payment\Module\JokulCheckoutModule.php on line 69
[06-Sep-2026 08:54:42 UTC] PHP Warning:  Trying to access array offset on value of type bool in C:\xampp\htdocs\wordpress\wp-content\plugins\doku-payment\Module\JokulCheckoutModule.php on line 70
[06-Sep-2026 08:54:43 UTC] PHP Warning:  Trying to access array offset on value of type bool in C:\xampp\htdocs\wordpress\wp-content\plugins\doku-payment\Module\JokulCheckoutModule.php on line 51
[06-Sep-2026 08:54:43 UTC] PHP Warning:  Trying to access array offset on value of type bool in C:\xampp\htdocs\wordpress\wp-content\plugins\doku-payment\Module\JokulCheckoutModule.php on line 52
[06-Sep-2026 08:54:43 UTC] PHP Warning:  Trying to access array offset on value of type bool in C:\xampp\htdocs\wordpress\wp-content\plugins\doku-payment\Module\JokulCheckoutModule.php on line 53
[06-Sep-2026 08:54:43 UTC] PHP Warning:  Trying to access array offset on value of type bool in C:\xampp\htdocs\wordpress\wp-content\plugins\doku-payment\Module\JokulCheckoutModule.php on line 54
[06-Sep-2026 08:54:43 UTC] PHP Warning:  Trying to access array offset on value of type bool in C:\xampp\htdocs\wordpress\wp-content\plugins\doku-payment\Module\JokulCheckoutModule.php on line 55
[06-Sep-2026 08:54:43 UTC] PHP Warning:  Trying to access array offset on value of type bool in C:\xampp\htdocs\wordpress\wp-content\plugins\doku-payment\Module\JokulCheckoutModule.php on line 56
[06-Sep-2026 08:54:43 UTC] PHP Warning:  Trying to access array offset on value of type bool in C:\xampp\htdocs\wordpress\wp-content\plugins\doku-payment\Module\JokulCheckoutModule.php on line 57
[06-Sep-2026 08:54:43 UTC] PHP Warning:  Trying to access array offset on value of type bool in C:\xampp\htdocs\wordpress\wp-content\plugins\doku-payment\Module\JokulCheckoutModule.php on line 58
[06-Sep-2026 08:54:43 UTC] PHP Warning:  Trying to access array offset on value of type bool in C:\xampp\htdocs\wordpress\wp-content\plugins\doku-payment\Module\JokulCheckoutModule.php on line 59
[06-Sep-2026 08:54:43 UTC] PHP Warning:  Trying to access array offset on value of type bool in C:\xampp\htdocs\wordpress\wp-content\plugins\doku-payment\Module\JokulCheckoutModule.php on line 60
[06-Sep-2026 08:54:43 UTC] PHP Warning:  Trying to access array offset on value of type bool in C:\xampp\htdocs\wordpress\wp-content\plugins\doku-payment\Module\JokulCheckoutModule.php on line 69
[06-Sep-2026 08:54:43 UTC] PHP Warning:  Trying to access array offset on value of type bool in C:\xampp\htdocs\wordpress\wp-content\plugins\doku-payment\Module\JokulCheckoutModule.php on line 70
[06-Sep-2026 08:54:43 UTC] PHP Warning:  Trying to access array offset on value of type bool in C:\xampp\htdocs\wordpress\wp-content\plugins\doku-payment\Module\JokulCheckoutModule.php on line 51
[06-Sep-2026 08:54:43 UTC] PHP Warning:  Trying to access array offset on value of type bool in C:\xampp\htdocs\wordpress\wp-content\plugins\doku-payment\Module\JokulCheckoutModule.php on line 52
[06-Sep-2026 08:54:43 UTC] PHP Warning:  Trying to access array offset on value of type bool in C:\xampp\htdocs\wordpress\wp-content\plugins\doku-payment\Module\JokulCheckoutModule.php on line 53
[06-Sep-2026 08:54:43 UTC] PHP Warning:  Trying to access array offset on value of type bool in C:\xampp\htdocs\wordpress\wp-content\plugins\doku-payment\Module\JokulCheckoutModule.php on line 54
[06-Sep-2026 08:54:43 UTC] PHP Warning:  Trying to access array offset on value of type bool in C:\xampp\htdocs\wordpress\wp-content\plugins\doku-payment\Module\JokulCheckoutModule.php on line 55
[06-Sep-2026 08:54:43 UTC] PHP Warning:  Trying to access array offset on value of type bool in C:\xampp\htdocs\wordpress\wp-content\plugins\doku-payment\Module\JokulCheckoutModule.php on line 56
[06-Sep-2026 08:54:43 UTC] PHP Warning:  Trying to access array offset on value of type bool in C:\xampp\htdocs\wordpress\wp-content\plugins\doku-payment\Module\JokulCheckoutModule.php on line 57
[06-Sep-2026 08:54:43 UTC] PHP Warning:  Trying to access array offset on value of type bool in C:\xampp\htdocs\wordpress\wp-content\plugins\doku-payment\Module\JokulCheckoutModule.php on line 58
[06-Sep-2026 08:54:43 UTC] PHP Warning:  Trying to access array offset on value of type bool in C:\xampp\htdocs\wordpress\wp-content\plugins\doku-payment\Module\JokulCheckoutModule.php on line 59
[06-Sep-2026 08:54:43 UTC] PHP Warning:  Trying to access array offset on value of type bool in C:\xampp\htdocs\wordpress\wp-content\plugins\doku-payment\Module\JokulCheckoutModule.php on line 60
[06-Sep-2026 08:54:43 UTC] PHP Warning:  Trying to access array offset on value of type bool in C:\xampp\htdocs\wordpress\wp-content\plugins\doku-payment\Module\JokulCheckoutModule.php on line 69
[06-Sep-2026 08:54:43 UTC] PHP Warning:  Trying to access array offset on value of type bool in C:\xampp\htdocs\wordpress\wp-content\plugins\doku-payment\Module\JokulCheckoutModule.php on line 70
[06-Sep-2026 08:54:43 UTC] PHP Warning:  Trying to access array offset on value of type bool in C:\xampp\htdocs\wordpress\wp-content\plugins\doku-payment\Module\JokulCheckoutModule.php on line 51
[06-Sep-2026 08:54:43 UTC] PHP Warning:  Trying to access array offset on value of type bool in C:\xampp\htdocs\wordpress\wp-content\plugins\doku-payment\Module\JokulCheckoutModule.php on line 52
[06-Sep-2026 08:54:43 UTC] PHP Warning:  Trying to access array offset on value of type bool in C:\xampp\htdocs\wordpress\wp-content\plugins\doku-payment\Module\JokulCheckoutModule.php on line 53
[06-Sep-2026 08:54:43 UTC] PHP Warning:  Trying to access array offset on value of type bool in C:\xampp\htdocs\wordpress\wp-content\plugins\doku-payment\Module\JokulCheckoutModule.php on line 54
[06-Sep-2026 08:54:43 UTC] PHP Warning:  Trying to access array offset on value of type bool in C:\xampp\htdocs\wordpress\wp-content\plugins\doku-payment\Module\JokulCheckoutModule.php on line 55
[06-Sep-2026 08:54:43 UTC] PHP Warning:  Trying to access array offset on value of type bool in C:\xampp\htdocs\wordpress\wp-content\plugins\doku-payment\Module\JokulCheckoutModule.php on line 56
[06-Sep-2026 08:54:43 UTC] PHP Warning:  Trying to access array offset on value of type bool in C:\xampp\htdocs\wordpress\wp-content\plugins\doku-payment\Module\JokulCheckoutModule.php on line 57
[06-Sep-2026 08:54:43 UTC] PHP Warning:  Trying to access array offset on value of type bool in C:\xampp\htdocs\wordpress\wp-content\plugins\doku-payment\Module\JokulCheckoutModule.php on line 58
[06-Sep-2026 08:54:43 UTC] PHP Warning:  Trying to access array offset on value of type bool in C:\xampp\htdocs\wordpress\wp-content\plugins\doku-payment\Module\JokulCheckoutModule.php on line 59
[06-Sep-2026 08:54:43 UTC] PHP Warning:  Trying to access array offset on value of type bool in C:\xampp\htdocs\wordpress\wp-content\plugins\doku-payment\Module\JokulCheckoutModule.php on line 60
[06-Sep-2026 08:54:43 UTC] PHP Warning:  Trying to access array offset on value of type bool in C:\xampp\htdocs\wordpress\wp-content\plugins\doku-payment\Module\JokulCheckoutModule.php on line 69
[06-Sep-2026 08:54:43 UTC] PHP Warning:  Trying to access array offset on value of type bool in C:\xampp\htdocs\wordpress\wp-content\plugins\doku-payment\Module\JokulCheckoutModule.php on line 70
[06-Sep-2026 08:54:43 UTC] PHP Warning:  Cannot modify header information - headers already sent by (output started at C:\xampp\htdocs\wordpress\wp-content\plugins\doku-payment\Module\JokulCheckoutModule.php:59) in C:\xampp\htdocs\wordpress\wp-includes\functions.php on line 7310
[06-Sep-2026 08:54:43 UTC] PHP Warning:  Cannot modify header information - headers already sent by (output started at C:\xampp\htdocs\wordpress\wp-content\plugins\doku-payment\Module\JokulCheckoutModule.php:59) in C:\xampp\htdocs\wordpress\wp-admin\admin-header.php on line 14
[06-Sep-2026 08:54:46 UTC] PHP Warning:  Trying to access array offset on value of type bool in C:\xampp\htdocs\wordpress\wp-content\plugins\doku-payment\Module\JokulCheckoutModule.php on line 51
[06-Sep-2026 08:54:46 UTC] PHP Warning:  Trying to access array offset on value of type bool in C:\xampp\htdocs\wordpress\wp-content\plugins\doku-payment\Module\JokulCheckoutModule.php on line 52
[06-Sep-2026 08:54:46 UTC] PHP Warning:  Trying to access array offset on value of type bool in C:\xampp\htdocs\wordpress\wp-content\plugins\doku-payment\Module\JokulCheckoutModule.php on line 53
[06-Sep-2026 08:54:46 UTC] PHP Warning:  Trying to access array offset on value of type bool in C:\xampp\htdocs\wordpress\wp-content\plugins\doku-payment\Module\JokulCheckoutModule.php on line 54
[06-Sep-2026 08:54:46 UTC] PHP Warning:  Trying to access array offset on value of type bool in C:\xampp\htdocs\wordpress\wp-content\plugins\doku-payment\Module\JokulCheckoutModule.php on line 55
[06-Sep-2026 08:54:46 UTC] PHP Warning:  Trying to access array offset on value of type bool in C:\xampp\htdocs\wordpress\wp-content\plugins\doku-payment\Module\JokulCheckoutModule.php on line 56
[06-Sep-2026 08:54:46 UTC] PHP Warning:  Trying to access array offset on value of type bool in C:\xampp\htdocs\wordpress\wp-content\plugins\doku-payment\Module\JokulCheckoutModule.php on line 57
[06-Sep-2026 08:54:46 UTC] PHP Warning:  Trying to access array offset on value of type bool in C:\xampp\htdocs\wordpress\wp-content\plugins\doku-payment\Module\JokulCheckoutModule.php on line 58
[06-Sep-2026 08:54:46 UTC] PHP Warning:  Trying to access array offset on value of type bool in C:\xampp\htdocs\wordpress\wp-content\plugins\doku-payment\Module\JokulCheckoutModule.php on line 59
[06-Sep-2026 08:54:46 UTC] PHP Warning:  Trying to access array offset on value of type bool in C:\xampp\htdocs\wordpress\wp-content\plugins\doku-payment\Module\JokulCheckoutModule.php on line 60
[06-Sep-2026 08:54:46 UTC] PHP Warning:  Trying to access array offset on value of type bool in C:\xampp\htdocs\wordpress\wp-content\plugins\doku-payment\Module\JokulCheckoutModule.php on line 69
[06-Sep-2026 08:54:46 UTC] PHP Warning:  Trying to access array offset on value of type bool in C:\xampp\htdocs\wordpress\wp-content\plugins\doku-payment\Module\JokulCheckoutModule.php on line 70
[06-Sep-2026 08:54:47 UTC] PHP Warning:  Trying to access array offset on value of type bool in C:\xampp\htdocs\wordpress\wp-content\plugins\doku-payment\Module\JokulCheckoutModule.php on line 51
[06-Sep-2026 08:54:47 UTC] PHP Warning:  Trying to access array offset on value of type bool in C:\xampp\htdocs\wordpress\wp-content\plugins\doku-payment\Module\JokulCheckoutModule.php on line 52
[06-Sep-2026 08:54:47 UTC] PHP Warning:  Trying to access array offset on value of type bool in C:\xampp\htdocs\wordpress\wp-content\plugins\doku-payment\Module\JokulCheckoutModule.php on line 53
[06-Sep-2026 08:54:47 UTC] PHP Warning:  Trying to access array offset on value of type bool in C:\xampp\htdocs\wordpress\wp-content\plugins\doku-payment\Module\JokulCheckoutModule.php on line 54
[06-Sep-2026 08:54:47 UTC] PHP Warning:  Trying to access array offset on value of type bool in C:\xampp\htdocs\wordpress\wp-content\plugins\doku-payment\Module\JokulCheckoutModule.php on line 55
[06-Sep-2026 08:54:47 UTC] PHP Warning:  Trying to access array offset on value of type bool in C:\xampp\htdocs\wordpress\wp-content\plugins\doku-payment\Module\JokulCheckoutModule.php on line 56
[06-Sep-2026 08:54:47 UTC] PHP Warning:  Trying to access array offset on value of type bool in C:\xampp\htdocs\wordpress\wp-content\plugins\doku-payment\Module\JokulCheckoutModule.php on line 57
[06-Sep-2026 08:54:47 UTC] PHP Warning:  Trying to access array offset on value of type bool in C:\xampp\htdocs\wordpress\wp-content\plugins\doku-payment\Module\JokulCheckoutModule.php on line 58
[06-Sep-2026 08:54:47 UTC] PHP Warning:  Trying to access array offset on value of type bool in C:\xampp\htdocs\wordpress\wp-content\plugins\doku-payment\Module\JokulCheckoutModule.php on line 59
[06-Sep-2026 08:54:47 UTC] PHP Warning:  Trying to access array offset on value of type bool in C:\xampp\htdocs\wordpress\wp-content\plugins\doku-payment\Module\JokulCheckoutModule.php on line 60
[06-Sep-2026 08:54:47 UTC] PHP Warning:  Trying to access array offset on value of type bool in C:\xampp\htdocs\wordpress\wp-content\plugins\doku-payment\Module\JokulCheckoutModule.php on line 69
[06-Sep-2026 08:54:47 UTC] PHP Warning:  Trying to access array offset on value of type bool in C:\xampp\htdocs\wordpress\wp-content\plugins\doku-payment\Module\JokulCheckoutModule.php on line 70
[06-Sep-2026 08:54:47 UTC] PHP Warning:  Trying to access array offset on value of type bool in C:\xampp\htdocs\wordpress\wp-content\plugins\doku-payment\Module\JokulCheckoutModule.php on line 51
[06-Sep-2026 08:54:47 UTC] PHP Warning:  Trying to access array offset on value of type bool in C:\xampp\htdocs\wordpress\wp-content\plugins\doku-payment\Module\JokulCheckoutModule.php on line 52
[06-Sep-2026 08:54:47 UTC] PHP Warning:  Trying to access array offset on value of type bool in C:\xampp\htdocs\wordpress\wp-content\plugins\doku-payment\Module\JokulCheckoutModule.php on line 53
[06-Sep-2026 08:54:47 UTC] PHP Warning:  Trying to access array offset on value of type bool in C:\xampp\htdocs\wordpress\wp-content\plugins\doku-payment\Module\JokulCheckoutModule.php on line 54
[06-Sep-2026 08:54:47 UTC] PHP Warning:  Trying to access array offset on value of type bool in C:\xampp\htdocs\wordpress\wp-content\plugins\doku-payment\Module\JokulCheckoutModule.php on line 55
[06-Sep-2026 08:54:47 UTC] PHP Warning:  Trying to access array offset on value of type bool in C:\xampp\htdocs\wordpress\wp-content\plugins\doku-payment\Module\JokulCheckoutModule.php on line 56
[06-Sep-2026 08:54:47 UTC] PHP Warning:  Trying to access array offset on value of type bool in C:\xampp\htdocs\wordpress\wp-content\plugins\doku-payment\Module\JokulCheckoutModule.php on line 57
[06-Sep-2026 08:54:47 UTC] PHP Warning:  Trying to access array offset on value of type bool in C:\xampp\htdocs\wordpress\wp-content\plugins\doku-payment\Module\JokulCheckoutModule.php on line 58
[06-Sep-2026 08:54:47 UTC] PHP Warning:  Trying to access array offset on value of type bool in C:\xampp\htdocs\wordpress\wp-content\plugins\doku-payment\Module\JokulCheckoutModule.php on line 59
[06-Sep-2026 08:54:47 UTC] PHP Warning:  Trying to access array offset on value of type bool in C:\xampp\htdocs\wordpress\wp-content\plugins\doku-payment\Module\JokulCheckoutModule.php on line 60
[06-Sep-2026 08:54:47 UTC] PHP Warning:  Trying to access array offset on value of type bool in C:\xampp\htdocs\wordpress\wp-content\plugins\doku-payment\Module\JokulCheckoutModule.php on line 69
[06-Sep-2026 08:54:47 UTC] PHP Warning:  Trying to access array offset on value of type bool in C:\xampp\htdocs\wordpress\wp-content\plugins\doku-payment\Module\JokulCheckoutModule.php on line 70
[06-Sep-2026 08:54:47 UTC] PHP Warning:  Trying to access array offset on value of type bool in C:\xampp\htdocs\wordpress\wp-content\plugins\doku-payment\Module\JokulCheckoutModule.php on line 51
[06-Sep-2026 08:54:47 UTC] PHP Warning:  Trying to access array offset on value of type bool in C:\xampp\htdocs\wordpress\wp-content\plugins\doku-payment\Module\JokulCheckoutModule.php on line 52
[06-Sep-2026 08:54:47 UTC] PHP Warning:  Trying to access array offset on value of type bool in C:\xampp\htdocs\wordpress\wp-content\plugins\doku-payment\Module\JokulCheckoutModule.php on line 53
[06-Sep-2026 08:54:47 UTC] PHP Warning:  Trying to access array offset on value of type bool in C:\xampp\htdocs\wordpress\wp-content\plugins\doku-payment\Module\JokulCheckoutModule.php on line 54
[06-Sep-2026 08:54:47 UTC] PHP Warning:  Trying to access array offset on value of type bool in C:\xampp\htdocs\wordpress\wp-content\plugins\doku-payment\Module\JokulCheckoutModule.php on line 55
[06-Sep-2026 08:54:47 UTC] PHP Warning:  Trying to access array offset on value of type bool in C:\xampp\htdocs\wordpress\wp-content\plugins\doku-payment\Module\JokulCheckoutModule.php on line 56
[06-Sep-2026 08:54:47 UTC] PHP Warning:  Trying to access array offset on value of type bool in C:\xampp\htdocs\wordpress\wp-content\plugins\doku-payment\Module\JokulCheckoutModule.php on line 57
[06-Sep-2026 08:54:47 UTC] PHP Warning:  Trying to access array offset on value of type bool in C:\xampp\htdocs\wordpress\wp-content\plugins\doku-payment\Module\JokulCheckoutModule.php on line 58
[06-Sep-2026 08:54:47 UTC] PHP Warning:  Trying to access array offset on value of type bool in C:\xampp\htdocs\wordpress\wp-content\plugins\doku-payment\Module\JokulCheckoutModule.php on line 59
[06-Sep-2026 08:54:47 UTC] PHP Warning:  Trying to access array offset on value of type bool in C:\xampp\htdocs\wordpress\wp-content\plugins\doku-payment\Module\JokulCheckoutModule.php on line 60
[06-Sep-2026 08:54:47 UTC] PHP Warning:  Trying to access array offset on value of type bool in C:\xampp\htdocs\wordpress\wp-content\plugins\doku-payment\Module\JokulCheckoutModule.php on line 69
[06-Sep-2026 08:54:47 UTC] PHP Warning:  Trying to access array offset on value of type bool in C:\xampp\htdocs\wordpress\wp-content\plugins\doku-payment\Module\JokulCheckoutModule.php on line 70
[06-Sep-2026 08:54:49 UTC] PHP Warning:  Trying to access array offset on value of type bool in C:\xampp\htdocs\wordpress\wp-content\plugins\doku-payment\Module\JokulCheckoutModule.php on line 51
[06-Sep-2026 08:54:49 UTC] PHP Warning:  Trying to access array offset on value of type bool in C:\xampp\htdocs\wordpress\wp-content\plugins\doku-payment\Module\JokulCheckoutModule.php on line 52
[06-Sep-2026 08:54:49 UTC] PHP Warning:  Trying to access array offset on value of type bool in C:\xampp\htdocs\wordpress\wp-content\plugins\doku-payment\Module\JokulCheckoutModule.php on line 53
[06-Sep-2026 08:54:49 UTC] PHP Warning:  Trying to access array offset on value of type bool in C:\xampp\htdocs\wordpress\wp-content\plugins\doku-payment\Module\JokulCheckoutModule.php on line 54
[06-Sep-2026 08:54:49 UTC] PHP Warning:  Trying to access array offset on value of type bool in C:\xampp\htdocs\wordpress\wp-content\plugins\doku-payment\Module\JokulCheckoutModule.php on line 55
[06-Sep-2026 08:54:49 UTC] PHP Warning:  Trying to access array offset on value of type bool in C:\xampp\htdocs\wordpress\wp-content\plugins\doku-payment\Module\JokulCheckoutModule.php on line 56
[06-Sep-2026 08:54:49 UTC] PHP Warning:  Trying to access array offset on value of type bool in C:\xampp\htdocs\wordpress\wp-content\plugins\doku-payment\Module\JokulCheckoutModule.php on line 57
[06-Sep-2026 08:54:49 UTC] PHP Warning:  Trying to access array offset on value of type bool in C:\xampp\htdocs\wordpress\wp-content\plugins\doku-payment\Module\JokulCheckoutModule.php on line 58
[06-Sep-2026 08:54:49 UTC] PHP Warning:  Trying to access array offset on value of type bool in C:\xampp\htdocs\wordpress\wp-content\plugins\doku-payment\Module\JokulCheckoutModule.php on line 59
[06-Sep-2026 08:54:49 UTC] PHP Warning:  Trying to access array offset on value of type bool in C:\xampp\htdocs\wordpress\wp-content\plugins\doku-payment\Module\JokulCheckoutModule.php on line 60
[06-Sep-2026 08:54:49 UTC] PHP Warning:  Trying to access array offset on value of type bool in C:\xampp\htdocs\wordpress\wp-content\plugins\doku-payment\Module\JokulCheckoutModule.php on line 69
[06-Sep-2026 08:54:49 UTC] PHP Warning:  Trying to access array offset on value of type bool in C:\xampp\htdocs\wordpress\wp-content\plugins\doku-payment\Module\JokulCheckoutModule.php on line 70
[06-Sep-2026 08:54:50 UTC] PHP Warning:  Trying to access array offset on value of type bool in C:\xampp\htdocs\wordpress\wp-content\plugins\doku-payment\Module\JokulCheckoutModule.php on line 51
[06-Sep-2026 08:54:50 UTC] PHP Warning:  Trying to access array offset on value of type bool in C:\xampp\htdocs\wordpress\wp-content\plugins\doku-payment\Module\JokulCheckoutModule.php on line 52
[06-Sep-2026 08:54:50 UTC] PHP Warning:  Trying to access array offset on value of type bool in C:\xampp\htdocs\wordpress\wp-content\plugins\doku-payment\Module\JokulCheckoutModule.php on line 53
[06-Sep-2026 08:54:50 UTC] PHP Warning:  Trying to access array offset on value of type bool in C:\xampp\htdocs\wordpress\wp-content\plugins\doku-payment\Module\JokulCheckoutModule.php on line 54
[06-Sep-2026 08:54:50 UTC] PHP Warning:  Trying to access array offset on value of type bool in C:\xampp\htdocs\wordpress\wp-content\plugins\doku-payment\Module\JokulCheckoutModule.php on line 55
[06-Sep-2026 08:54:50 UTC] PHP Warning:  Trying to access array offset on value of type bool in C:\xampp\htdocs\wordpress\wp-content\plugins\doku-payment\Module\JokulCheckoutModule.php on line 56
[06-Sep-2026 08:54:50 UTC] PHP Warning:  Trying to access array offset on value of type bool in C:\xampp\htdocs\wordpress\wp-content\plugins\doku-payment\Module\JokulCheckoutModule.php on line 57
[06-Sep-2026 08:54:50 UTC] PHP Warning:  Trying to access array offset on value of type bool in C:\xampp\htdocs\wordpress\wp-content\plugins\doku-payment\Module\JokulCheckoutModule.php on line 58
[06-Sep-2026 08:54:50 UTC] PHP Warning:  Trying to access array offset on value of type bool in C:\xampp\htdocs\wordpress\wp-content\plugins\doku-payment\Module\JokulCheckoutModule.php on line 59
[06-Sep-2026 08:54:50 UTC] PHP Warning:  Trying to access array offset on value of type bool in C:\xampp\htdocs\wordpress\wp-content\plugins\doku-payment\Module\JokulCheckoutModule.php on line 60
[06-Sep-2026 08:54:50 UTC] PHP Warning:  Trying to access array offset on value of type bool in C:\xampp\htdocs\wordpress\wp-content\plugins\doku-payment\Module\JokulCheckoutModule.php on line 69
[06-Sep-2026 08:54:50 UTC] PHP Warning:  Trying to access array offset on value of type bool in C:\xampp\htdocs\wordpress\wp-content\plugins\doku-payment\Module\JokulCheckoutModule.php on line 70
[06-Sep-2026 08:54:54 UTC] PHP Warning:  Trying to access array offset on value of type bool in C:\xampp\htdocs\wordpress\wp-content\plugins\doku-payment\Module\JokulCheckoutModule.php on line 51
[06-Sep-2026 08:54:54 UTC] PHP Warning:  Trying to access array offset on value of type bool in C:\xampp\htdocs\wordpress\wp-content\plugins\doku-payment\Module\JokulCheckoutModule.php on line 52
[06-Sep-2026 08:54:54 UTC] PHP Warning:  Trying to access array offset on value of type bool in C:\xampp\htdocs\wordpress\wp-content\plugins\doku-payment\Module\JokulCheckoutModule.php on line 53
[06-Sep-2026 08:54:54 UTC] PHP Warning:  Trying to access array offset on value of type bool in C:\xampp\htdocs\wordpress\wp-content\plugins\doku-payment\Module\JokulCheckoutModule.php on line 54
[06-Sep-2026 08:54:54 UTC] PHP Warning:  Trying to access array offset on value of type bool in C:\xampp\htdocs\wordpress\wp-content\plugins\doku-payment\Module\JokulCheckoutModule.php on line 55
[06-Sep-2026 08:54:54 UTC] PHP Warning:  Trying to access array offset on value of type bool in C:\xampp\htdocs\wordpress\wp-content\plugins\doku-payment\Module\JokulCheckoutModule.php on line 56
[06-Sep-2026 08:54:54 UTC] PHP Warning:  Trying to access array offset on value of type bool in C:\xampp\htdocs\wordpress\wp-content\plugins\doku-payment\Module\JokulCheckoutModule.php on line 57
[06-Sep-2026 08:54:54 UTC] PHP Warning:  Trying to access array offset on value of type bool in C:\xampp\htdocs\wordpress\wp-content\plugins\doku-payment\Module\JokulCheckoutModule.php on line 58
[06-Sep-2026 08:54:54 UTC] PHP Warning:  Trying to access array offset on value of type bool in C:\xampp\htdocs\wordpress\wp-content\plugins\doku-payment\Module\JokulCheckoutModule.php on line 59
[06-Sep-2026 08:54:54 UTC] PHP Warning:  Trying to access array offset on value of type bool in C:\xampp\htdocs\wordpress\wp-content\plugins\doku-payment\Module\JokulCheckoutModule.php on line 60
[06-Sep-2026 08:54:54 UTC] PHP Warning:  Trying to access array offset on value of type bool in C:\xampp\htdocs\wordpress\wp-content\plugins\doku-payment\Module\JokulCheckoutModule.php on line 69
[06-Sep-2026 08:54:54 UTC] PHP Warning:  Trying to access array offset on value of type bool in C:\xampp\htdocs\wordpress\wp-content\plugins\doku-payment\Module\JokulCheckoutModule.php on line 70
[06-Sep-2026 08:54:54 UTC] PHP Warning:  Trying to access array offset on value of type bool in C:\xampp\htdocs\wordpress\wp-content\plugins\doku-payment\Module\JokulCheckoutModule.php on line 51
[06-Sep-2026 08:54:54 UTC] PHP Warning:  Trying to access array offset on value of type bool in C:\xampp\htdocs\wordpress\wp-content\plugins\doku-payment\Module\JokulCheckoutModule.php on line 52
[06-Sep-2026 08:54:54 UTC] PHP Warning:  Trying to access array offset on value of type bool in C:\xampp\htdocs\wordpress\wp-content\plugins\doku-payment\Module\JokulCheckoutModule.php on line 53
[06-Sep-2026 08:54:54 UTC] PHP Warning:  Trying to access array offset on value of type bool in C:\xampp\htdocs\wordpress\wp-content\plugins\doku-payment\Module\JokulCheckoutModule.php on line 54
[06-Sep-2026 08:54:54 UTC] PHP Warning:  Trying to access array offset on value of type bool in C:\xampp\htdocs\wordpress\wp-content\plugins\doku-payment\Module\JokulCheckoutModule.php on line 55
[06-Sep-2026 08:54:54 UTC] PHP Warning:  Trying to access array offset on value of type bool in C:\xampp\htdocs\wordpress\wp-content\plugins\doku-payment\Module\JokulCheckoutModule.php on line 56
[06-Sep-2026 08:54:54 UTC] PHP Warning:  Trying to access array offset on value of type bool in C:\xampp\htdocs\wordpress\wp-content\plugins\doku-payment\Module\JokulCheckoutModule.php on line 57
[06-Sep-2026 08:54:54 UTC] PHP Warning:  Trying to access array offset on value of type bool in C:\xampp\htdocs\wordpress\wp-content\plugins\doku-payment\Module\JokulCheckoutModule.php on line 58
[06-Sep-2026 08:54:54 UTC] PHP Warning:  Trying to access array offset on value of type bool in C:\xampp\htdocs\wordpress\wp-content\plugins\doku-payment\Module\JokulCheckoutModule.php on line 59
[06-Sep-2026 08:54:54 UTC] PHP Warning:  Trying to access array offset on value of type bool in C:\xampp\htdocs\wordpress\wp-content\plugins\doku-payment\Module\JokulCheckoutModule.php on line 60
[06-Sep-2026 08:54:54 UTC] PHP Warning:  Trying to access array offset on value of type bool in C:\xampp\htdocs\wordpress\wp-content\plugins\doku-payment\Module\JokulCheckoutModule.php on line 69
[06-Sep-2026 08:54:54 UTC] PHP Warning:  Trying to access array offset on value of type bool in C:\xampp\htdocs\wordpress\wp-content\plugins\doku-payment\Module\JokulCheckoutModule.php on line 70
[06-Sep-2026 08:54:54 UTC] PHP Warning:  Trying to access array offset on value of type bool in C:\xampp\htdocs\wordpress\wp-content\plugins\doku-payment\Module\JokulCheckoutModule.php on line 51
[06-Sep-2026 08:54:54 UTC] PHP Warning:  Trying to access array offset on value of type bool in C:\xampp\htdocs\wordpress\wp-content\plugins\doku-payment\Module\JokulCheckoutModule.php on line 52
[06-Sep-2026 08:54:54 UTC] PHP Warning:  Trying to access array offset on value of type bool in C:\xampp\htdocs\wordpress\wp-content\plugins\doku-payment\Module\JokulCheckoutModule.php on line 53
[06-Sep-2026 08:54:54 UTC] PHP Warning:  Trying to access array offset on value of type bool in C:\xampp\htdocs\wordpress\wp-content\plugins\doku-payment\Module\JokulCheckoutModule.php on line 54
[06-Sep-2026 08:54:54 UTC] PHP Warning:  Trying to access array offset on value of type bool in C:\xampp\htdocs\wordpress\wp-content\plugins\doku-payment\Module\JokulCheckoutModule.php on line 55
[06-Sep-2026 08:54:54 UTC] PHP Warning:  Trying to access array offset on value of type bool in C:\xampp\htdocs\wordpress\wp-content\plugins\doku-payment\Module\JokulCheckoutModule.php on line 56
[06-Sep-2026 08:54:54 UTC] PHP Warning:  Trying to access array offset on value of type bool in C:\xampp\htdocs\wordpress\wp-content\plugins\doku-payment\Module\JokulCheckoutModule.php on line 57
[06-Sep-2026 08:54:54 UTC] PHP Warning:  Trying to access array offset on value of type bool in C:\xampp\htdocs\wordpress\wp-content\plugins\doku-payment\Module\JokulCheckoutModule.php on line 58
[06-Sep-2026 08:54:54 UTC] PHP Warning:  Trying to access array offset on value of type bool in C:\xampp\htdocs\wordpress\wp-content\plugins\doku-payment\Module\JokulCheckoutModule.php on line 59
[06-Sep-2026 08:54:54 UTC] PHP Warning:  Trying to access array offset on value of type bool in C:\xampp\htdocs\wordpress\wp-content\plugins\doku-payment\Module\JokulCheckoutModule.php on line 60
[06-Sep-2026 08:54:54 UTC] PHP Warning:  Trying to access array offset on value of type bool in C:\xampp\htdocs\wordpress\wp-content\plugins\doku-payment\Module\JokulCheckoutModule.php on line 69
[06-Sep-2026 08:54:54 UTC] PHP Warning:  Trying to access array offset on value of type bool in C:\xampp\htdocs\wordpress\wp-content\plugins\doku-payment\Module\JokulCheckoutModule.php on line 70
[06-Sep-2026 08:54:55 UTC] PHP Warning:  Trying to access array offset on value of type bool in C:\xampp\htdocs\wordpress\wp-content\plugins\doku-payment\Module\JokulCheckoutModule.php on line 51
[06-Sep-2026 08:54:55 UTC] PHP Warning:  Trying to access array offset on value of type bool in C:\xampp\htdocs\wordpress\wp-content\plugins\doku-payment\Module\JokulCheckoutModule.php on line 52
[06-Sep-2026 08:54:55 UTC] PHP Warning:  Trying to access array offset on value of type bool in C:\xampp\htdocs\wordpress\wp-content\plugins\doku-payment\Module\JokulCheckoutModule.php on line 53
[06-Sep-2026 08:54:55 UTC] PHP Warning:  Trying to access array offset on value of type bool in C:\xampp\htdocs\wordpress\wp-content\plugins\doku-payment\Module\JokulCheckoutModule.php on line 54
[06-Sep-2026 08:54:55 UTC] PHP Warning:  Trying to access array offset on value of type bool in C:\xampp\htdocs\wordpress\wp-content\plugins\doku-payment\Module\JokulCheckoutModule.php on line 55
[06-Sep-2026 08:54:55 UTC] PHP Warning:  Trying to access array offset on value of type bool in C:\xampp\htdocs\wordpress\wp-content\plugins\doku-payment\Module\JokulCheckoutModule.php on line 56
[06-Sep-2026 08:54:55 UTC] PHP Warning:  Trying to access array offset on value of type bool in C:\xampp\htdocs\wordpress\wp-content\plugins\doku-payment\Module\JokulCheckoutModule.php on line 57
[06-Sep-2026 08:54:55 UTC] PHP Warning:  Trying to access array offset on value of type bool in C:\xampp\htdocs\wordpress\wp-content\plugins\doku-payment\Module\JokulCheckoutModule.php on line 58
[06-Sep-2026 08:54:55 UTC] PHP Warning:  Trying to access array offset on value of type bool in C:\xampp\htdocs\wordpress\wp-content\plugins\doku-payment\Module\JokulCheckoutModule.php on line 59
[06-Sep-2026 08:54:55 UTC] PHP Warning:  Trying to access array offset on value of type bool in C:\xampp\htdocs\wordpress\wp-content\plugins\doku-payment\Module\JokulCheckoutModule.php on line 60
[06-Sep-2026 08:54:55 UTC] PHP Warning:  Trying to access array offset on value of type bool in C:\xampp\htdocs\wordpress\wp-content\plugins\doku-payment\Module\JokulCheckoutModule.php on line 69
[06-Sep-2026 08:54:55 UTC] PHP Warning:  Trying to access array offset on value of type bool in C:\xampp\htdocs\wordpress\wp-content\plugins\doku-payment\Module\JokulCheckoutModule.php on line 70
[06-Sep-2026 08:55:38 UTC] PHP Warning:  Trying to access array offset on value of type bool in C:\xampp\htdocs\wordpress\wp-content\plugins\doku-payment\Module\JokulCheckoutModule.php on line 51
[06-Sep-2026 08:55:38 UTC] PHP Warning:  Trying to access array offset on value of type bool in C:\xampp\htdocs\wordpress\wp-content\plugins\doku-payment\Module\JokulCheckoutModule.php on line 52
[06-Sep-2026 08:55:38 UTC] PHP Warning:  Trying to access array offset on value of type bool in C:\xampp\htdocs\wordpress\wp-content\plugins\doku-payment\Module\JokulCheckoutModule.php on line 53
[06-Sep-2026 08:55:38 UTC] PHP Warning:  Trying to access array offset on value of type bool in C:\xampp\htdocs\wordpress\wp-content\plugins\doku-payment\Module\JokulCheckoutModule.php on line 54
[06-Sep-2026 08:55:38 UTC] PHP Warning:  Trying to access array offset on value of type bool in C:\xampp\htdocs\wordpress\wp-content\plugins\doku-payment\Module\JokulCheckoutModule.php on line 55
[06-Sep-2026 08:55:38 UTC] PHP Warning:  Trying to access array offset on value of type bool in C:\xampp\htdocs\wordpress\wp-content\plugins\doku-payment\Module\JokulCheckoutModule.php on line 56
[06-Sep-2026 08:55:38 UTC] PHP Warning:  Trying to access array offset on value of type bool in C:\xampp\htdocs\wordpress\wp-content\plugins\doku-payment\Module\JokulCheckoutModule.php on line 57
[06-Sep-2026 08:55:38 UTC] PHP Warning:  Trying to access array offset on value of type bool in C:\xampp\htdocs\wordpress\wp-content\plugins\doku-payment\Module\JokulCheckoutModule.php on line 58
[06-Sep-2026 08:55:38 UTC] PHP Warning:  Trying to access array offset on value of type bool in C:\xampp\htdocs\wordpress\wp-content\plugins\doku-payment\Module\JokulCheckoutModule.php on line 59
[06-Sep-2026 08:55:38 UTC] PHP Warning:  Trying to access array offset on value of type bool in C:\xampp\htdocs\wordpress\wp-content\plugins\doku-payment\Module\JokulCheckoutModule.php on line 60
[06-Sep-2026 08:55:38 UTC] PHP Warning:  Trying to access array offset on value of type bool in C:\xampp\htdocs\wordpress\wp-content\plugins\doku-payment\Module\JokulCheckoutModule.php on line 69
[06-Sep-2026 08:55:38 UTC] PHP Warning:  Trying to access array offset on value of type bool in C:\xampp\htdocs\wordpress\wp-content\plugins\doku-payment\Module\JokulCheckoutModule.php on line 70
[06-Sep-2026 08:55:38 UTC] PHP Warning:  Trying to access array offset on value of type bool in C:\xampp\htdocs\wordpress\wp-content\plugins\doku-payment\Module\JokulCheckoutModule.php on line 51
[06-Sep-2026 08:55:38 UTC] PHP Warning:  Trying to access array offset on value of type bool in C:\xampp\htdocs\wordpress\wp-content\plugins\doku-payment\Module\JokulCheckoutModule.php on line 52
[06-Sep-2026 08:55:38 UTC] PHP Warning:  Trying to access array offset on value of type bool in C:\xampp\htdocs\wordpress\wp-content\plugins\doku-payment\Module\JokulCheckoutModule.php on line 53
[06-Sep-2026 08:55:38 UTC] PHP Warning:  Trying to access array offset on value of type bool in C:\xampp\htdocs\wordpress\wp-content\plugins\doku-payment\Module\JokulCheckoutModule.php on line 54
[06-Sep-2026 08:55:38 UTC] PHP Warning:  Trying to access array offset on value of type bool in C:\xampp\htdocs\wordpress\wp-content\plugins\doku-payment\Module\JokulCheckoutModule.php on line 55
[06-Sep-2026 08:55:38 UTC] PHP Warning:  Trying to access array offset on value of type bool in C:\xampp\htdocs\wordpress\wp-content\plugins\doku-payment\Module\JokulCheckoutModule.php on line 56
[06-Sep-2026 08:55:38 UTC] PHP Warning:  Trying to access array offset on value of type bool in C:\xampp\htdocs\wordpress\wp-content\plugins\doku-payment\Module\JokulCheckoutModule.php on line 57
[06-Sep-2026 08:55:38 UTC] PHP Warning:  Trying to access array offset on value of type bool in C:\xampp\htdocs\wordpress\wp-content\plugins\doku-payment\Module\JokulCheckoutModule.php on line 58
[06-Sep-2026 08:55:38 UTC] PHP Warning:  Trying to access array offset on value of type bool in C:\xampp\htdocs\wordpress\wp-content\plugins\doku-payment\Module\JokulCheckoutModule.php on line 59
[06-Sep-2026 08:55:38 UTC] PHP Warning:  Trying to access array offset on value of type bool in C:\xampp\htdocs\wordpress\wp-content\plugins\doku-payment\Module\JokulCheckoutModule.php on line 60
[06-Sep-2026 08:55:38 UTC] PHP Warning:  Trying to access array offset on value of type bool in C:\xampp\htdocs\wordpress\wp-content\plugins\doku-payment\Module\JokulCheckoutModule.php on line 69
[06-Sep-2026 08:55:38 UTC] PHP Warning:  Trying to access array offset on value of type bool in C:\xampp\htdocs\wordpress\wp-content\plugins\doku-payment\Module\JokulCheckoutModule.php on line 70
[06-Sep-2026 08:55:39 UTC] PHP Warning:  Trying to access array offset on value of type bool in C:\xampp\htdocs\wordpress\wp-content\plugins\doku-payment\Module\JokulCheckoutModule.php on line 51
[06-Sep-2026 08:55:39 UTC] PHP Warning:  Trying to access array offset on value of type bool in C:\xampp\htdocs\wordpress\wp-content\plugins\doku-payment\Module\JokulCheckoutModule.php on line 52
[06-Sep-2026 08:55:39 UTC] PHP Warning:  Trying to access array offset on value of type bool in C:\xampp\htdocs\wordpress\wp-content\plugins\doku-payment\Module\JokulCheckoutModule.php on line 53
[06-Sep-2026 08:55:39 UTC] PHP Warning:  Trying to access array offset on value of type bool in C:\xampp\htdocs\wordpress\wp-content\plugins\doku-payment\Module\JokulCheckoutModule.php on line 54
[06-Sep-2026 08:55:39 UTC] PHP Warning:  Trying to access array offset on value of type bool in C:\xampp\htdocs\wordpress\wp-content\plugins\doku-payment\Module\JokulCheckoutModule.php on line 55
[06-Sep-2026 08:55:39 UTC] PHP Warning:  Trying to access array offset on value of type bool in C:\xampp\htdocs\wordpress\wp-content\plugins\doku-payment\Module\JokulCheckoutModule.php on line 56
[06-Sep-2026 08:55:39 UTC] PHP Warning:  Trying to access array offset on value of type bool in C:\xampp\htdocs\wordpress\wp-content\plugins\doku-payment\Module\JokulCheckoutModule.php on line 57
[06-Sep-2026 08:55:39 UTC] PHP Warning:  Trying to access array offset on value of type bool in C:\xampp\htdocs\wordpress\wp-content\plugins\doku-payment\Module\JokulCheckoutModule.php on line 58
[06-Sep-2026 08:55:39 UTC] PHP Warning:  Trying to access array offset on value of type bool in C:\xampp\htdocs\wordpress\wp-content\plugins\doku-payment\Module\JokulCheckoutModule.php on line 59
[06-Sep-2026 08:55:39 UTC] PHP Warning:  Trying to access array offset on value of type bool in C:\xampp\htdocs\wordpress\wp-content\plugins\doku-payment\Module\JokulCheckoutModule.php on line 60
[06-Sep-2026 08:55:39 UTC] PHP Warning:  Trying to access array offset on value of type bool in C:\xampp\htdocs\wordpress\wp-content\plugins\doku-payment\Module\JokulCheckoutModule.php on line 69
[06-Sep-2026 08:55:39 UTC] PHP Warning:  Trying to access array offset on value of type bool in C:\xampp\htdocs\wordpress\wp-content\plugins\doku-payment\Module\JokulCheckoutModule.php on line 70
[06-Sep-2026 08:55:39 UTC] PHP Warning:  Trying to access array offset on value of type bool in C:\xampp\htdocs\wordpress\wp-content\plugins\doku-payment\Module\JokulCheckoutModule.php on line 51
[06-Sep-2026 08:55:39 UTC] PHP Warning:  Trying to access array offset on value of type bool in C:\xampp\htdocs\wordpress\wp-content\plugins\doku-payment\Module\JokulCheckoutModule.php on line 52
[06-Sep-2026 08:55:39 UTC] PHP Warning:  Trying to access array offset on value of type bool in C:\xampp\htdocs\wordpress\wp-content\plugins\doku-payment\Module\JokulCheckoutModule.php on line 53
[06-Sep-2026 08:55:39 UTC] PHP Warning:  Trying to access array offset on value of type bool in C:\xampp\htdocs\wordpress\wp-content\plugins\doku-payment\Module\JokulCheckoutModule.php on line 54
[06-Sep-2026 08:55:39 UTC] PHP Warning:  Trying to access array offset on value of type bool in C:\xampp\htdocs\wordpress\wp-content\plugins\doku-payment\Module\JokulCheckoutModule.php on line 55
[06-Sep-2026 08:55:39 UTC] PHP Warning:  Trying to access array offset on value of type bool in C:\xampp\htdocs\wordpress\wp-content\plugins\doku-payment\Module\JokulCheckoutModule.php on line 56
[06-Sep-2026 08:55:39 UTC] PHP Warning:  Trying to access array offset on value of type bool in C:\xampp\htdocs\wordpress\wp-content\plugins\doku-payment\Module\JokulCheckoutModule.php on line 57
[06-Sep-2026 08:55:39 UTC] PHP Warning:  Trying to access array offset on value of type bool in C:\xampp\htdocs\wordpress\wp-content\plugins\doku-payment\Module\JokulCheckoutModule.php on line 58
[06-Sep-2026 08:55:39 UTC] PHP Warning:  Trying to access array offset on value of type bool in C:\xampp\htdocs\wordpress\wp-content\plugins\doku-payment\Module\JokulCheckoutModule.php on line 59
[06-Sep-2026 08:55:39 UTC] PHP Warning:  Trying to access array offset on value of type bool in C:\xampp\htdocs\wordpress\wp-content\plugins\doku-payment\Module\JokulCheckoutModule.php on line 60
[06-Sep-2026 08:55:39 UTC] PHP Warning:  Trying to access array offset on value of type bool in C:\xampp\htdocs\wordpress\wp-content\plugins\doku-payment\Module\JokulCheckoutModule.php on line 69
[06-Sep-2026 08:55:39 UTC] PHP Warning:  Trying to access array offset on value of type bool in C:\xampp\htdocs\wordpress\wp-content\plugins\doku-payment\Module\JokulCheckoutModule.php on line 70
[06-Sep-2026 08:55:42 UTC] PHP Warning:  Trying to access array offset on value of type bool in C:\xampp\htdocs\wordpress\wp-content\plugins\doku-payment\Module\JokulCheckoutModule.php on line 51
[06-Sep-2026 08:55:42 UTC] PHP Warning:  Trying to access array offset on value of type bool in C:\xampp\htdocs\wordpress\wp-content\plugins\doku-payment\Module\JokulCheckoutModule.php on line 52
[06-Sep-2026 08:55:42 UTC] PHP Warning:  Trying to access array offset on value of type bool in C:\xampp\htdocs\wordpress\wp-content\plugins\doku-payment\Module\JokulCheckoutModule.php on line 53
[06-Sep-2026 08:55:42 UTC] PHP Warning:  Trying to access array offset on value of type bool in C:\xampp\htdocs\wordpress\wp-content\plugins\doku-payment\Module\JokulCheckoutModule.php on line 54
[06-Sep-2026 08:55:42 UTC] PHP Warning:  Trying to access array offset on value of type bool in C:\xampp\htdocs\wordpress\wp-content\plugins\doku-payment\Module\JokulCheckoutModule.php on line 55
[06-Sep-2026 08:55:42 UTC] PHP Warning:  Trying to access array offset on value of type bool in C:\xampp\htdocs\wordpress\wp-content\plugins\doku-payment\Module\JokulCheckoutModule.php on line 56
[06-Sep-2026 08:55:42 UTC] PHP Warning:  Trying to access array offset on value of type bool in C:\xampp\htdocs\wordpress\wp-content\plugins\doku-payment\Module\JokulCheckoutModule.php on line 57
[06-Sep-2026 08:55:42 UTC] PHP Warning:  Trying to access array offset on value of type bool in C:\xampp\htdocs\wordpress\wp-content\plugins\doku-payment\Module\JokulCheckoutModule.php on line 58
[06-Sep-2026 08:55:42 UTC] PHP Warning:  Trying to access array offset on value of type bool in C:\xampp\htdocs\wordpress\wp-content\plugins\doku-payment\Module\JokulCheckoutModule.php on line 59
[06-Sep-2026 08:55:42 UTC] PHP Warning:  Trying to access array offset on value of type bool in C:\xampp\htdocs\wordpress\wp-content\plugins\doku-payment\Module\JokulCheckoutModule.php on line 60
[06-Sep-2026 08:55:42 UTC] PHP Warning:  Trying to access array offset on value of type bool in C:\xampp\htdocs\wordpress\wp-content\plugins\doku-payment\Module\JokulCheckoutModule.php on line 69
[06-Sep-2026 08:55:42 UTC] PHP Warning:  Trying to access array offset on value of type bool in C:\xampp\htdocs\wordpress\wp-content\plugins\doku-payment\Module\JokulCheckoutModule.php on line 70
[06-Sep-2026 08:55:42 UTC] PHP Warning:  Trying to access array offset on value of type bool in C:\xampp\htdocs\wordpress\wp-content\plugins\doku-payment\Module\JokulCheckoutModule.php on line 51
[06-Sep-2026 08:55:42 UTC] PHP Warning:  Trying to access array offset on value of type bool in C:\xampp\htdocs\wordpress\wp-content\plugins\doku-payment\Module\JokulCheckoutModule.php on line 51
[06-Sep-2026 08:55:42 UTC] PHP Warning:  Trying to access array offset on value of type bool in C:\xampp\htdocs\wordpress\wp-content\plugins\doku-payment\Module\JokulCheckoutModule.php on line 52
[06-Sep-2026 08:55:42 UTC] PHP Warning:  Trying to access array offset on value of type bool in C:\xampp\htdocs\wordpress\wp-content\plugins\doku-payment\Module\JokulCheckoutModule.php on line 52
[06-Sep-2026 08:55:42 UTC] PHP Warning:  Trying to access array offset on value of type bool in C:\xampp\htdocs\wordpress\wp-content\plugins\doku-payment\Module\JokulCheckoutModule.php on line 53
[06-Sep-2026 08:55:42 UTC] PHP Warning:  Trying to access array offset on value of type bool in C:\xampp\htdocs\wordpress\wp-content\plugins\doku-payment\Module\JokulCheckoutModule.php on line 53
[06-Sep-2026 08:55:42 UTC] PHP Warning:  Trying to access array offset on value of type bool in C:\xampp\htdocs\wordpress\wp-content\plugins\doku-payment\Module\JokulCheckoutModule.php on line 54
[06-Sep-2026 08:55:42 UTC] PHP Warning:  Trying to access array offset on value of type bool in C:\xampp\htdocs\wordpress\wp-content\plugins\doku-payment\Module\JokulCheckoutModule.php on line 54
[06-Sep-2026 08:55:42 UTC] PHP Warning:  Trying to access array offset on value of type bool in C:\xampp\htdocs\wordpress\wp-content\plugins\doku-payment\Module\JokulCheckoutModule.php on line 55
[06-Sep-2026 08:55:42 UTC] PHP Warning:  Trying to access array offset on value of type bool in C:\xampp\htdocs\wordpress\wp-content\plugins\doku-payment\Module\JokulCheckoutModule.php on line 55
[06-Sep-2026 08:55:42 UTC] PHP Warning:  Trying to access array offset on value of type bool in C:\xampp\htdocs\wordpress\wp-content\plugins\doku-payment\Module\JokulCheckoutModule.php on line 56
[06-Sep-2026 08:55:42 UTC] PHP Warning:  Trying to access array offset on value of type bool in C:\xampp\htdocs\wordpress\wp-content\plugins\doku-payment\Module\JokulCheckoutModule.php on line 56
[06-Sep-2026 08:55:42 UTC] PHP Warning:  Trying to access array offset on value of type bool in C:\xampp\htdocs\wordpress\wp-content\plugins\doku-payment\Module\JokulCheckoutModule.php on line 57
[06-Sep-2026 08:55:42 UTC] PHP Warning:  Trying to access array offset on value of type bool in C:\xampp\htdocs\wordpress\wp-content\plugins\doku-payment\Module\JokulCheckoutModule.php on line 57
[06-Sep-2026 08:55:42 UTC] PHP Warning:  Trying to access array offset on value of type bool in C:\xampp\htdocs\wordpress\wp-content\plugins\doku-payment\Module\JokulCheckoutModule.php on line 58
[06-Sep-2026 08:55:42 UTC] PHP Warning:  Trying to access array offset on value of type bool in C:\xampp\htdocs\wordpress\wp-content\plugins\doku-payment\Module\JokulCheckoutModule.php on line 58
[06-Sep-2026 08:55:42 UTC] PHP Warning:  Trying to access array offset on value of type bool in C:\xampp\htdocs\wordpress\wp-content\plugins\doku-payment\Module\JokulCheckoutModule.php on line 59
[06-Sep-2026 08:55:42 UTC] PHP Warning:  Trying to access array offset on value of type bool in C:\xampp\htdocs\wordpress\wp-content\plugins\doku-payment\Module\JokulCheckoutModule.php on line 59
[06-Sep-2026 08:55:42 UTC] PHP Warning:  Trying to access array offset on value of type bool in C:\xampp\htdocs\wordpress\wp-content\plugins\doku-payment\Module\JokulCheckoutModule.php on line 60
[06-Sep-2026 08:55:42 UTC] PHP Warning:  Trying to access array offset on value of type bool in C:\xampp\htdocs\wordpress\wp-content\plugins\doku-payment\Module\JokulCheckoutModule.php on line 60
[06-Sep-2026 08:55:42 UTC] PHP Warning:  Trying to access array offset on value of type bool in C:\xampp\htdocs\wordpress\wp-content\plugins\doku-payment\Module\JokulCheckoutModule.php on line 69
[06-Sep-2026 08:55:42 UTC] PHP Warning:  Trying to access array offset on value of type bool in C:\xampp\htdocs\wordpress\wp-content\plugins\doku-payment\Module\JokulCheckoutModule.php on line 69
[06-Sep-2026 08:55:42 UTC] PHP Warning:  Trying to access array offset on value of type bool in C:\xampp\htdocs\wordpress\wp-content\plugins\doku-payment\Module\JokulCheckoutModule.php on line 70
[06-Sep-2026 08:55:42 UTC] PHP Warning:  Trying to access array offset on value of type bool in C:\xampp\htdocs\wordpress\wp-content\plugins\doku-payment\Module\JokulCheckoutModule.php on line 70
[06-Sep-2026 08:55:43 UTC] PHP Warning:  Trying to access array offset on value of type bool in C:\xampp\htdocs\wordpress\wp-content\plugins\doku-payment\Module\JokulCheckoutModule.php on line 51
[06-Sep-2026 08:55:43 UTC] PHP Warning:  Trying to access array offset on value of type bool in C:\xampp\htdocs\wordpress\wp-content\plugins\doku-payment\Module\JokulCheckoutModule.php on line 52
[06-Sep-2026 08:55:43 UTC] PHP Warning:  Trying to access array offset on value of type bool in C:\xampp\htdocs\wordpress\wp-content\plugins\doku-payment\Module\JokulCheckoutModule.php on line 53
[06-Sep-2026 08:55:43 UTC] PHP Warning:  Trying to access array offset on value of type bool in C:\xampp\htdocs\wordpress\wp-content\plugins\doku-payment\Module\JokulCheckoutModule.php on line 54
[06-Sep-2026 08:55:43 UTC] PHP Warning:  Trying to access array offset on value of type bool in C:\xampp\htdocs\wordpress\wp-content\plugins\doku-payment\Module\JokulCheckoutModule.php on line 55
[06-Sep-2026 08:55:43 UTC] PHP Warning:  Trying to access array offset on value of type bool in C:\xampp\htdocs\wordpress\wp-content\plugins\doku-payment\Module\JokulCheckoutModule.php on line 56
[06-Sep-2026 08:55:43 UTC] PHP Warning:  Trying to access array offset on value of type bool in C:\xampp\htdocs\wordpress\wp-content\plugins\doku-payment\Module\JokulCheckoutModule.php on line 57
[06-Sep-2026 08:55:43 UTC] PHP Warning:  Trying to access array offset on value of type bool in C:\xampp\htdocs\wordpress\wp-content\plugins\doku-payment\Module\JokulCheckoutModule.php on line 58
[06-Sep-2026 08:55:43 UTC] PHP Warning:  Trying to access array offset on value of type bool in C:\xampp\htdocs\wordpress\wp-content\plugins\doku-payment\Module\JokulCheckoutModule.php on line 59
[06-Sep-2026 08:55:43 UTC] PHP Warning:  Trying to access array offset on value of type bool in C:\xampp\htdocs\wordpress\wp-content\plugins\doku-payment\Module\JokulCheckoutModule.php on line 60
[06-Sep-2026 08:55:43 UTC] PHP Warning:  Trying to access array offset on value of type bool in C:\xampp\htdocs\wordpress\wp-content\plugins\doku-payment\Module\JokulCheckoutModule.php on line 69
[06-Sep-2026 08:55:43 UTC] PHP Warning:  Trying to access array offset on value of type bool in C:\xampp\htdocs\wordpress\wp-content\plugins\doku-payment\Module\JokulCheckoutModule.php on line 70
[06-Sep-2026 08:56:43 UTC] PHP Warning:  Trying to access array offset on value of type bool in C:\xampp\htdocs\wordpress\wp-content\plugins\doku-payment\Module\JokulCheckoutModule.php on line 51
[06-Sep-2026 08:56:43 UTC] PHP Warning:  Trying to access array offset on value of type bool in C:\xampp\htdocs\wordpress\wp-content\plugins\doku-payment\Module\JokulCheckoutModule.php on line 52
[06-Sep-2026 08:56:43 UTC] PHP Warning:  Trying to access array offset on value of type bool in C:\xampp\htdocs\wordpress\wp-content\plugins\doku-payment\Module\JokulCheckoutModule.php on line 53
[06-Sep-2026 08:56:43 UTC] PHP Warning:  Trying to access array offset on value of type bool in C:\xampp\htdocs\wordpress\wp-content\plugins\doku-payment\Module\JokulCheckoutModule.php on line 54
[06-Sep-2026 08:56:43 UTC] PHP Warning:  Trying to access array offset on value of type bool in C:\xampp\htdocs\wordpress\wp-content\plugins\doku-payment\Module\JokulCheckoutModule.php on line 55
[06-Sep-2026 08:56:43 UTC] PHP Warning:  Trying to access array offset on value of type bool in C:\xampp\htdocs\wordpress\wp-content\plugins\doku-payment\Module\JokulCheckoutModule.php on line 56
[06-Sep-2026 08:56:43 UTC] PHP Warning:  Trying to access array offset on value of type bool in C:\xampp\htdocs\wordpress\wp-content\plugins\doku-payment\Module\JokulCheckoutModule.php on line 57
[06-Sep-2026 08:56:43 UTC] PHP Warning:  Trying to access array offset on value of type bool in C:\xampp\htdocs\wordpress\wp-content\plugins\doku-payment\Module\JokulCheckoutModule.php on line 58
[06-Sep-2026 08:56:43 UTC] PHP Warning:  Trying to access array offset on value of type bool in C:\xampp\htdocs\wordpress\wp-content\plugins\doku-payment\Module\JokulCheckoutModule.php on line 59
[06-Sep-2026 08:56:43 UTC] PHP Warning:  Trying to access array offset on value of type bool in C:\xampp\htdocs\wordpress\wp-content\plugins\doku-payment\Module\JokulCheckoutModule.php on line 60
[06-Sep-2026 08:56:43 UTC] PHP Warning:  Trying to access array offset on value of type bool in C:\xampp\htdocs\wordpress\wp-content\plugins\doku-payment\Module\JokulCheckoutModule.php on line 69
[06-Sep-2026 08:56:43 UTC] PHP Warning:  Trying to access array offset on value of type bool in C:\xampp\htdocs\wordpress\wp-content\plugins\doku-payment\Module\JokulCheckoutModule.php on line 70
[06-Sep-2026 08:56:48 UTC] PHP Warning:  Trying to access array offset on value of type bool in C:\xampp\htdocs\wordpress\wp-content\plugins\doku-payment\Module\JokulCheckoutModule.php on line 51
[06-Sep-2026 08:56:48 UTC] PHP Warning:  Trying to access array offset on value of type bool in C:\xampp\htdocs\wordpress\wp-content\plugins\doku-payment\Module\JokulCheckoutModule.php on line 52
[06-Sep-2026 08:56:48 UTC] PHP Warning:  Trying to access array offset on value of type bool in C:\xampp\htdocs\wordpress\wp-content\plugins\doku-payment\Module\JokulCheckoutModule.php on line 53
[06-Sep-2026 08:56:48 UTC] PHP Warning:  Trying to access array offset on value of type bool in C:\xampp\htdocs\wordpress\wp-content\plugins\doku-payment\Module\JokulCheckoutModule.php on line 54
[06-Sep-2026 08:56:48 UTC] PHP Warning:  Trying to access array offset on value of type bool in C:\xampp\htdocs\wordpress\wp-content\plugins\doku-payment\Module\JokulCheckoutModule.php on line 55
[06-Sep-2026 08:56:48 UTC] PHP Warning:  Trying to access array offset on value of type bool in C:\xampp\htdocs\wordpress\wp-content\plugins\doku-payment\Module\JokulCheckoutModule.php on line 56
[06-Sep-2026 08:56:48 UTC] PHP Warning:  Trying to access array offset on value of type bool in C:\xampp\htdocs\wordpress\wp-content\plugins\doku-payment\Module\JokulCheckoutModule.php on line 57
[06-Sep-2026 08:56:48 UTC] PHP Warning:  Trying to access array offset on value of type bool in C:\xampp\htdocs\wordpress\wp-content\plugins\doku-payment\Module\JokulCheckoutModule.php on line 58
[06-Sep-2026 08:56:48 UTC] PHP Warning:  Trying to access array offset on value of type bool in C:\xampp\htdocs\wordpress\wp-content\plugins\doku-payment\Module\JokulCheckoutModule.php on line 59
[06-Sep-2026 08:56:48 UTC] PHP Warning:  Trying to access array offset on value of type bool in C:\xampp\htdocs\wordpress\wp-content\plugins\doku-payment\Module\JokulCheckoutModule.php on line 60
[06-Sep-2026 08:56:48 UTC] PHP Warning:  Trying to access array offset on value of type bool in C:\xampp\htdocs\wordpress\wp-content\plugins\doku-payment\Module\JokulCheckoutModule.php on line 69
[06-Sep-2026 08:56:48 UTC] PHP Warning:  Trying to access array offset on value of type bool in C:\xampp\htdocs\wordpress\wp-content\plugins\doku-payment\Module\JokulCheckoutModule.php on line 70
[06-Sep-2026 08:58:20 UTC] PHP Warning:  Trying to access array offset on value of type bool in C:\xampp\htdocs\wordpress\wp-content\plugins\doku-payment\Module\JokulCheckoutModule.php on line 51
[06-Sep-2026 08:58:20 UTC] PHP Warning:  Trying to access array offset on value of type bool in C:\xampp\htdocs\wordpress\wp-content\plugins\doku-payment\Module\JokulCheckoutModule.php on line 52
[06-Sep-2026 08:58:20 UTC] PHP Warning:  Trying to access array offset on value of type bool in C:\xampp\htdocs\wordpress\wp-content\plugins\doku-payment\Module\JokulCheckoutModule.php on line 53
[06-Sep-2026 08:58:20 UTC] PHP Warning:  Trying to access array offset on value of type bool in C:\xampp\htdocs\wordpress\wp-content\plugins\doku-payment\Module\JokulCheckoutModule.php on line 54
[06-Sep-2026 08:58:20 UTC] PHP Warning:  Trying to access array offset on value of type bool in C:\xampp\htdocs\wordpress\wp-content\plugins\doku-payment\Module\JokulCheckoutModule.php on line 55
[06-Sep-2026 08:58:20 UTC] PHP Warning:  Trying to access array offset on value of type bool in C:\xampp\htdocs\wordpress\wp-content\plugins\doku-payment\Module\JokulCheckoutModule.php on line 56
[06-Sep-2026 08:58:20 UTC] PHP Warning:  Trying to access array offset on value of type bool in C:\xampp\htdocs\wordpress\wp-content\plugins\doku-payment\Module\JokulCheckoutModule.php on line 57
[06-Sep-2026 08:58:20 UTC] PHP Warning:  Trying to access array offset on value of type bool in C:\xampp\htdocs\wordpress\wp-content\plugins\doku-payment\Module\JokulCheckoutModule.php on line 58
[06-Sep-2026 08:58:20 UTC] PHP Warning:  Trying to access array offset on value of type bool in C:\xampp\htdocs\wordpress\wp-content\plugins\doku-payment\Module\JokulCheckoutModule.php on line 59
[06-Sep-2026 08:58:20 UTC] PHP Warning:  Trying to access array offset on value of type bool in C:\xampp\htdocs\wordpress\wp-content\plugins\doku-payment\Module\JokulCheckoutModule.php on line 60
[06-Sep-2026 08:58:20 UTC] PHP Warning:  Trying to access array offset on value of type bool in C:\xampp\htdocs\wordpress\wp-content\plugins\doku-payment\Module\JokulCheckoutModule.php on line 69
[06-Sep-2026 08:58:20 UTC] PHP Warning:  Trying to access array offset on value of type bool in C:\xampp\htdocs\wordpress\wp-content\plugins\doku-payment\Module\JokulCheckoutModule.php on line 70
[06-Sep-2026 08:58:23 UTC] PHP Warning:  Trying to access array offset on value of type bool in C:\xampp\htdocs\wordpress\wp-content\plugins\doku-payment\Module\JokulCheckoutModule.php on line 51
[06-Sep-2026 08:58:23 UTC] PHP Warning:  Trying to access array offset on value of type bool in C:\xampp\htdocs\wordpress\wp-content\plugins\doku-payment\Module\JokulCheckoutModule.php on line 52
[06-Sep-2026 08:58:23 UTC] PHP Warning:  Trying to access array offset on value of type bool in C:\xampp\htdocs\wordpress\wp-content\plugins\doku-payment\Module\JokulCheckoutModule.php on line 53
[06-Sep-2026 08:58:23 UTC] PHP Warning:  Trying to access array offset on value of type bool in C:\xampp\htdocs\wordpress\wp-content\plugins\doku-payment\Module\JokulCheckoutModule.php on line 54
[06-Sep-2026 08:58:23 UTC] PHP Warning:  Trying to access array offset on value of type bool in C:\xampp\htdocs\wordpress\wp-content\plugins\doku-payment\Module\JokulCheckoutModule.php on line 55
[06-Sep-2026 08:58:23 UTC] PHP Warning:  Trying to access array offset on value of type bool in C:\xampp\htdocs\wordpress\wp-content\plugins\doku-payment\Module\JokulCheckoutModule.php on line 56
[06-Sep-2026 08:58:23 UTC] PHP Warning:  Trying to access array offset on value of type bool in C:\xampp\htdocs\wordpress\wp-content\plugins\doku-payment\Module\JokulCheckoutModule.php on line 57
[06-Sep-2026 08:58:23 UTC] PHP Warning:  Trying to access array offset on value of type bool in C:\xampp\htdocs\wordpress\wp-content\plugins\doku-payment\Module\JokulCheckoutModule.php on line 58
[06-Sep-2026 08:58:23 UTC] PHP Warning:  Trying to access array offset on value of type bool in C:\xampp\htdocs\wordpress\wp-content\plugins\doku-payment\Module\JokulCheckoutModule.php on line 59
[06-Sep-2026 08:58:23 UTC] PHP Warning:  Trying to access array offset on value of type bool in C:\xampp\htdocs\wordpress\wp-content\plugins\doku-payment\Module\JokulCheckoutModule.php on line 60
[06-Sep-2026 08:58:23 UTC] PHP Warning:  Trying to access array offset on value of type bool in C:\xampp\htdocs\wordpress\wp-content\plugins\doku-payment\Module\JokulCheckoutModule.php on line 69
[06-Sep-2026 08:58:23 UTC] PHP Warning:  Trying to access array offset on value of type bool in C:\xampp\htdocs\wordpress\wp-content\plugins\doku-payment\Module\JokulCheckoutModule.php on line 70
[06-Sep-2026 08:58:23 UTC] PHP Warning:  Trying to access array offset on value of type bool in C:\xampp\htdocs\wordpress\wp-content\plugins\doku-payment\Module\JokulCheckoutModule.php on line 51
[06-Sep-2026 08:58:23 UTC] PHP Warning:  Trying to access array offset on value of type bool in C:\xampp\htdocs\wordpress\wp-content\plugins\doku-payment\Module\JokulCheckoutModule.php on line 52
[06-Sep-2026 08:58:23 UTC] PHP Warning:  Trying to access array offset on value of type bool in C:\xampp\htdocs\wordpress\wp-content\plugins\doku-payment\Module\JokulCheckoutModule.php on line 53
[06-Sep-2026 08:58:23 UTC] PHP Warning:  Trying to access array offset on value of type bool in C:\xampp\htdocs\wordpress\wp-content\plugins\doku-payment\Module\JokulCheckoutModule.php on line 54
[06-Sep-2026 08:58:23 UTC] PHP Warning:  Trying to access array offset on value of type bool in C:\xampp\htdocs\wordpress\wp-content\plugins\doku-payment\Module\JokulCheckoutModule.php on line 55
[06-Sep-2026 08:58:23 UTC] PHP Warning:  Trying to access array offset on value of type bool in C:\xampp\htdocs\wordpress\wp-content\plugins\doku-payment\Module\JokulCheckoutModule.php on line 56
[06-Sep-2026 08:58:23 UTC] PHP Warning:  Trying to access array offset on value of type bool in C:\xampp\htdocs\wordpress\wp-content\plugins\doku-payment\Module\JokulCheckoutModule.php on line 57
[06-Sep-2026 08:58:23 UTC] PHP Warning:  Trying to access array offset on value of type bool in C:\xampp\htdocs\wordpress\wp-content\plugins\doku-payment\Module\JokulCheckoutModule.php on line 58
[06-Sep-2026 08:58:23 UTC] PHP Warning:  Trying to access array offset on value of type bool in C:\xampp\htdocs\wordpress\wp-content\plugins\doku-payment\Module\JokulCheckoutModule.php on line 59
[06-Sep-2026 08:58:23 UTC] PHP Warning:  Trying to access array offset on value of type bool in C:\xampp\htdocs\wordpress\wp-content\plugins\doku-payment\Module\JokulCheckoutModule.php on line 60
[06-Sep-2026 08:58:23 UTC] PHP Warning:  Trying to access array offset on value of type bool in C:\xampp\htdocs\wordpress\wp-content\plugins\doku-payment\Module\JokulCheckoutModule.php on line 69
[06-Sep-2026 08:58:23 UTC] PHP Warning:  Trying to access array offset on value of type bool in C:\xampp\htdocs\wordpress\wp-content\plugins\doku-payment\Module\JokulCheckoutModule.php on line 70
[06-Sep-2026 08:58:24 UTC] PHP Warning:  Trying to access array offset on value of type bool in C:\xampp\htdocs\wordpress\wp-content\plugins\doku-payment\Module\JokulCheckoutModule.php on line 51
[06-Sep-2026 08:58:24 UTC] PHP Warning:  Trying to access array offset on value of type bool in C:\xampp\htdocs\wordpress\wp-content\plugins\doku-payment\Module\JokulCheckoutModule.php on line 52
[06-Sep-2026 08:58:24 UTC] PHP Warning:  Trying to access array offset on value of type bool in C:\xampp\htdocs\wordpress\wp-content\plugins\doku-payment\Module\JokulCheckoutModule.php on line 53
[06-Sep-2026 08:58:24 UTC] PHP Warning:  Trying to access array offset on value of type bool in C:\xampp\htdocs\wordpress\wp-content\plugins\doku-payment\Module\JokulCheckoutModule.php on line 54
[06-Sep-2026 08:58:24 UTC] PHP Warning:  Trying to access array offset on value of type bool in C:\xampp\htdocs\wordpress\wp-content\plugins\doku-payment\Module\JokulCheckoutModule.php on line 55
[06-Sep-2026 08:58:24 UTC] PHP Warning:  Trying to access array offset on value of type bool in C:\xampp\htdocs\wordpress\wp-content\plugins\doku-payment\Module\JokulCheckoutModule.php on line 56
[06-Sep-2026 08:58:24 UTC] PHP Warning:  Trying to access array offset on value of type bool in C:\xampp\htdocs\wordpress\wp-content\plugins\doku-payment\Module\JokulCheckoutModule.php on line 57
[06-Sep-2026 08:58:24 UTC] PHP Warning:  Trying to access array offset on value of type bool in C:\xampp\htdocs\wordpress\wp-content\plugins\doku-payment\Module\JokulCheckoutModule.php on line 58
[06-Sep-2026 08:58:24 UTC] PHP Warning:  Trying to access array offset on value of type bool in C:\xampp\htdocs\wordpress\wp-content\plugins\doku-payment\Module\JokulCheckoutModule.php on line 59
[06-Sep-2026 08:58:24 UTC] PHP Warning:  Trying to access array offset on value of type bool in C:\xampp\htdocs\wordpress\wp-content\plugins\doku-payment\Module\JokulCheckoutModule.php on line 60
[06-Sep-2026 08:58:24 UTC] PHP Warning:  Trying to access array offset on value of type bool in C:\xampp\htdocs\wordpress\wp-content\plugins\doku-payment\Module\JokulCheckoutModule.php on line 69
[06-Sep-2026 08:58:24 UTC] PHP Warning:  Trying to access array offset on value of type bool in C:\xampp\htdocs\wordpress\wp-content\plugins\doku-payment\Module\JokulCheckoutModule.php on line 70
[06-Sep-2026 08:58:31 UTC] PHP Warning:  Trying to access array offset on value of type bool in C:\xampp\htdocs\wordpress\wp-content\plugins\doku-payment\Module\JokulCheckoutModule.php on line 51
[06-Sep-2026 08:58:31 UTC] PHP Warning:  Trying to access array offset on value of type bool in C:\xampp\htdocs\wordpress\wp-content\plugins\doku-payment\Module\JokulCheckoutModule.php on line 52
[06-Sep-2026 08:58:31 UTC] PHP Warning:  Trying to access array offset on value of type bool in C:\xampp\htdocs\wordpress\wp-content\plugins\doku-payment\Module\JokulCheckoutModule.php on line 53
[06-Sep-2026 08:58:31 UTC] PHP Warning:  Trying to access array offset on value of type bool in C:\xampp\htdocs\wordpress\wp-content\plugins\doku-payment\Module\JokulCheckoutModule.php on line 54
[06-Sep-2026 08:58:31 UTC] PHP Warning:  Trying to access array offset on value of type bool in C:\xampp\htdocs\wordpress\wp-content\plugins\doku-payment\Module\JokulCheckoutModule.php on line 55
[06-Sep-2026 08:58:31 UTC] PHP Warning:  Trying to access array offset on value of type bool in C:\xampp\htdocs\wordpress\wp-content\plugins\doku-payment\Module\JokulCheckoutModule.php on line 56
[06-Sep-2026 08:58:31 UTC] PHP Warning:  Trying to access array offset on value of type bool in C:\xampp\htdocs\wordpress\wp-content\plugins\doku-payment\Module\JokulCheckoutModule.php on line 57
[06-Sep-2026 08:58:31 UTC] PHP Warning:  Trying to access array offset on value of type bool in C:\xampp\htdocs\wordpress\wp-content\plugins\doku-payment\Module\JokulCheckoutModule.php on line 58
[06-Sep-2026 08:58:31 UTC] PHP Warning:  Trying to access array offset on value of type bool in C:\xampp\htdocs\wordpress\wp-content\plugins\doku-payment\Module\JokulCheckoutModule.php on line 59
[06-Sep-2026 08:58:31 UTC] PHP Warning:  Trying to access array offset on value of type bool in C:\xampp\htdocs\wordpress\wp-content\plugins\doku-payment\Module\JokulCheckoutModule.php on line 60
[06-Sep-2026 08:58:31 UTC] PHP Warning:  Trying to access array offset on value of type bool in C:\xampp\htdocs\wordpress\wp-content\plugins\doku-payment\Module\JokulCheckoutModule.php on line 69
[06-Sep-2026 08:58:31 UTC] PHP Warning:  Trying to access array offset on value of type bool in C:\xampp\htdocs\wordpress\wp-content\plugins\doku-payment\Module\JokulCheckoutModule.php on line 70
[06-Sep-2026 08:58:31 UTC] PHP Warning:  Trying to access array offset on value of type bool in C:\xampp\htdocs\wordpress\wp-content\plugins\doku-payment\Module\JokulCheckoutModule.php on line 51
[06-Sep-2026 08:58:31 UTC] PHP Warning:  Trying to access array offset on value of type bool in C:\xampp\htdocs\wordpress\wp-content\plugins\doku-payment\Module\JokulCheckoutModule.php on line 52
[06-Sep-2026 08:58:31 UTC] PHP Warning:  Trying to access array offset on value of type bool in C:\xampp\htdocs\wordpress\wp-content\plugins\doku-payment\Module\JokulCheckoutModule.php on line 53
[06-Sep-2026 08:58:31 UTC] PHP Warning:  Trying to access array offset on value of type bool in C:\xampp\htdocs\wordpress\wp-content\plugins\doku-payment\Module\JokulCheckoutModule.php on line 54
[06-Sep-2026 08:58:31 UTC] PHP Warning:  Trying to access array offset on value of type bool in C:\xampp\htdocs\wordpress\wp-content\plugins\doku-payment\Module\JokulCheckoutModule.php on line 55
[06-Sep-2026 08:58:31 UTC] PHP Warning:  Trying to access array offset on value of type bool in C:\xampp\htdocs\wordpress\wp-content\plugins\doku-payment\Module\JokulCheckoutModule.php on line 56
[06-Sep-2026 08:58:31 UTC] PHP Warning:  Trying to access array offset on value of type bool in C:\xampp\htdocs\wordpress\wp-content\plugins\doku-payment\Module\JokulCheckoutModule.php on line 57
[06-Sep-2026 08:58:31 UTC] PHP Warning:  Trying to access array offset on value of type bool in C:\xampp\htdocs\wordpress\wp-content\plugins\doku-payment\Module\JokulCheckoutModule.php on line 58
[06-Sep-2026 08:58:31 UTC] PHP Warning:  Trying to access array offset on value of type bool in C:\xampp\htdocs\wordpress\wp-content\plugins\doku-payment\Module\JokulCheckoutModule.php on line 59
[06-Sep-2026 08:58:31 UTC] PHP Warning:  Trying to access array offset on value of type bool in C:\xampp\htdocs\wordpress\wp-content\plugins\doku-payment\Module\JokulCheckoutModule.php on line 60
[06-Sep-2026 08:58:31 UTC] PHP Warning:  Trying to access array offset on value of type bool in C:\xampp\htdocs\wordpress\wp-content\plugins\doku-payment\Module\JokulCheckoutModule.php on line 69
[06-Sep-2026 08:58:31 UTC] PHP Warning:  Trying to access array offset on value of type bool in C:\xampp\htdocs\wordpress\wp-content\plugins\doku-payment\Module\JokulCheckoutModule.php on line 70
[06-Sep-2026 08:58:32 UTC] PHP Warning:  Trying to access array offset on value of type bool in C:\xampp\htdocs\wordpress\wp-content\plugins\doku-payment\Module\JokulCheckoutModule.php on line 51
[06-Sep-2026 08:58:32 UTC] PHP Warning:  Trying to access array offset on value of type bool in C:\xampp\htdocs\wordpress\wp-content\plugins\doku-payment\Module\JokulCheckoutModule.php on line 52
[06-Sep-2026 08:58:32 UTC] PHP Warning:  Trying to access array offset on value of type bool in C:\xampp\htdocs\wordpress\wp-content\plugins\doku-payment\Module\JokulCheckoutModule.php on line 53
[06-Sep-2026 08:58:32 UTC] PHP Warning:  Trying to access array offset on value of type bool in C:\xampp\htdocs\wordpress\wp-content\plugins\doku-payment\Module\JokulCheckoutModule.php on line 54
[06-Sep-2026 08:58:32 UTC] PHP Warning:  Trying to access array offset on value of type bool in C:\xampp\htdocs\wordpress\wp-content\plugins\doku-payment\Module\JokulCheckoutModule.php on line 55
[06-Sep-2026 08:58:32 UTC] PHP Warning:  Trying to access array offset on value of type bool in C:\xampp\htdocs\wordpress\wp-content\plugins\doku-payment\Module\JokulCheckoutModule.php on line 56
[06-Sep-2026 08:58:32 UTC] PHP Warning:  Trying to access array offset on value of type bool in C:\xampp\htdocs\wordpress\wp-content\plugins\doku-payment\Module\JokulCheckoutModule.php on line 57
[06-Sep-2026 08:58:32 UTC] PHP Warning:  Trying to access array offset on value of type bool in C:\xampp\htdocs\wordpress\wp-content\plugins\doku-payment\Module\JokulCheckoutModule.php on line 58
[06-Sep-2026 08:58:32 UTC] PHP Warning:  Trying to access array offset on value of type bool in C:\xampp\htdocs\wordpress\wp-content\plugins\doku-payment\Module\JokulCheckoutModule.php on line 59
[06-Sep-2026 08:58:32 UTC] PHP Warning:  Trying to access array offset on value of type bool in C:\xampp\htdocs\wordpress\wp-content\plugins\doku-payment\Module\JokulCheckoutModule.php on line 60
[06-Sep-2026 08:58:32 UTC] PHP Warning:  Trying to access array offset on value of type bool in C:\xampp\htdocs\wordpress\wp-content\plugins\doku-payment\Module\JokulCheckoutModule.php on line 69
[06-Sep-2026 08:58:32 UTC] PHP Warning:  Trying to access array offset on value of type bool in C:\xampp\htdocs\wordpress\wp-content\plugins\doku-payment\Module\JokulCheckoutModule.php on line 70
[06-Sep-2026 08:58:33 UTC] PHP Warning:  Trying to access array offset on value of type bool in C:\xampp\htdocs\wordpress\wp-content\plugins\doku-payment\Module\JokulCheckoutModule.php on line 51
[06-Sep-2026 08:58:33 UTC] PHP Warning:  Trying to access array offset on value of type bool in C:\xampp\htdocs\wordpress\wp-content\plugins\doku-payment\Module\JokulCheckoutModule.php on line 52
[06-Sep-2026 08:58:33 UTC] PHP Warning:  Trying to access array offset on value of type bool in C:\xampp\htdocs\wordpress\wp-content\plugins\doku-payment\Module\JokulCheckoutModule.php on line 53
[06-Sep-2026 08:58:33 UTC] PHP Warning:  Trying to access array offset on value of type bool in C:\xampp\htdocs\wordpress\wp-content\plugins\doku-payment\Module\JokulCheckoutModule.php on line 54
[06-Sep-2026 08:58:33 UTC] PHP Warning:  Trying to access array offset on value of type bool in C:\xampp\htdocs\wordpress\wp-content\plugins\doku-payment\Module\JokulCheckoutModule.php on line 55
[06-Sep-2026 08:58:33 UTC] PHP Warning:  Trying to access array offset on value of type bool in C:\xampp\htdocs\wordpress\wp-content\plugins\doku-payment\Module\JokulCheckoutModule.php on line 56
[06-Sep-2026 08:58:33 UTC] PHP Warning:  Trying to access array offset on value of type bool in C:\xampp\htdocs\wordpress\wp-content\plugins\doku-payment\Module\JokulCheckoutModule.php on line 57
[06-Sep-2026 08:58:33 UTC] PHP Warning:  Trying to access array offset on value of type bool in C:\xampp\htdocs\wordpress\wp-content\plugins\doku-payment\Module\JokulCheckoutModule.php on line 58
[06-Sep-2026 08:58:33 UTC] PHP Warning:  Trying to access array offset on value of type bool in C:\xampp\htdocs\wordpress\wp-content\plugins\doku-payment\Module\JokulCheckoutModule.php on line 59
[06-Sep-2026 08:58:33 UTC] PHP Warning:  Trying to access array offset on value of type bool in C:\xampp\htdocs\wordpress\wp-content\plugins\doku-payment\Module\JokulCheckoutModule.php on line 60
[06-Sep-2026 08:58:33 UTC] PHP Warning:  Trying to access array offset on value of type bool in C:\xampp\htdocs\wordpress\wp-content\plugins\doku-payment\Module\JokulCheckoutModule.php on line 69
[06-Sep-2026 08:58:33 UTC] PHP Warning:  Trying to access array offset on value of type bool in C:\xampp\htdocs\wordpress\wp-content\plugins\doku-payment\Module\JokulCheckoutModule.php on line 70
[06-Sep-2026 08:59:26 UTC] PHP Warning:  Trying to access array offset on value of type bool in C:\xampp\htdocs\wordpress\wp-content\plugins\doku-payment\Module\JokulCheckoutModule.php on line 51
[06-Sep-2026 08:59:26 UTC] PHP Warning:  Trying to access array offset on value of type bool in C:\xampp\htdocs\wordpress\wp-content\plugins\doku-payment\Module\JokulCheckoutModule.php on line 52
[06-Sep-2026 08:59:26 UTC] PHP Warning:  Trying to access array offset on value of type bool in C:\xampp\htdocs\wordpress\wp-content\plugins\doku-payment\Module\JokulCheckoutModule.php on line 53
[06-Sep-2026 08:59:26 UTC] PHP Warning:  Trying to access array offset on value of type bool in C:\xampp\htdocs\wordpress\wp-content\plugins\doku-payment\Module\JokulCheckoutModule.php on line 54
[06-Sep-2026 08:59:26 UTC] PHP Warning:  Trying to access array offset on value of type bool in C:\xampp\htdocs\wordpress\wp-content\plugins\doku-payment\Module\JokulCheckoutModule.php on line 55
[06-Sep-2026 08:59:26 UTC] PHP Warning:  Trying to access array offset on value of type bool in C:\xampp\htdocs\wordpress\wp-content\plugins\doku-payment\Module\JokulCheckoutModule.php on line 56
[06-Sep-2026 08:59:26 UTC] PHP Warning:  Trying to access array offset on value of type bool in C:\xampp\htdocs\wordpress\wp-content\plugins\doku-payment\Module\JokulCheckoutModule.php on line 57
[06-Sep-2026 08:59:26 UTC] PHP Warning:  Trying to access array offset on value of type bool in C:\xampp\htdocs\wordpress\wp-content\plugins\doku-payment\Module\JokulCheckoutModule.php on line 58
[06-Sep-2026 08:59:26 UTC] PHP Warning:  Trying to access array offset on value of type bool in C:\xampp\htdocs\wordpress\wp-content\plugins\doku-payment\Module\JokulCheckoutModule.php on line 59
[06-Sep-2026 08:59:26 UTC] PHP Warning:  Trying to access array offset on value of type bool in C:\xampp\htdocs\wordpress\wp-content\plugins\doku-payment\Module\JokulCheckoutModule.php on line 60
[06-Sep-2026 08:59:26 UTC] PHP Warning:  Trying to access array offset on value of type bool in C:\xampp\htdocs\wordpress\wp-content\plugins\doku-payment\Module\JokulCheckoutModule.php on line 69
[06-Sep-2026 08:59:26 UTC] PHP Warning:  Trying to access array offset on value of type bool in C:\xampp\htdocs\wordpress\wp-content\plugins\doku-payment\Module\JokulCheckoutModule.php on line 70
[06-Sep-2026 08:59:27 UTC] PHP Warning:  Trying to access array offset on value of type bool in C:\xampp\htdocs\wordpress\wp-content\plugins\doku-payment\Module\JokulCheckoutModule.php on line 51
[06-Sep-2026 08:59:27 UTC] PHP Warning:  Trying to access array offset on value of type bool in C:\xampp\htdocs\wordpress\wp-content\plugins\doku-payment\Module\JokulCheckoutModule.php on line 52
[06-Sep-2026 08:59:27 UTC] PHP Warning:  Trying to access array offset on value of type bool in C:\xampp\htdocs\wordpress\wp-content\plugins\doku-payment\Module\JokulCheckoutModule.php on line 53
[06-Sep-2026 08:59:27 UTC] PHP Warning:  Trying to access array offset on value of type bool in C:\xampp\htdocs\wordpress\wp-content\plugins\doku-payment\Module\JokulCheckoutModule.php on line 54
[06-Sep-2026 08:59:27 UTC] PHP Warning:  Trying to access array offset on value of type bool in C:\xampp\htdocs\wordpress\wp-content\plugins\doku-payment\Module\JokulCheckoutModule.php on line 55
[06-Sep-2026 08:59:27 UTC] PHP Warning:  Trying to access array offset on value of type bool in C:\xampp\htdocs\wordpress\wp-content\plugins\doku-payment\Module\JokulCheckoutModule.php on line 56
[06-Sep-2026 08:59:27 UTC] PHP Warning:  Trying to access array offset on value of type bool in C:\xampp\htdocs\wordpress\wp-content\plugins\doku-payment\Module\JokulCheckoutModule.php on line 57
[06-Sep-2026 08:59:27 UTC] PHP Warning:  Trying to access array offset on value of type bool in C:\xampp\htdocs\wordpress\wp-content\plugins\doku-payment\Module\JokulCheckoutModule.php on line 58
[06-Sep-2026 08:59:27 UTC] PHP Warning:  Trying to access array offset on value of type bool in C:\xampp\htdocs\wordpress\wp-content\plugins\doku-payment\Module\JokulCheckoutModule.php on line 59
[06-Sep-2026 08:59:27 UTC] PHP Warning:  Trying to access array offset on value of type bool in C:\xampp\htdocs\wordpress\wp-content\plugins\doku-payment\Module\JokulCheckoutModule.php on line 60
[06-Sep-2026 08:59:27 UTC] PHP Warning:  Trying to access array offset on value of type bool in C:\xampp\htdocs\wordpress\wp-content\plugins\doku-payment\Module\JokulCheckoutModule.php on line 69
[06-Sep-2026 08:59:27 UTC] PHP Warning:  Trying to access array offset on value of type bool in C:\xampp\htdocs\wordpress\wp-content\plugins\doku-payment\Module\JokulCheckoutModule.php on line 70
[06-Sep-2026 08:59:29 UTC] PHP Warning:  Trying to access array offset on value of type bool in C:\xampp\htdocs\wordpress\wp-content\plugins\doku-payment\Module\JokulCheckoutModule.php on line 51
[06-Sep-2026 08:59:29 UTC] PHP Warning:  Trying to access array offset on value of type bool in C:\xampp\htdocs\wordpress\wp-content\plugins\doku-payment\Module\JokulCheckoutModule.php on line 52
[06-Sep-2026 08:59:29 UTC] PHP Warning:  Trying to access array offset on value of type bool in C:\xampp\htdocs\wordpress\wp-content\plugins\doku-payment\Module\JokulCheckoutModule.php on line 53
[06-Sep-2026 08:59:29 UTC] PHP Warning:  Trying to access array offset on value of type bool in C:\xampp\htdocs\wordpress\wp-content\plugins\doku-payment\Module\JokulCheckoutModule.php on line 54
[06-Sep-2026 08:59:29 UTC] PHP Warning:  Trying to access array offset on value of type bool in C:\xampp\htdocs\wordpress\wp-content\plugins\doku-payment\Module\JokulCheckoutModule.php on line 55
[06-Sep-2026 08:59:29 UTC] PHP Warning:  Trying to access array offset on value of type bool in C:\xampp\htdocs\wordpress\wp-content\plugins\doku-payment\Module\JokulCheckoutModule.php on line 56
[06-Sep-2026 08:59:29 UTC] PHP Warning:  Trying to access array offset on value of type bool in C:\xampp\htdocs\wordpress\wp-content\plugins\doku-payment\Module\JokulCheckoutModule.php on line 57
[06-Sep-2026 08:59:29 UTC] PHP Warning:  Trying to access array offset on value of type bool in C:\xampp\htdocs\wordpress\wp-content\plugins\doku-payment\Module\JokulCheckoutModule.php on line 58
[06-Sep-2026 08:59:29 UTC] PHP Warning:  Trying to access array offset on value of type bool in C:\xampp\htdocs\wordpress\wp-content\plugins\doku-payment\Module\JokulCheckoutModule.php on line 59
[06-Sep-2026 08:59:29 UTC] PHP Warning:  Trying to access array offset on value of type bool in C:\xampp\htdocs\wordpress\wp-content\plugins\doku-payment\Module\JokulCheckoutModule.php on line 60
[06-Sep-2026 08:59:29 UTC] PHP Warning:  Trying to access array offset on value of type bool in C:\xampp\htdocs\wordpress\wp-content\plugins\doku-payment\Module\JokulCheckoutModule.php on line 69
[06-Sep-2026 08:59:29 UTC] PHP Warning:  Trying to access array offset on value of type bool in C:\xampp\htdocs\wordpress\wp-content\plugins\doku-payment\Module\JokulCheckoutModule.php on line 70
[06-Sep-2026 08:59:34 UTC] PHP Warning:  Trying to access array offset on value of type bool in C:\xampp\htdocs\wordpress\wp-content\plugins\doku-payment\Module\JokulCheckoutModule.php on line 51
[06-Sep-2026 08:59:34 UTC] PHP Warning:  Trying to access array offset on value of type bool in C:\xampp\htdocs\wordpress\wp-content\plugins\doku-payment\Module\JokulCheckoutModule.php on line 52
[06-Sep-2026 08:59:34 UTC] PHP Warning:  Trying to access array offset on value of type bool in C:\xampp\htdocs\wordpress\wp-content\plugins\doku-payment\Module\JokulCheckoutModule.php on line 53
[06-Sep-2026 08:59:34 UTC] PHP Warning:  Trying to access array offset on value of type bool in C:\xampp\htdocs\wordpress\wp-content\plugins\doku-payment\Module\JokulCheckoutModule.php on line 54
[06-Sep-2026 08:59:34 UTC] PHP Warning:  Trying to access array offset on value of type bool in C:\xampp\htdocs\wordpress\wp-content\plugins\doku-payment\Module\JokulCheckoutModule.php on line 55
[06-Sep-2026 08:59:34 UTC] PHP Warning:  Trying to access array offset on value of type bool in C:\xampp\htdocs\wordpress\wp-content\plugins\doku-payment\Module\JokulCheckoutModule.php on line 56
[06-Sep-2026 08:59:34 UTC] PHP Warning:  Trying to access array offset on value of type bool in C:\xampp\htdocs\wordpress\wp-content\plugins\doku-payment\Module\JokulCheckoutModule.php on line 57
[06-Sep-2026 08:59:34 UTC] PHP Warning:  Trying to access array offset on value of type bool in C:\xampp\htdocs\wordpress\wp-content\plugins\doku-payment\Module\JokulCheckoutModule.php on line 58
[06-Sep-2026 08:59:34 UTC] PHP Warning:  Trying to access array offset on value of type bool in C:\xampp\htdocs\wordpress\wp-content\plugins\doku-payment\Module\JokulCheckoutModule.php on line 59
[06-Sep-2026 08:59:34 UTC] PHP Warning:  Trying to access array offset on value of type bool in C:\xampp\htdocs\wordpress\wp-content\plugins\doku-payment\Module\JokulCheckoutModule.php on line 60
[06-Sep-2026 08:59:34 UTC] PHP Warning:  Trying to access array offset on value of type bool in C:\xampp\htdocs\wordpress\wp-content\plugins\doku-payment\Module\JokulCheckoutModule.php on line 69
[06-Sep-2026 08:59:34 UTC] PHP Warning:  Trying to access array offset on value of type bool in C:\xampp\htdocs\wordpress\wp-content\plugins\doku-payment\Module\JokulCheckoutModule.php on line 70
[06-Sep-2026 08:59:42 UTC] PHP Warning:  Trying to access array offset on value of type bool in C:\xampp\htdocs\wordpress\wp-content\plugins\doku-payment\Module\JokulCheckoutModule.php on line 51
[06-Sep-2026 08:59:42 UTC] PHP Warning:  Trying to access array offset on value of type bool in C:\xampp\htdocs\wordpress\wp-content\plugins\doku-payment\Module\JokulCheckoutModule.php on line 52
[06-Sep-2026 08:59:42 UTC] PHP Warning:  Trying to access array offset on value of type bool in C:\xampp\htdocs\wordpress\wp-content\plugins\doku-payment\Module\JokulCheckoutModule.php on line 53
[06-Sep-2026 08:59:42 UTC] PHP Warning:  Trying to access array offset on value of type bool in C:\xampp\htdocs\wordpress\wp-content\plugins\doku-payment\Module\JokulCheckoutModule.php on line 54
[06-Sep-2026 08:59:42 UTC] PHP Warning:  Trying to access array offset on value of type bool in C:\xampp\htdocs\wordpress\wp-content\plugins\doku-payment\Module\JokulCheckoutModule.php on line 55
[06-Sep-2026 08:59:42 UTC] PHP Warning:  Trying to access array offset on value of type bool in C:\xampp\htdocs\wordpress\wp-content\plugins\doku-payment\Module\JokulCheckoutModule.php on line 56
[06-Sep-2026 08:59:42 UTC] PHP Warning:  Trying to access array offset on value of type bool in C:\xampp\htdocs\wordpress\wp-content\plugins\doku-payment\Module\JokulCheckoutModule.php on line 57
[06-Sep-2026 08:59:42 UTC] PHP Warning:  Trying to access array offset on value of type bool in C:\xampp\htdocs\wordpress\wp-content\plugins\doku-payment\Module\JokulCheckoutModule.php on line 58
[06-Sep-2026 08:59:42 UTC] PHP Warning:  Trying to access array offset on value of type bool in C:\xampp\htdocs\wordpress\wp-content\plugins\doku-payment\Module\JokulCheckoutModule.php on line 59
[06-Sep-2026 08:59:42 UTC] PHP Warning:  Trying to access array offset on value of type bool in C:\xampp\htdocs\wordpress\wp-content\plugins\doku-payment\Module\JokulCheckoutModule.php on line 60
[06-Sep-2026 08:59:42 UTC] PHP Warning:  Trying to access array offset on value of type bool in C:\xampp\htdocs\wordpress\wp-content\plugins\doku-payment\Module\JokulCheckoutModule.php on line 69
[06-Sep-2026 08:59:42 UTC] PHP Warning:  Trying to access array offset on value of type bool in C:\xampp\htdocs\wordpress\wp-content\plugins\doku-payment\Module\JokulCheckoutModule.php on line 70
[06-Sep-2026 09:01:19 UTC] PHP Warning:  Trying to access array offset on value of type bool in C:\xampp\htdocs\wordpress\wp-content\plugins\doku-payment\Module\JokulCheckoutModule.php on line 51
[06-Sep-2026 09:01:19 UTC] PHP Warning:  Trying to access array offset on value of type bool in C:\xampp\htdocs\wordpress\wp-content\plugins\doku-payment\Module\JokulCheckoutModule.php on line 52
[06-Sep-2026 09:01:19 UTC] PHP Warning:  Trying to access array offset on value of type bool in C:\xampp\htdocs\wordpress\wp-content\plugins\doku-payment\Module\JokulCheckoutModule.php on line 53
[06-Sep-2026 09:01:19 UTC] PHP Warning:  Trying to access array offset on value of type bool in C:\xampp\htdocs\wordpress\wp-content\plugins\doku-payment\Module\JokulCheckoutModule.php on line 54
[06-Sep-2026 09:01:19 UTC] PHP Warning:  Trying to access array offset on value of type bool in C:\xampp\htdocs\wordpress\wp-content\plugins\doku-payment\Module\JokulCheckoutModule.php on line 55
[06-Sep-2026 09:01:19 UTC] PHP Warning:  Trying to access array offset on value of type bool in C:\xampp\htdocs\wordpress\wp-content\plugins\doku-payment\Module\JokulCheckoutModule.php on line 56
[06-Sep-2026 09:01:19 UTC] PHP Warning:  Trying to access array offset on value of type bool in C:\xampp\htdocs\wordpress\wp-content\plugins\doku-payment\Module\JokulCheckoutModule.php on line 57
[06-Sep-2026 09:01:19 UTC] PHP Warning:  Trying to access array offset on value of type bool in C:\xampp\htdocs\wordpress\wp-content\plugins\doku-payment\Module\JokulCheckoutModule.php on line 58
[06-Sep-2026 09:01:19 UTC] PHP Warning:  Trying to access array offset on value of type bool in C:\xampp\htdocs\wordpress\wp-content\plugins\doku-payment\Module\JokulCheckoutModule.php on line 59
[06-Sep-2026 09:01:19 UTC] PHP Warning:  Trying to access array offset on value of type bool in C:\xampp\htdocs\wordpress\wp-content\plugins\doku-payment\Module\JokulCheckoutModule.php on line 60
[06-Sep-2026 09:01:19 UTC] PHP Warning:  Trying to access array offset on value of type bool in C:\xampp\htdocs\wordpress\wp-content\plugins\doku-payment\Module\JokulCheckoutModule.php on line 69
[06-Sep-2026 09:01:19 UTC] PHP Warning:  Trying to access array offset on value of type bool in C:\xampp\htdocs\wordpress\wp-content\plugins\doku-payment\Module\JokulCheckoutModule.php on line 70
[06-Sep-2026 09:01:21 UTC] PHP Warning:  Trying to access array offset on value of type bool in C:\xampp\htdocs\wordpress\wp-content\plugins\doku-payment\Module\JokulCheckoutModule.php on line 51
[06-Sep-2026 09:01:21 UTC] PHP Warning:  Trying to access array offset on value of type bool in C:\xampp\htdocs\wordpress\wp-content\plugins\doku-payment\Module\JokulCheckoutModule.php on line 52
[06-Sep-2026 09:01:21 UTC] PHP Warning:  Trying to access array offset on value of type bool in C:\xampp\htdocs\wordpress\wp-content\plugins\doku-payment\Module\JokulCheckoutModule.php on line 53
[06-Sep-2026 09:01:21 UTC] PHP Warning:  Trying to access array offset on value of type bool in C:\xampp\htdocs\wordpress\wp-content\plugins\doku-payment\Module\JokulCheckoutModule.php on line 54
[06-Sep-2026 09:01:21 UTC] PHP Warning:  Trying to access array offset on value of type bool in C:\xampp\htdocs\wordpress\wp-content\plugins\doku-payment\Module\JokulCheckoutModule.php on line 55
[06-Sep-2026 09:01:21 UTC] PHP Warning:  Trying to access array offset on value of type bool in C:\xampp\htdocs\wordpress\wp-content\plugins\doku-payment\Module\JokulCheckoutModule.php on line 56
[06-Sep-2026 09:01:21 UTC] PHP Warning:  Trying to access array offset on value of type bool in C:\xampp\htdocs\wordpress\wp-content\plugins\doku-payment\Module\JokulCheckoutModule.php on line 57
[06-Sep-2026 09:01:21 UTC] PHP Warning:  Trying to access array offset on value of type bool in C:\xampp\htdocs\wordpress\wp-content\plugins\doku-payment\Module\JokulCheckoutModule.php on line 58
[06-Sep-2026 09:01:21 UTC] PHP Warning:  Trying to access array offset on value of type bool in C:\xampp\htdocs\wordpress\wp-content\plugins\doku-payment\Module\JokulCheckoutModule.php on line 59
[06-Sep-2026 09:01:21 UTC] PHP Warning:  Trying to access array offset on value of type bool in C:\xampp\htdocs\wordpress\wp-content\plugins\doku-payment\Module\JokulCheckoutModule.php on line 60
[06-Sep-2026 09:01:21 UTC] PHP Warning:  Trying to access array offset on value of type bool in C:\xampp\htdocs\wordpress\wp-content\plugins\doku-payment\Module\JokulCheckoutModule.php on line 69
[06-Sep-2026 09:01:21 UTC] PHP Warning:  Trying to access array offset on value of type bool in C:\xampp\htdocs\wordpress\wp-content\plugins\doku-payment\Module\JokulCheckoutModule.php on line 70
[06-Sep-2026 09:01:35 UTC] PHP Warning:  Trying to access array offset on value of type bool in C:\xampp\htdocs\wordpress\wp-content\plugins\doku-payment\Module\JokulCheckoutModule.php on line 51
[06-Sep-2026 09:01:35 UTC] PHP Warning:  Trying to access array offset on value of type bool in C:\xampp\htdocs\wordpress\wp-content\plugins\doku-payment\Module\JokulCheckoutModule.php on line 52
[06-Sep-2026 09:01:35 UTC] PHP Warning:  Trying to access array offset on value of type bool in C:\xampp\htdocs\wordpress\wp-content\plugins\doku-payment\Module\JokulCheckoutModule.php on line 53
[06-Sep-2026 09:01:35 UTC] PHP Warning:  Trying to access array offset on value of type bool in C:\xampp\htdocs\wordpress\wp-content\plugins\doku-payment\Module\JokulCheckoutModule.php on line 54
[06-Sep-2026 09:01:35 UTC] PHP Warning:  Trying to access array offset on value of type bool in C:\xampp\htdocs\wordpress\wp-content\plugins\doku-payment\Module\JokulCheckoutModule.php on line 55
[06-Sep-2026 09:01:35 UTC] PHP Warning:  Trying to access array offset on value of type bool in C:\xampp\htdocs\wordpress\wp-content\plugins\doku-payment\Module\JokulCheckoutModule.php on line 56
[06-Sep-2026 09:01:35 UTC] PHP Warning:  Trying to access array offset on value of type bool in C:\xampp\htdocs\wordpress\wp-content\plugins\doku-payment\Module\JokulCheckoutModule.php on line 57
[06-Sep-2026 09:01:35 UTC] PHP Warning:  Trying to access array offset on value of type bool in C:\xampp\htdocs\wordpress\wp-content\plugins\doku-payment\Module\JokulCheckoutModule.php on line 58
[06-Sep-2026 09:01:35 UTC] PHP Warning:  Trying to access array offset on value of type bool in C:\xampp\htdocs\wordpress\wp-content\plugins\doku-payment\Module\JokulCheckoutModule.php on line 59
[06-Sep-2026 09:01:35 UTC] PHP Warning:  Trying to access array offset on value of type bool in C:\xampp\htdocs\wordpress\wp-content\plugins\doku-payment\Module\JokulCheckoutModule.php on line 60
[06-Sep-2026 09:01:35 UTC] PHP Warning:  Trying to access array offset on value of type bool in C:\xampp\htdocs\wordpress\wp-content\plugins\doku-payment\Module\JokulCheckoutModule.php on line 69
[06-Sep-2026 09:01:35 UTC] PHP Warning:  Trying to access array offset on value of type bool in C:\xampp\htdocs\wordpress\wp-content\plugins\doku-payment\Module\JokulCheckoutModule.php on line 70
[06-Sep-2026 09:01:36 UTC] PHP Warning:  Trying to access array offset on value of type bool in C:\xampp\htdocs\wordpress\wp-content\plugins\doku-payment\Module\JokulCheckoutModule.php on line 51
[06-Sep-2026 09:01:36 UTC] PHP Warning:  Trying to access array offset on value of type bool in C:\xampp\htdocs\wordpress\wp-content\plugins\doku-payment\Module\JokulCheckoutModule.php on line 52
[06-Sep-2026 09:01:36 UTC] PHP Warning:  Trying to access array offset on value of type bool in C:\xampp\htdocs\wordpress\wp-content\plugins\doku-payment\Module\JokulCheckoutModule.php on line 53
[06-Sep-2026 09:01:36 UTC] PHP Warning:  Trying to access array offset on value of type bool in C:\xampp\htdocs\wordpress\wp-content\plugins\doku-payment\Module\JokulCheckoutModule.php on line 54
[06-Sep-2026 09:01:36 UTC] PHP Warning:  Trying to access array offset on value of type bool in C:\xampp\htdocs\wordpress\wp-content\plugins\doku-payment\Module\JokulCheckoutModule.php on line 55
[06-Sep-2026 09:01:36 UTC] PHP Warning:  Trying to access array offset on value of type bool in C:\xampp\htdocs\wordpress\wp-content\plugins\doku-payment\Module\JokulCheckoutModule.php on line 56
[06-Sep-2026 09:01:36 UTC] PHP Warning:  Trying to access array offset on value of type bool in C:\xampp\htdocs\wordpress\wp-content\plugins\doku-payment\Module\JokulCheckoutModule.php on line 57
[06-Sep-2026 09:01:36 UTC] PHP Warning:  Trying to access array offset on value of type bool in C:\xampp\htdocs\wordpress\wp-content\plugins\doku-payment\Module\JokulCheckoutModule.php on line 58
[06-Sep-2026 09:01:36 UTC] PHP Warning:  Trying to access array offset on value of type bool in C:\xampp\htdocs\wordpress\wp-content\plugins\doku-payment\Module\JokulCheckoutModule.php on line 59
[06-Sep-2026 09:01:36 UTC] PHP Warning:  Trying to access array offset on value of type bool in C:\xampp\htdocs\wordpress\wp-content\plugins\doku-payment\Module\JokulCheckoutModule.php on line 60
[06-Sep-2026 09:01:36 UTC] PHP Warning:  Trying to access array offset on value of type bool in C:\xampp\htdocs\wordpress\wp-content\plugins\doku-payment\Module\JokulCheckoutModule.php on line 69
[06-Sep-2026 09:01:36 UTC] PHP Warning:  Trying to access array offset on value of type bool in C:\xampp\htdocs\wordpress\wp-content\plugins\doku-payment\Module\JokulCheckoutModule.php on line 70
[06-Sep-2026 09:01:40 UTC] PHP Warning:  Trying to access array offset on value of type bool in C:\xampp\htdocs\wordpress\wp-content\plugins\doku-payment\Module\JokulCheckoutModule.php on line 51
[06-Sep-2026 09:01:40 UTC] PHP Warning:  Trying to access array offset on value of type bool in C:\xampp\htdocs\wordpress\wp-content\plugins\doku-payment\Module\JokulCheckoutModule.php on line 52
[06-Sep-2026 09:01:40 UTC] PHP Warning:  Trying to access array offset on value of type bool in C:\xampp\htdocs\wordpress\wp-content\plugins\doku-payment\Module\JokulCheckoutModule.php on line 53
[06-Sep-2026 09:01:40 UTC] PHP Warning:  Trying to access array offset on value of type bool in C:\xampp\htdocs\wordpress\wp-content\plugins\doku-payment\Module\JokulCheckoutModule.php on line 54
[06-Sep-2026 09:01:40 UTC] PHP Warning:  Trying to access array offset on value of type bool in C:\xampp\htdocs\wordpress\wp-content\plugins\doku-payment\Module\JokulCheckoutModule.php on line 55
[06-Sep-2026 09:01:40 UTC] PHP Warning:  Trying to access array offset on value of type bool in C:\xampp\htdocs\wordpress\wp-content\plugins\doku-payment\Module\JokulCheckoutModule.php on line 56
[06-Sep-2026 09:01:40 UTC] PHP Warning:  Trying to access array offset on value of type bool in C:\xampp\htdocs\wordpress\wp-content\plugins\doku-payment\Module\JokulCheckoutModule.php on line 57
[06-Sep-2026 09:01:40 UTC] PHP Warning:  Trying to access array offset on value of type bool in C:\xampp\htdocs\wordpress\wp-content\plugins\doku-payment\Module\JokulCheckoutModule.php on line 58
[06-Sep-2026 09:01:40 UTC] PHP Warning:  Trying to access array offset on value of type bool in C:\xampp\htdocs\wordpress\wp-content\plugins\doku-payment\Module\JokulCheckoutModule.php on line 59
[06-Sep-2026 09:01:40 UTC] PHP Warning:  Trying to access array offset on value of type bool in C:\xampp\htdocs\wordpress\wp-content\plugins\doku-payment\Module\JokulCheckoutModule.php on line 60
[06-Sep-2026 09:01:40 UTC] PHP Warning:  Trying to access array offset on value of type bool in C:\xampp\htdocs\wordpress\wp-content\plugins\doku-payment\Module\JokulCheckoutModule.php on line 69
[06-Sep-2026 09:01:40 UTC] PHP Warning:  Trying to access array offset on value of type bool in C:\xampp\htdocs\wordpress\wp-content\plugins\doku-payment\Module\JokulCheckoutModule.php on line 70
[06-Sep-2026 09:01:40 UTC] PHP Warning:  Trying to access array offset on value of type bool in C:\xampp\htdocs\wordpress\wp-content\plugins\doku-payment\Module\JokulCheckoutModule.php on line 51
[06-Sep-2026 09:01:40 UTC] PHP Warning:  Trying to access array offset on value of type bool in C:\xampp\htdocs\wordpress\wp-content\plugins\doku-payment\Module\JokulCheckoutModule.php on line 52
[06-Sep-2026 09:01:40 UTC] PHP Warning:  Trying to access array offset on value of type bool in C:\xampp\htdocs\wordpress\wp-content\plugins\doku-payment\Module\JokulCheckoutModule.php on line 53
[06-Sep-2026 09:01:40 UTC] PHP Warning:  Trying to access array offset on value of type bool in C:\xampp\htdocs\wordpress\wp-content\plugins\doku-payment\Module\JokulCheckoutModule.php on line 54
[06-Sep-2026 09:01:40 UTC] PHP Warning:  Trying to access array offset on value of type bool in C:\xampp\htdocs\wordpress\wp-content\plugins\doku-payment\Module\JokulCheckoutModule.php on line 55
[06-Sep-2026 09:01:40 UTC] PHP Warning:  Trying to access array offset on value of type bool in C:\xampp\htdocs\wordpress\wp-content\plugins\doku-payment\Module\JokulCheckoutModule.php on line 56
[06-Sep-2026 09:01:40 UTC] PHP Warning:  Trying to access array offset on value of type bool in C:\xampp\htdocs\wordpress\wp-content\plugins\doku-payment\Module\JokulCheckoutModule.php on line 57
[06-Sep-2026 09:01:40 UTC] PHP Warning:  Trying to access array offset on value of type bool in C:\xampp\htdocs\wordpress\wp-content\plugins\doku-payment\Module\JokulCheckoutModule.php on line 58
[06-Sep-2026 09:01:40 UTC] PHP Warning:  Trying to access array offset on value of type bool in C:\xampp\htdocs\wordpress\wp-content\plugins\doku-payment\Module\JokulCheckoutModule.php on line 59
[06-Sep-2026 09:01:40 UTC] PHP Warning:  Trying to access array offset on value of type bool in C:\xampp\htdocs\wordpress\wp-content\plugins\doku-payment\Module\JokulCheckoutModule.php on line 60
[06-Sep-2026 09:01:40 UTC] PHP Warning:  Trying to access array offset on value of type bool in C:\xampp\htdocs\wordpress\wp-content\plugins\doku-payment\Module\JokulCheckoutModule.php on line 69
[06-Sep-2026 09:01:40 UTC] PHP Warning:  Trying to access array offset on value of type bool in C:\xampp\htdocs\wordpress\wp-content\plugins\doku-payment\Module\JokulCheckoutModule.php on line 70
[06-Sep-2026 09:01:40 UTC] PHP Warning:  Trying to access array offset on value of type bool in C:\xampp\htdocs\wordpress\wp-content\plugins\doku-payment\Module\JokulCheckoutModule.php on line 51
[06-Sep-2026 09:01:40 UTC] PHP Warning:  Trying to access array offset on value of type bool in C:\xampp\htdocs\wordpress\wp-content\plugins\doku-payment\Module\JokulCheckoutModule.php on line 52
[06-Sep-2026 09:01:40 UTC] PHP Warning:  Trying to access array offset on value of type bool in C:\xampp\htdocs\wordpress\wp-content\plugins\doku-payment\Module\JokulCheckoutModule.php on line 53
[06-Sep-2026 09:01:40 UTC] PHP Warning:  Trying to access array offset on value of type bool in C:\xampp\htdocs\wordpress\wp-content\plugins\doku-payment\Module\JokulCheckoutModule.php on line 54
[06-Sep-2026 09:01:40 UTC] PHP Warning:  Trying to access array offset on value of type bool in C:\xampp\htdocs\wordpress\wp-content\plugins\doku-payment\Module\JokulCheckoutModule.php on line 55
[06-Sep-2026 09:01:40 UTC] PHP Warning:  Trying to access array offset on value of type bool in C:\xampp\htdocs\wordpress\wp-content\plugins\doku-payment\Module\JokulCheckoutModule.php on line 56
[06-Sep-2026 09:01:40 UTC] PHP Warning:  Trying to access array offset on value of type bool in C:\xampp\htdocs\wordpress\wp-content\plugins\doku-payment\Module\JokulCheckoutModule.php on line 57
[06-Sep-2026 09:01:40 UTC] PHP Warning:  Trying to access array offset on value of type bool in C:\xampp\htdocs\wordpress\wp-content\plugins\doku-payment\Module\JokulCheckoutModule.php on line 58
[06-Sep-2026 09:01:40 UTC] PHP Warning:  Trying to access array offset on value of type bool in C:\xampp\htdocs\wordpress\wp-content\plugins\doku-payment\Module\JokulCheckoutModule.php on line 59
[06-Sep-2026 09:01:40 UTC] PHP Warning:  Trying to access array offset on value of type bool in C:\xampp\htdocs\wordpress\wp-content\plugins\doku-payment\Module\JokulCheckoutModule.php on line 60
[06-Sep-2026 09:01:40 UTC] PHP Warning:  Trying to access array offset on value of type bool in C:\xampp\htdocs\wordpress\wp-content\plugins\doku-payment\Module\JokulCheckoutModule.php on line 69
[06-Sep-2026 09:01:40 UTC] PHP Warning:  Trying to access array offset on value of type bool in C:\xampp\htdocs\wordpress\wp-content\plugins\doku-payment\Module\JokulCheckoutModule.php on line 70
[06-Sep-2026 09:01:43 UTC] PHP Warning:  Trying to access array offset on value of type bool in C:\xampp\htdocs\wordpress\wp-content\plugins\doku-payment\Module\JokulCheckoutModule.php on line 51
[06-Sep-2026 09:01:43 UTC] PHP Warning:  Trying to access array offset on value of type bool in C:\xampp\htdocs\wordpress\wp-content\plugins\doku-payment\Module\JokulCheckoutModule.php on line 52
[06-Sep-2026 09:01:43 UTC] PHP Warning:  Trying to access array offset on value of type bool in C:\xampp\htdocs\wordpress\wp-content\plugins\doku-payment\Module\JokulCheckoutModule.php on line 53
[06-Sep-2026 09:01:43 UTC] PHP Warning:  Trying to access array offset on value of type bool in C:\xampp\htdocs\wordpress\wp-content\plugins\doku-payment\Module\JokulCheckoutModule.php on line 54
[06-Sep-2026 09:01:43 UTC] PHP Warning:  Trying to access array offset on value of type bool in C:\xampp\htdocs\wordpress\wp-content\plugins\doku-payment\Module\JokulCheckoutModule.php on line 55
[06-Sep-2026 09:01:43 UTC] PHP Warning:  Trying to access array offset on value of type bool in C:\xampp\htdocs\wordpress\wp-content\plugins\doku-payment\Module\JokulCheckoutModule.php on line 56
[06-Sep-2026 09:01:43 UTC] PHP Warning:  Trying to access array offset on value of type bool in C:\xampp\htdocs\wordpress\wp-content\plugins\doku-payment\Module\JokulCheckoutModule.php on line 57
[06-Sep-2026 09:01:43 UTC] PHP Warning:  Trying to access array offset on value of type bool in C:\xampp\htdocs\wordpress\wp-content\plugins\doku-payment\Module\JokulCheckoutModule.php on line 58
[06-Sep-2026 09:01:43 UTC] PHP Warning:  Trying to access array offset on value of type bool in C:\xampp\htdocs\wordpress\wp-content\plugins\doku-payment\Module\JokulCheckoutModule.php on line 59
[06-Sep-2026 09:01:43 UTC] PHP Warning:  Trying to access array offset on value of type bool in C:\xampp\htdocs\wordpress\wp-content\plugins\doku-payment\Module\JokulCheckoutModule.php on line 60
[06-Sep-2026 09:01:43 UTC] PHP Warning:  Trying to access array offset on value of type bool in C:\xampp\htdocs\wordpress\wp-content\plugins\doku-payment\Module\JokulCheckoutModule.php on line 69
[06-Sep-2026 09:01:43 UTC] PHP Warning:  Trying to access array offset on value of type bool in C:\xampp\htdocs\wordpress\wp-content\plugins\doku-payment\Module\JokulCheckoutModule.php on line 70
[06-Sep-2026 09:01:43 UTC] PHP Warning:  Trying to access array offset on value of type bool in C:\xampp\htdocs\wordpress\wp-content\plugins\doku-payment\Module\JokulCheckoutModule.php on line 51
[06-Sep-2026 09:01:43 UTC] PHP Warning:  Trying to access array offset on value of type bool in C:\xampp\htdocs\wordpress\wp-content\plugins\doku-payment\Module\JokulCheckoutModule.php on line 52
[06-Sep-2026 09:01:43 UTC] PHP Warning:  Trying to access array offset on value of type bool in C:\xampp\htdocs\wordpress\wp-content\plugins\doku-payment\Module\JokulCheckoutModule.php on line 53
[06-Sep-2026 09:01:43 UTC] PHP Warning:  Trying to access array offset on value of type bool in C:\xampp\htdocs\wordpress\wp-content\plugins\doku-payment\Module\JokulCheckoutModule.php on line 54
[06-Sep-2026 09:01:43 UTC] PHP Warning:  Trying to access array offset on value of type bool in C:\xampp\htdocs\wordpress\wp-content\plugins\doku-payment\Module\JokulCheckoutModule.php on line 55
[06-Sep-2026 09:01:43 UTC] PHP Warning:  Trying to access array offset on value of type bool in C:\xampp\htdocs\wordpress\wp-content\plugins\doku-payment\Module\JokulCheckoutModule.php on line 56
[06-Sep-2026 09:01:43 UTC] PHP Warning:  Trying to access array offset on value of type bool in C:\xampp\htdocs\wordpress\wp-content\plugins\doku-payment\Module\JokulCheckoutModule.php on line 57
[06-Sep-2026 09:01:43 UTC] PHP Warning:  Trying to access array offset on value of type bool in C:\xampp\htdocs\wordpress\wp-content\plugins\doku-payment\Module\JokulCheckoutModule.php on line 58
[06-Sep-2026 09:01:43 UTC] PHP Warning:  Trying to access array offset on value of type bool in C:\xampp\htdocs\wordpress\wp-content\plugins\doku-payment\Module\JokulCheckoutModule.php on line 59
[06-Sep-2026 09:01:43 UTC] PHP Warning:  Trying to access array offset on value of type bool in C:\xampp\htdocs\wordpress\wp-content\plugins\doku-payment\Module\JokulCheckoutModule.php on line 60
[06-Sep-2026 09:01:43 UTC] PHP Warning:  Trying to access array offset on value of type bool in C:\xampp\htdocs\wordpress\wp-content\plugins\doku-payment\Module\JokulCheckoutModule.php on line 69
[06-Sep-2026 09:01:43 UTC] PHP Warning:  Trying to access array offset on value of type bool in C:\xampp\htdocs\wordpress\wp-content\plugins\doku-payment\Module\JokulCheckoutModule.php on line 70
[06-Sep-2026 09:01:45 UTC] PHP Warning:  Trying to access array offset on value of type bool in C:\xampp\htdocs\wordpress\wp-content\plugins\doku-payment\Module\JokulCheckoutModule.php on line 51
[06-Sep-2026 09:01:45 UTC] PHP Warning:  Trying to access array offset on value of type bool in C:\xampp\htdocs\wordpress\wp-content\plugins\doku-payment\Module\JokulCheckoutModule.php on line 52
[06-Sep-2026 09:01:45 UTC] PHP Warning:  Trying to access array offset on value of type bool in C:\xampp\htdocs\wordpress\wp-content\plugins\doku-payment\Module\JokulCheckoutModule.php on line 53
[06-Sep-2026 09:01:45 UTC] PHP Warning:  Trying to access array offset on value of type bool in C:\xampp\htdocs\wordpress\wp-content\plugins\doku-payment\Module\JokulCheckoutModule.php on line 54
[06-Sep-2026 09:01:45 UTC] PHP Warning:  Trying to access array offset on value of type bool in C:\xampp\htdocs\wordpress\wp-content\plugins\doku-payment\Module\JokulCheckoutModule.php on line 55
[06-Sep-2026 09:01:45 UTC] PHP Warning:  Trying to access array offset on value of type bool in C:\xampp\htdocs\wordpress\wp-content\plugins\doku-payment\Module\JokulCheckoutModule.php on line 56
[06-Sep-2026 09:01:45 UTC] PHP Warning:  Trying to access array offset on value of type bool in C:\xampp\htdocs\wordpress\wp-content\plugins\doku-payment\Module\JokulCheckoutModule.php on line 57
[06-Sep-2026 09:01:45 UTC] PHP Warning:  Trying to access array offset on value of type bool in C:\xampp\htdocs\wordpress\wp-content\plugins\doku-payment\Module\JokulCheckoutModule.php on line 58
[06-Sep-2026 09:01:45 UTC] PHP Warning:  Trying to access array offset on value of type bool in C:\xampp\htdocs\wordpress\wp-content\plugins\doku-payment\Module\JokulCheckoutModule.php on line 59
[06-Sep-2026 09:01:45 UTC] PHP Warning:  Trying to access array offset on value of type bool in C:\xampp\htdocs\wordpress\wp-content\plugins\doku-payment\Module\JokulCheckoutModule.php on line 60
[06-Sep-2026 09:01:45 UTC] PHP Warning:  Trying to access array offset on value of type bool in C:\xampp\htdocs\wordpress\wp-content\plugins\doku-payment\Module\JokulCheckoutModule.php on line 69
[06-Sep-2026 09:01:45 UTC] PHP Warning:  Trying to access array offset on value of type bool in C:\xampp\htdocs\wordpress\wp-content\plugins\doku-payment\Module\JokulCheckoutModule.php on line 70
[06-Sep-2026 09:01:48 UTC] PHP Warning:  Trying to access array offset on value of type bool in C:\xampp\htdocs\wordpress\wp-content\plugins\doku-payment\Module\JokulCheckoutModule.php on line 51
[06-Sep-2026 09:01:48 UTC] PHP Warning:  Trying to access array offset on value of type bool in C:\xampp\htdocs\wordpress\wp-content\plugins\doku-payment\Module\JokulCheckoutModule.php on line 52
[06-Sep-2026 09:01:48 UTC] PHP Warning:  Trying to access array offset on value of type bool in C:\xampp\htdocs\wordpress\wp-content\plugins\doku-payment\Module\JokulCheckoutModule.php on line 53
[06-Sep-2026 09:01:48 UTC] PHP Warning:  Trying to access array offset on value of type bool in C:\xampp\htdocs\wordpress\wp-content\plugins\doku-payment\Module\JokulCheckoutModule.php on line 54
[06-Sep-2026 09:01:48 UTC] PHP Warning:  Trying to access array offset on value of type bool in C:\xampp\htdocs\wordpress\wp-content\plugins\doku-payment\Module\JokulCheckoutModule.php on line 55
[06-Sep-2026 09:01:48 UTC] PHP Warning:  Trying to access array offset on value of type bool in C:\xampp\htdocs\wordpress\wp-content\plugins\doku-payment\Module\JokulCheckoutModule.php on line 56
[06-Sep-2026 09:01:48 UTC] PHP Warning:  Trying to access array offset on value of type bool in C:\xampp\htdocs\wordpress\wp-content\plugins\doku-payment\Module\JokulCheckoutModule.php on line 57
[06-Sep-2026 09:01:48 UTC] PHP Warning:  Trying to access array offset on value of type bool in C:\xampp\htdocs\wordpress\wp-content\plugins\doku-payment\Module\JokulCheckoutModule.php on line 58
[06-Sep-2026 09:01:48 UTC] PHP Warning:  Trying to access array offset on value of type bool in C:\xampp\htdocs\wordpress\wp-content\plugins\doku-payment\Module\JokulCheckoutModule.php on line 59
[06-Sep-2026 09:01:48 UTC] PHP Warning:  Trying to access array offset on value of type bool in C:\xampp\htdocs\wordpress\wp-content\plugins\doku-payment\Module\JokulCheckoutModule.php on line 60
[06-Sep-2026 09:01:48 UTC] PHP Warning:  Trying to access array offset on value of type bool in C:\xampp\htdocs\wordpress\wp-content\plugins\doku-payment\Module\JokulCheckoutModule.php on line 69
[06-Sep-2026 09:01:48 UTC] PHP Warning:  Trying to access array offset on value of type bool in C:\xampp\htdocs\wordpress\wp-content\plugins\doku-payment\Module\JokulCheckoutModule.php on line 70
[06-Sep-2026 09:01:48 UTC] PHP Warning:  Trying to access array offset on value of type bool in C:\xampp\htdocs\wordpress\wp-content\plugins\doku-payment\Module\JokulCheckoutModule.php on line 51
[06-Sep-2026 09:01:48 UTC] PHP Warning:  Trying to access array offset on value of type bool in C:\xampp\htdocs\wordpress\wp-content\plugins\doku-payment\Module\JokulCheckoutModule.php on line 52
[06-Sep-2026 09:01:48 UTC] PHP Warning:  Trying to access array offset on value of type bool in C:\xampp\htdocs\wordpress\wp-content\plugins\doku-payment\Module\JokulCheckoutModule.php on line 53
[06-Sep-2026 09:01:48 UTC] PHP Warning:  Trying to access array offset on value of type bool in C:\xampp\htdocs\wordpress\wp-content\plugins\doku-payment\Module\JokulCheckoutModule.php on line 54
[06-Sep-2026 09:01:48 UTC] PHP Warning:  Trying to access array offset on value of type bool in C:\xampp\htdocs\wordpress\wp-content\plugins\doku-payment\Module\JokulCheckoutModule.php on line 55
[06-Sep-2026 09:01:48 UTC] PHP Warning:  Trying to access array offset on value of type bool in C:\xampp\htdocs\wordpress\wp-content\plugins\doku-payment\Module\JokulCheckoutModule.php on line 56
[06-Sep-2026 09:01:48 UTC] PHP Warning:  Trying to access array offset on value of type bool in C:\xampp\htdocs\wordpress\wp-content\plugins\doku-payment\Module\JokulCheckoutModule.php on line 57
[06-Sep-2026 09:01:48 UTC] PHP Warning:  Trying to access array offset on value of type bool in C:\xampp\htdocs\wordpress\wp-content\plugins\doku-payment\Module\JokulCheckoutModule.php on line 58
[06-Sep-2026 09:01:48 UTC] PHP Warning:  Trying to access array offset on value of type bool in C:\xampp\htdocs\wordpress\wp-content\plugins\doku-payment\Module\JokulCheckoutModule.php on line 59
[06-Sep-2026 09:01:48 UTC] PHP Warning:  Trying to access array offset on value of type bool in C:\xampp\htdocs\wordpress\wp-content\plugins\doku-payment\Module\JokulCheckoutModule.php on line 60
[06-Sep-2026 09:01:48 UTC] PHP Warning:  Trying to access array offset on value of type bool in C:\xampp\htdocs\wordpress\wp-content\plugins\doku-payment\Module\JokulCheckoutModule.php on line 69
[06-Sep-2026 09:01:48 UTC] PHP Warning:  Trying to access array offset on value of type bool in C:\xampp\htdocs\wordpress\wp-content\plugins\doku-payment\Module\JokulCheckoutModule.php on line 70
[06-Sep-2026 09:01:48 UTC] PHP Warning:  Trying to access array offset on value of type bool in C:\xampp\htdocs\wordpress\wp-content\plugins\doku-payment\Module\JokulCheckoutModule.php on line 51
[06-Sep-2026 09:01:48 UTC] PHP Warning:  Trying to access array offset on value of type bool in C:\xampp\htdocs\wordpress\wp-content\plugins\doku-payment\Module\JokulCheckoutModule.php on line 52
[06-Sep-2026 09:01:48 UTC] PHP Warning:  Trying to access array offset on value of type bool in C:\xampp\htdocs\wordpress\wp-content\plugins\doku-payment\Module\JokulCheckoutModule.php on line 53
[06-Sep-2026 09:01:48 UTC] PHP Warning:  Trying to access array offset on value of type bool in C:\xampp\htdocs\wordpress\wp-content\plugins\doku-payment\Module\JokulCheckoutModule.php on line 54
[06-Sep-2026 09:01:48 UTC] PHP Warning:  Trying to access array offset on value of type bool in C:\xampp\htdocs\wordpress\wp-content\plugins\doku-payment\Module\JokulCheckoutModule.php on line 55
[06-Sep-2026 09:01:48 UTC] PHP Warning:  Trying to access array offset on value of type bool in C:\xampp\htdocs\wordpress\wp-content\plugins\doku-payment\Module\JokulCheckoutModule.php on line 56
[06-Sep-2026 09:01:48 UTC] PHP Warning:  Trying to access array offset on value of type bool in C:\xampp\htdocs\wordpress\wp-content\plugins\doku-payment\Module\JokulCheckoutModule.php on line 57
[06-Sep-2026 09:01:48 UTC] PHP Warning:  Trying to access array offset on value of type bool in C:\xampp\htdocs\wordpress\wp-content\plugins\doku-payment\Module\JokulCheckoutModule.php on line 58
[06-Sep-2026 09:01:48 UTC] PHP Warning:  Trying to access array offset on value of type bool in C:\xampp\htdocs\wordpress\wp-content\plugins\doku-payment\Module\JokulCheckoutModule.php on line 59
[06-Sep-2026 09:01:48 UTC] PHP Warning:  Trying to access array offset on value of type bool in C:\xampp\htdocs\wordpress\wp-content\plugins\doku-payment\Module\JokulCheckoutModule.php on line 60
[06-Sep-2026 09:01:48 UTC] PHP Warning:  Trying to access array offset on value of type bool in C:\xampp\htdocs\wordpress\wp-content\plugins\doku-payment\Module\JokulCheckoutModule.php on line 69
[06-Sep-2026 09:01:48 UTC] PHP Warning:  Trying to access array offset on value of type bool in C:\xampp\htdocs\wordpress\wp-content\plugins\doku-payment\Module\JokulCheckoutModule.php on line 70
[06-Sep-2026 09:01:49 UTC] PHP Warning:  Trying to access array offset on value of type bool in C:\xampp\htdocs\wordpress\wp-content\plugins\doku-payment\Module\JokulCheckoutModule.php on line 51
[06-Sep-2026 09:01:49 UTC] PHP Warning:  Trying to access array offset on value of type bool in C:\xampp\htdocs\wordpress\wp-content\plugins\doku-payment\Module\JokulCheckoutModule.php on line 52
[06-Sep-2026 09:01:49 UTC] PHP Warning:  Trying to access array offset on value of type bool in C:\xampp\htdocs\wordpress\wp-content\plugins\doku-payment\Module\JokulCheckoutModule.php on line 53
[06-Sep-2026 09:01:49 UTC] PHP Warning:  Trying to access array offset on value of type bool in C:\xampp\htdocs\wordpress\wp-content\plugins\doku-payment\Module\JokulCheckoutModule.php on line 54
[06-Sep-2026 09:01:49 UTC] PHP Warning:  Trying to access array offset on value of type bool in C:\xampp\htdocs\wordpress\wp-content\plugins\doku-payment\Module\JokulCheckoutModule.php on line 55
[06-Sep-2026 09:01:49 UTC] PHP Warning:  Trying to access array offset on value of type bool in C:\xampp\htdocs\wordpress\wp-content\plugins\doku-payment\Module\JokulCheckoutModule.php on line 56
[06-Sep-2026 09:01:49 UTC] PHP Warning:  Trying to access array offset on value of type bool in C:\xampp\htdocs\wordpress\wp-content\plugins\doku-payment\Module\JokulCheckoutModule.php on line 57
[06-Sep-2026 09:01:49 UTC] PHP Warning:  Trying to access array offset on value of type bool in C:\xampp\htdocs\wordpress\wp-content\plugins\doku-payment\Module\JokulCheckoutModule.php on line 58
[06-Sep-2026 09:01:49 UTC] PHP Warning:  Trying to access array offset on value of type bool in C:\xampp\htdocs\wordpress\wp-content\plugins\doku-payment\Module\JokulCheckoutModule.php on line 59
[06-Sep-2026 09:01:49 UTC] PHP Warning:  Trying to access array offset on value of type bool in C:\xampp\htdocs\wordpress\wp-content\plugins\doku-payment\Module\JokulCheckoutModule.php on line 60
[06-Sep-2026 09:01:49 UTC] PHP Warning:  Trying to access array offset on value of type bool in C:\xampp\htdocs\wordpress\wp-content\plugins\doku-payment\Module\JokulCheckoutModule.php on line 69
[06-Sep-2026 09:01:49 UTC] PHP Warning:  Trying to access array offset on value of type bool in C:\xampp\htdocs\wordpress\wp-content\plugins\doku-payment\Module\JokulCheckoutModule.php on line 70
[06-Sep-2026 09:02:50 UTC] PHP Warning:  Trying to access array offset on value of type bool in C:\xampp\htdocs\wordpress\wp-content\plugins\doku-payment\Module\JokulCheckoutModule.php on line 51
[06-Sep-2026 09:02:50 UTC] PHP Warning:  Trying to access array offset on value of type bool in C:\xampp\htdocs\wordpress\wp-content\plugins\doku-payment\Module\JokulCheckoutModule.php on line 52
[06-Sep-2026 09:02:50 UTC] PHP Warning:  Trying to access array offset on value of type bool in C:\xampp\htdocs\wordpress\wp-content\plugins\doku-payment\Module\JokulCheckoutModule.php on line 53
[06-Sep-2026 09:02:50 UTC] PHP Warning:  Trying to access array offset on value of type bool in C:\xampp\htdocs\wordpress\wp-content\plugins\doku-payment\Module\JokulCheckoutModule.php on line 54
[06-Sep-2026 09:02:50 UTC] PHP Warning:  Trying to access array offset on value of type bool in C:\xampp\htdocs\wordpress\wp-content\plugins\doku-payment\Module\JokulCheckoutModule.php on line 55
[06-Sep-2026 09:02:50 UTC] PHP Warning:  Trying to access array offset on value of type bool in C:\xampp\htdocs\wordpress\wp-content\plugins\doku-payment\Module\JokulCheckoutModule.php on line 56
[06-Sep-2026 09:02:50 UTC] PHP Warning:  Trying to access array offset on value of type bool in C:\xampp\htdocs\wordpress\wp-content\plugins\doku-payment\Module\JokulCheckoutModule.php on line 57
[06-Sep-2026 09:02:50 UTC] PHP Warning:  Trying to access array offset on value of type bool in C:\xampp\htdocs\wordpress\wp-content\plugins\doku-payment\Module\JokulCheckoutModule.php on line 58
[06-Sep-2026 09:02:50 UTC] PHP Warning:  Trying to access array offset on value of type bool in C:\xampp\htdocs\wordpress\wp-content\plugins\doku-payment\Module\JokulCheckoutModule.php on line 59
[06-Sep-2026 09:02:50 UTC] PHP Warning:  Trying to access array offset on value of type bool in C:\xampp\htdocs\wordpress\wp-content\plugins\doku-payment\Module\JokulCheckoutModule.php on line 60
[06-Sep-2026 09:02:50 UTC] PHP Warning:  Trying to access array offset on value of type bool in C:\xampp\htdocs\wordpress\wp-content\plugins\doku-payment\Module\JokulCheckoutModule.php on line 69
[06-Sep-2026 09:02:50 UTC] PHP Warning:  Trying to access array offset on value of type bool in C:\xampp\htdocs\wordpress\wp-content\plugins\doku-payment\Module\JokulCheckoutModule.php on line 70
[06-Sep-2026 09:02:53 UTC] PHP Warning:  Trying to access array offset on value of type bool in C:\xampp\htdocs\wordpress\wp-content\plugins\doku-payment\Module\JokulCheckoutModule.php on line 51
[06-Sep-2026 09:02:53 UTC] PHP Warning:  Trying to access array offset on value of type bool in C:\xampp\htdocs\wordpress\wp-content\plugins\doku-payment\Module\JokulCheckoutModule.php on line 52
[06-Sep-2026 09:02:53 UTC] PHP Warning:  Trying to access array offset on value of type bool in C:\xampp\htdocs\wordpress\wp-content\plugins\doku-payment\Module\JokulCheckoutModule.php on line 53
[06-Sep-2026 09:02:53 UTC] PHP Warning:  Trying to access array offset on value of type bool in C:\xampp\htdocs\wordpress\wp-content\plugins\doku-payment\Module\JokulCheckoutModule.php on line 54
[06-Sep-2026 09:02:53 UTC] PHP Warning:  Trying to access array offset on value of type bool in C:\xampp\htdocs\wordpress\wp-content\plugins\doku-payment\Module\JokulCheckoutModule.php on line 55
[06-Sep-2026 09:02:53 UTC] PHP Warning:  Trying to access array offset on value of type bool in C:\xampp\htdocs\wordpress\wp-content\plugins\doku-payment\Module\JokulCheckoutModule.php on line 56
[06-Sep-2026 09:02:53 UTC] PHP Warning:  Trying to access array offset on value of type bool in C:\xampp\htdocs\wordpress\wp-content\plugins\doku-payment\Module\JokulCheckoutModule.php on line 57
[06-Sep-2026 09:02:53 UTC] PHP Warning:  Trying to access array offset on value of type bool in C:\xampp\htdocs\wordpress\wp-content\plugins\doku-payment\Module\JokulCheckoutModule.php on line 58
[06-Sep-2026 09:02:53 UTC] PHP Warning:  Trying to access array offset on value of type bool in C:\xampp\htdocs\wordpress\wp-content\plugins\doku-payment\Module\JokulCheckoutModule.php on line 59
[06-Sep-2026 09:02:53 UTC] PHP Warning:  Trying to access array offset on value of type bool in C:\xampp\htdocs\wordpress\wp-content\plugins\doku-payment\Module\JokulCheckoutModule.php on line 60
[06-Sep-2026 09:02:53 UTC] PHP Warning:  Trying to access array offset on value of type bool in C:\xampp\htdocs\wordpress\wp-content\plugins\doku-payment\Module\JokulCheckoutModule.php on line 69
[06-Sep-2026 09:02:53 UTC] PHP Warning:  Trying to access array offset on value of type bool in C:\xampp\htdocs\wordpress\wp-content\plugins\doku-payment\Module\JokulCheckoutModule.php on line 70
[06-Sep-2026 11:16:27 UTC] PHP Warning:  Trying to access array offset on value of type bool in C:\xampp\htdocs\wordpress\wp-content\plugins\doku-payment\Module\JokulCheckoutModule.php on line 51
[06-Sep-2026 11:16:27 UTC] PHP Warning:  Trying to access array offset on value of type bool in C:\xampp\htdocs\wordpress\wp-content\plugins\doku-payment\Module\JokulCheckoutModule.php on line 52
[06-Sep-2026 11:16:27 UTC] PHP Warning:  Trying to access array offset on value of type bool in C:\xampp\htdocs\wordpress\wp-content\plugins\doku-payment\Module\JokulCheckoutModule.php on line 53
[06-Sep-2026 11:16:27 UTC] PHP Warning:  Trying to access array offset on value of type bool in C:\xampp\htdocs\wordpress\wp-content\plugins\doku-payment\Module\JokulCheckoutModule.php on line 54
[06-Sep-2026 11:16:27 UTC] PHP Warning:  Trying to access array offset on value of type bool in C:\xampp\htdocs\wordpress\wp-content\plugins\doku-payment\Module\JokulCheckoutModule.php on line 55
[06-Sep-2026 11:16:27 UTC] PHP Warning:  Trying to access array offset on value of type bool in C:\xampp\htdocs\wordpress\wp-content\plugins\doku-payment\Module\JokulCheckoutModule.php on line 56
[06-Sep-2026 11:16:27 UTC] PHP Warning:  Trying to access array offset on value of type bool in C:\xampp\htdocs\wordpress\wp-content\plugins\doku-payment\Module\JokulCheckoutModule.php on line 57
[06-Sep-2026 11:16:27 UTC] PHP Warning:  Trying to access array offset on value of type bool in C:\xampp\htdocs\wordpress\wp-content\plugins\doku-payment\Module\JokulCheckoutModule.php on line 58
[06-Sep-2026 11:16:27 UTC] PHP Warning:  Trying to access array offset on value of type bool in C:\xampp\htdocs\wordpress\wp-content\plugins\doku-payment\Module\JokulCheckoutModule.php on line 59
[06-Sep-2026 11:16:27 UTC] PHP Warning:  Trying to access array offset on value of type bool in C:\xampp\htdocs\wordpress\wp-content\plugins\doku-payment\Module\JokulCheckoutModule.php on line 60
[06-Sep-2026 11:16:27 UTC] PHP Warning:  Trying to access array offset on value of type bool in C:\xampp\htdocs\wordpress\wp-content\plugins\doku-payment\Module\JokulCheckoutModule.php on line 69
[06-Sep-2026 11:16:27 UTC] PHP Warning:  Trying to access array offset on value of type bool in C:\xampp\htdocs\wordpress\wp-content\plugins\doku-payment\Module\JokulCheckoutModule.php on line 70
[06-Sep-2026 11:16:30 UTC] PHP Warning:  Trying to access array offset on value of type bool in C:\xampp\htdocs\wordpress\wp-content\plugins\doku-payment\Module\JokulCheckoutModule.php on line 51
[06-Sep-2026 11:16:30 UTC] PHP Warning:  Trying to access array offset on value of type bool in C:\xampp\htdocs\wordpress\wp-content\plugins\doku-payment\Module\JokulCheckoutModule.php on line 52
[06-Sep-2026 11:16:30 UTC] PHP Warning:  Trying to access array offset on value of type bool in C:\xampp\htdocs\wordpress\wp-content\plugins\doku-payment\Module\JokulCheckoutModule.php on line 53
[06-Sep-2026 11:16:30 UTC] PHP Warning:  Trying to access array offset on value of type bool in C:\xampp\htdocs\wordpress\wp-content\plugins\doku-payment\Module\JokulCheckoutModule.php on line 54
[06-Sep-2026 11:16:30 UTC] PHP Warning:  Trying to access array offset on value of type bool in C:\xampp\htdocs\wordpress\wp-content\plugins\doku-payment\Module\JokulCheckoutModule.php on line 55
[06-Sep-2026 11:16:30 UTC] PHP Warning:  Trying to access array offset on value of type bool in C:\xampp\htdocs\wordpress\wp-content\plugins\doku-payment\Module\JokulCheckoutModule.php on line 56
[06-Sep-2026 11:16:30 UTC] PHP Warning:  Trying to access array offset on value of type bool in C:\xampp\htdocs\wordpress\wp-content\plugins\doku-payment\Module\JokulCheckoutModule.php on line 57
[06-Sep-2026 11:16:30 UTC] PHP Warning:  Trying to access array offset on value of type bool in C:\xampp\htdocs\wordpress\wp-content\plugins\doku-payment\Module\JokulCheckoutModule.php on line 58
[06-Sep-2026 11:16:30 UTC] PHP Warning:  Trying to access array offset on value of type bool in C:\xampp\htdocs\wordpress\wp-content\plugins\doku-payment\Module\JokulCheckoutModule.php on line 59
[06-Sep-2026 11:16:30 UTC] PHP Warning:  Trying to access array offset on value of type bool in C:\xampp\htdocs\wordpress\wp-content\plugins\doku-payment\Module\JokulCheckoutModule.php on line 60
[06-Sep-2026 11:16:30 UTC] PHP Warning:  Trying to access array offset on value of type bool in C:\xampp\htdocs\wordpress\wp-content\plugins\doku-payment\Module\JokulCheckoutModule.php on line 69
[06-Sep-2026 11:16:30 UTC] PHP Warning:  Trying to access array offset on value of type bool in C:\xampp\htdocs\wordpress\wp-content\plugins\doku-payment\Module\JokulCheckoutModule.php on line 70
[06-Sep-2026 11:16:31 UTC] PHP Warning:  Trying to access array offset on value of type bool in C:\xampp\htdocs\wordpress\wp-content\plugins\doku-payment\Module\JokulCheckoutModule.php on line 51
[06-Sep-2026 11:16:31 UTC] PHP Warning:  Trying to access array offset on value of type bool in C:\xampp\htdocs\wordpress\wp-content\plugins\doku-payment\Module\JokulCheckoutModule.php on line 52
[06-Sep-2026 11:16:31 UTC] PHP Warning:  Trying to access array offset on value of type bool in C:\xampp\htdocs\wordpress\wp-content\plugins\doku-payment\Module\JokulCheckoutModule.php on line 53
[06-Sep-2026 11:16:31 UTC] PHP Warning:  Trying to access array offset on value of type bool in C:\xampp\htdocs\wordpress\wp-content\plugins\doku-payment\Module\JokulCheckoutModule.php on line 54
[06-Sep-2026 11:16:31 UTC] PHP Warning:  Trying to access array offset on value of type bool in C:\xampp\htdocs\wordpress\wp-content\plugins\doku-payment\Module\JokulCheckoutModule.php on line 55
[06-Sep-2026 11:16:31 UTC] PHP Warning:  Trying to access array offset on value of type bool in C:\xampp\htdocs\wordpress\wp-content\plugins\doku-payment\Module\JokulCheckoutModule.php on line 56
[06-Sep-2026 11:16:31 UTC] PHP Warning:  Trying to access array offset on value of type bool in C:\xampp\htdocs\wordpress\wp-content\plugins\doku-payment\Module\JokulCheckoutModule.php on line 57
[06-Sep-2026 11:16:31 UTC] PHP Warning:  Trying to access array offset on value of type bool in C:\xampp\htdocs\wordpress\wp-content\plugins\doku-payment\Module\JokulCheckoutModule.php on line 58
[06-Sep-2026 11:16:31 UTC] PHP Warning:  Trying to access array offset on value of type bool in C:\xampp\htdocs\wordpress\wp-content\plugins\doku-payment\Module\JokulCheckoutModule.php on line 59
[06-Sep-2026 11:16:31 UTC] PHP Warning:  Trying to access array offset on value of type bool in C:\xampp\htdocs\wordpress\wp-content\plugins\doku-payment\Module\JokulCheckoutModule.php on line 60
[06-Sep-2026 11:16:31 UTC] PHP Warning:  Trying to access array offset on value of type bool in C:\xampp\htdocs\wordpress\wp-content\plugins\doku-payment\Module\JokulCheckoutModule.php on line 69
[06-Sep-2026 11:16:31 UTC] PHP Warning:  Trying to access array offset on value of type bool in C:\xampp\htdocs\wordpress\wp-content\plugins\doku-payment\Module\JokulCheckoutModule.php on line 70
[06-Sep-2026 11:17:30 UTC] PHP Warning:  Trying to access array offset on value of type bool in C:\xampp\htdocs\wordpress\wp-content\plugins\doku-payment\Module\JokulCheckoutModule.php on line 51
[06-Sep-2026 11:17:30 UTC] PHP Warning:  Trying to access array offset on value of type bool in C:\xampp\htdocs\wordpress\wp-content\plugins\doku-payment\Module\JokulCheckoutModule.php on line 52
[06-Sep-2026 11:17:30 UTC] PHP Warning:  Trying to access array offset on value of type bool in C:\xampp\htdocs\wordpress\wp-content\plugins\doku-payment\Module\JokulCheckoutModule.php on line 53
[06-Sep-2026 11:17:30 UTC] PHP Warning:  Trying to access array offset on value of type bool in C:\xampp\htdocs\wordpress\wp-content\plugins\doku-payment\Module\JokulCheckoutModule.php on line 54
[06-Sep-2026 11:17:30 UTC] PHP Warning:  Trying to access array offset on value of type bool in C:\xampp\htdocs\wordpress\wp-content\plugins\doku-payment\Module\JokulCheckoutModule.php on line 55
[06-Sep-2026 11:17:30 UTC] PHP Warning:  Trying to access array offset on value of type bool in C:\xampp\htdocs\wordpress\wp-content\plugins\doku-payment\Module\JokulCheckoutModule.php on line 56
[06-Sep-2026 11:17:30 UTC] PHP Warning:  Trying to access array offset on value of type bool in C:\xampp\htdocs\wordpress\wp-content\plugins\doku-payment\Module\JokulCheckoutModule.php on line 57
[06-Sep-2026 11:17:30 UTC] PHP Warning:  Trying to access array offset on value of type bool in C:\xampp\htdocs\wordpress\wp-content\plugins\doku-payment\Module\JokulCheckoutModule.php on line 58
[06-Sep-2026 11:17:30 UTC] PHP Warning:  Trying to access array offset on value of type bool in C:\xampp\htdocs\wordpress\wp-content\plugins\doku-payment\Module\JokulCheckoutModule.php on line 59
[06-Sep-2026 11:17:30 UTC] PHP Warning:  Trying to access array offset on value of type bool in C:\xampp\htdocs\wordpress\wp-content\plugins\doku-payment\Module\JokulCheckoutModule.php on line 60
[06-Sep-2026 11:17:30 UTC] PHP Warning:  Trying to access array offset on value of type bool in C:\xampp\htdocs\wordpress\wp-content\plugins\doku-payment\Module\JokulCheckoutModule.php on line 69
[06-Sep-2026 11:17:30 UTC] PHP Warning:  Trying to access array offset on value of type bool in C:\xampp\htdocs\wordpress\wp-content\plugins\doku-payment\Module\JokulCheckoutModule.php on line 70
[06-Sep-2026 11:17:37 UTC] PHP Warning:  Trying to access array offset on value of type bool in C:\xampp\htdocs\wordpress\wp-content\plugins\doku-payment\Module\JokulCheckoutModule.php on line 51
[06-Sep-2026 11:17:37 UTC] PHP Warning:  Trying to access array offset on value of type bool in C:\xampp\htdocs\wordpress\wp-content\plugins\doku-payment\Module\JokulCheckoutModule.php on line 52
[06-Sep-2026 11:17:37 UTC] PHP Warning:  Trying to access array offset on value of type bool in C:\xampp\htdocs\wordpress\wp-content\plugins\doku-payment\Module\JokulCheckoutModule.php on line 53
[06-Sep-2026 11:17:37 UTC] PHP Warning:  Trying to access array offset on value of type bool in C:\xampp\htdocs\wordpress\wp-content\plugins\doku-payment\Module\JokulCheckoutModule.php on line 54
[06-Sep-2026 11:17:37 UTC] PHP Warning:  Trying to access array offset on value of type bool in C:\xampp\htdocs\wordpress\wp-content\plugins\doku-payment\Module\JokulCheckoutModule.php on line 55
[06-Sep-2026 11:17:37 UTC] PHP Warning:  Trying to access array offset on value of type bool in C:\xampp\htdocs\wordpress\wp-content\plugins\doku-payment\Module\JokulCheckoutModule.php on line 56
[06-Sep-2026 11:17:37 UTC] PHP Warning:  Trying to access array offset on value of type bool in C:\xampp\htdocs\wordpress\wp-content\plugins\doku-payment\Module\JokulCheckoutModule.php on line 57
[06-Sep-2026 11:17:37 UTC] PHP Warning:  Trying to access array offset on value of type bool in C:\xampp\htdocs\wordpress\wp-content\plugins\doku-payment\Module\JokulCheckoutModule.php on line 58
[06-Sep-2026 11:17:37 UTC] PHP Warning:  Trying to access array offset on value of type bool in C:\xampp\htdocs\wordpress\wp-content\plugins\doku-payment\Module\JokulCheckoutModule.php on line 59
[06-Sep-2026 11:17:37 UTC] PHP Warning:  Trying to access array offset on value of type bool in C:\xampp\htdocs\wordpress\wp-content\plugins\doku-payment\Module\JokulCheckoutModule.php on line 60
[06-Sep-2026 11:17:37 UTC] PHP Warning:  Trying to access array offset on value of type bool in C:\xampp\htdocs\wordpress\wp-content\plugins\doku-payment\Module\JokulCheckoutModule.php on line 69
[06-Sep-2026 11:17:37 UTC] PHP Warning:  Trying to access array offset on value of type bool in C:\xampp\htdocs\wordpress\wp-content\plugins\doku-payment\Module\JokulCheckoutModule.php on line 70
[06-Sep-2026 11:17:40 UTC] PHP Warning:  Trying to access array offset on value of type bool in C:\xampp\htdocs\wordpress\wp-content\plugins\doku-payment\Module\JokulCheckoutModule.php on line 51
[06-Sep-2026 11:17:40 UTC] PHP Warning:  Trying to access array offset on value of type bool in C:\xampp\htdocs\wordpress\wp-content\plugins\doku-payment\Module\JokulCheckoutModule.php on line 52
[06-Sep-2026 11:17:40 UTC] PHP Warning:  Trying to access array offset on value of type bool in C:\xampp\htdocs\wordpress\wp-content\plugins\doku-payment\Module\JokulCheckoutModule.php on line 53
[06-Sep-2026 11:17:40 UTC] PHP Warning:  Trying to access array offset on value of type bool in C:\xampp\htdocs\wordpress\wp-content\plugins\doku-payment\Module\JokulCheckoutModule.php on line 54
[06-Sep-2026 11:17:40 UTC] PHP Warning:  Trying to access array offset on value of type bool in C:\xampp\htdocs\wordpress\wp-content\plugins\doku-payment\Module\JokulCheckoutModule.php on line 55
[06-Sep-2026 11:17:40 UTC] PHP Warning:  Trying to access array offset on value of type bool in C:\xampp\htdocs\wordpress\wp-content\plugins\doku-payment\Module\JokulCheckoutModule.php on line 56
[06-Sep-2026 11:17:40 UTC] PHP Warning:  Trying to access array offset on value of type bool in C:\xampp\htdocs\wordpress\wp-content\plugins\doku-payment\Module\JokulCheckoutModule.php on line 57
[06-Sep-2026 11:17:40 UTC] PHP Warning:  Trying to access array offset on value of type bool in C:\xampp\htdocs\wordpress\wp-content\plugins\doku-payment\Module\JokulCheckoutModule.php on line 58
[06-Sep-2026 11:17:40 UTC] PHP Warning:  Trying to access array offset on value of type bool in C:\xampp\htdocs\wordpress\wp-content\plugins\doku-payment\Module\JokulCheckoutModule.php on line 59
[06-Sep-2026 11:17:40 UTC] PHP Warning:  Trying to access array offset on value of type bool in C:\xampp\htdocs\wordpress\wp-content\plugins\doku-payment\Module\JokulCheckoutModule.php on line 60
[06-Sep-2026 11:17:40 UTC] PHP Warning:  Trying to access array offset on value of type bool in C:\xampp\htdocs\wordpress\wp-content\plugins\doku-payment\Module\JokulCheckoutModule.php on line 69
[06-Sep-2026 11:17:40 UTC] PHP Warning:  Trying to access array offset on value of type bool in C:\xampp\htdocs\wordpress\wp-content\plugins\doku-payment\Module\JokulCheckoutModule.php on line 70
[06-Sep-2026 11:17:41 UTC] PHP Warning:  Trying to access array offset on value of type bool in C:\xampp\htdocs\wordpress\wp-content\plugins\doku-payment\Module\JokulCheckoutModule.php on line 51
[06-Sep-2026 11:17:41 UTC] PHP Warning:  Trying to access array offset on value of type bool in C:\xampp\htdocs\wordpress\wp-content\plugins\doku-payment\Module\JokulCheckoutModule.php on line 52
[06-Sep-2026 11:17:41 UTC] PHP Warning:  Trying to access array offset on value of type bool in C:\xampp\htdocs\wordpress\wp-content\plugins\doku-payment\Module\JokulCheckoutModule.php on line 53
[06-Sep-2026 11:17:41 UTC] PHP Warning:  Trying to access array offset on value of type bool in C:\xampp\htdocs\wordpress\wp-content\plugins\doku-payment\Module\JokulCheckoutModule.php on line 54
[06-Sep-2026 11:17:41 UTC] PHP Warning:  Trying to access array offset on value of type bool in C:\xampp\htdocs\wordpress\wp-content\plugins\doku-payment\Module\JokulCheckoutModule.php on line 55
[06-Sep-2026 11:17:41 UTC] PHP Warning:  Trying to access array offset on value of type bool in C:\xampp\htdocs\wordpress\wp-content\plugins\doku-payment\Module\JokulCheckoutModule.php on line 56
[06-Sep-2026 11:17:41 UTC] PHP Warning:  Trying to access array offset on value of type bool in C:\xampp\htdocs\wordpress\wp-content\plugins\doku-payment\Module\JokulCheckoutModule.php on line 57
[06-Sep-2026 11:17:41 UTC] PHP Warning:  Trying to access array offset on value of type bool in C:\xampp\htdocs\wordpress\wp-content\plugins\doku-payment\Module\JokulCheckoutModule.php on line 58
[06-Sep-2026 11:17:41 UTC] PHP Warning:  Trying to access array offset on value of type bool in C:\xampp\htdocs\wordpress\wp-content\plugins\doku-payment\Module\JokulCheckoutModule.php on line 59
[06-Sep-2026 11:17:41 UTC] PHP Warning:  Trying to access array offset on value of type bool in C:\xampp\htdocs\wordpress\wp-content\plugins\doku-payment\Module\JokulCheckoutModule.php on line 60
[06-Sep-2026 11:17:41 UTC] PHP Warning:  Trying to access array offset on value of type bool in C:\xampp\htdocs\wordpress\wp-content\plugins\doku-payment\Module\JokulCheckoutModule.php on line 69
[06-Sep-2026 11:17:41 UTC] PHP Warning:  Trying to access array offset on value of type bool in C:\xampp\htdocs\wordpress\wp-content\plugins\doku-payment\Module\JokulCheckoutModule.php on line 70
[06-Sep-2026 11:17:41 UTC] PHP Warning:  Cannot modify header information - headers already sent by (output started at C:\xampp\htdocs\wordpress\wp-content\plugins\doku-payment\Module\JokulCheckoutModule.php:59) in C:\xampp\htdocs\wordpress\wp-includes\functions.php on line 7310
[06-Sep-2026 11:17:43 UTC] PHP Warning:  Cannot modify header information - headers already sent by (output started at C:\xampp\htdocs\wordpress\wp-content\plugins\doku-payment\Module\JokulCheckoutModule.php:59) in C:\xampp\htdocs\wordpress\wp-admin\admin-header.php on line 14
[06-Sep-2026 11:17:44 UTC] PHP Warning:  Trying to access array offset on value of type bool in C:\xampp\htdocs\wordpress\wp-content\plugins\doku-payment\Module\JokulCheckoutModule.php on line 51
[06-Sep-2026 11:17:44 UTC] PHP Warning:  Trying to access array offset on value of type bool in C:\xampp\htdocs\wordpress\wp-content\plugins\doku-payment\Module\JokulCheckoutModule.php on line 52
[06-Sep-2026 11:17:44 UTC] PHP Warning:  Trying to access array offset on value of type bool in C:\xampp\htdocs\wordpress\wp-content\plugins\doku-payment\Module\JokulCheckoutModule.php on line 53
[06-Sep-2026 11:17:44 UTC] PHP Warning:  Trying to access array offset on value of type bool in C:\xampp\htdocs\wordpress\wp-content\plugins\doku-payment\Module\JokulCheckoutModule.php on line 54
[06-Sep-2026 11:17:44 UTC] PHP Warning:  Trying to access array offset on value of type bool in C:\xampp\htdocs\wordpress\wp-content\plugins\doku-payment\Module\JokulCheckoutModule.php on line 55
[06-Sep-2026 11:17:44 UTC] PHP Warning:  Trying to access array offset on value of type bool in C:\xampp\htdocs\wordpress\wp-content\plugins\doku-payment\Module\JokulCheckoutModule.php on line 56
[06-Sep-2026 11:17:44 UTC] PHP Warning:  Trying to access array offset on value of type bool in C:\xampp\htdocs\wordpress\wp-content\plugins\doku-payment\Module\JokulCheckoutModule.php on line 57
[06-Sep-2026 11:17:44 UTC] PHP Warning:  Trying to access array offset on value of type bool in C:\xampp\htdocs\wordpress\wp-content\plugins\doku-payment\Module\JokulCheckoutModule.php on line 58
[06-Sep-2026 11:17:44 UTC] PHP Warning:  Trying to access array offset on value of type bool in C:\xampp\htdocs\wordpress\wp-content\plugins\doku-payment\Module\JokulCheckoutModule.php on line 59
[06-Sep-2026 11:17:44 UTC] PHP Warning:  Trying to access array offset on value of type bool in C:\xampp\htdocs\wordpress\wp-content\plugins\doku-payment\Module\JokulCheckoutModule.php on line 60
[06-Sep-2026 11:17:44 UTC] PHP Warning:  Trying to access array offset on value of type bool in C:\xampp\htdocs\wordpress\wp-content\plugins\doku-payment\Module\JokulCheckoutModule.php on line 69
[06-Sep-2026 11:17:44 UTC] PHP Warning:  Trying to access array offset on value of type bool in C:\xampp\htdocs\wordpress\wp-content\plugins\doku-payment\Module\JokulCheckoutModule.php on line 70
[06-Sep-2026 11:17:49 UTC] PHP Warning:  Trying to access array offset on value of type bool in C:\xampp\htdocs\wordpress\wp-content\plugins\doku-payment\Module\JokulCheckoutModule.php on line 51
[06-Sep-2026 11:17:49 UTC] PHP Warning:  Trying to access array offset on value of type bool in C:\xampp\htdocs\wordpress\wp-content\plugins\doku-payment\Module\JokulCheckoutModule.php on line 52
[06-Sep-2026 11:17:49 UTC] PHP Warning:  Trying to access array offset on value of type bool in C:\xampp\htdocs\wordpress\wp-content\plugins\doku-payment\Module\JokulCheckoutModule.php on line 53
[06-Sep-2026 11:17:49 UTC] PHP Warning:  Trying to access array offset on value of type bool in C:\xampp\htdocs\wordpress\wp-content\plugins\doku-payment\Module\JokulCheckoutModule.php on line 54
[06-Sep-2026 11:17:49 UTC] PHP Warning:  Trying to access array offset on value of type bool in C:\xampp\htdocs\wordpress\wp-content\plugins\doku-payment\Module\JokulCheckoutModule.php on line 55
[06-Sep-2026 11:17:49 UTC] PHP Warning:  Trying to access array offset on value of type bool in C:\xampp\htdocs\wordpress\wp-content\plugins\doku-payment\Module\JokulCheckoutModule.php on line 56
[06-Sep-2026 11:17:49 UTC] PHP Warning:  Trying to access array offset on value of type bool in C:\xampp\htdocs\wordpress\wp-content\plugins\doku-payment\Module\JokulCheckoutModule.php on line 57
[06-Sep-2026 11:17:49 UTC] PHP Warning:  Trying to access array offset on value of type bool in C:\xampp\htdocs\wordpress\wp-content\plugins\doku-payment\Module\JokulCheckoutModule.php on line 58
[06-Sep-2026 11:17:49 UTC] PHP Warning:  Trying to access array offset on value of type bool in C:\xampp\htdocs\wordpress\wp-content\plugins\doku-payment\Module\JokulCheckoutModule.php on line 59
[06-Sep-2026 11:17:49 UTC] PHP Warning:  Trying to access array offset on value of type bool in C:\xampp\htdocs\wordpress\wp-content\plugins\doku-payment\Module\JokulCheckoutModule.php on line 60
[06-Sep-2026 11:17:49 UTC] PHP Warning:  Trying to access array offset on value of type bool in C:\xampp\htdocs\wordpress\wp-content\plugins\doku-payment\Module\JokulCheckoutModule.php on line 69
[06-Sep-2026 11:17:49 UTC] PHP Warning:  Trying to access array offset on value of type bool in C:\xampp\htdocs\wordpress\wp-content\plugins\doku-payment\Module\JokulCheckoutModule.php on line 70
[06-Sep-2026 11:17:51 UTC] PHP Warning:  Trying to access array offset on value of type bool in C:\xampp\htdocs\wordpress\wp-content\plugins\doku-payment\Module\JokulCheckoutModule.php on line 51
[06-Sep-2026 11:17:51 UTC] PHP Warning:  Trying to access array offset on value of type bool in C:\xampp\htdocs\wordpress\wp-content\plugins\doku-payment\Module\JokulCheckoutModule.php on line 52
[06-Sep-2026 11:17:51 UTC] PHP Warning:  Trying to access array offset on value of type bool in C:\xampp\htdocs\wordpress\wp-content\plugins\doku-payment\Module\JokulCheckoutModule.php on line 53
[06-Sep-2026 11:17:51 UTC] PHP Warning:  Trying to access array offset on value of type bool in C:\xampp\htdocs\wordpress\wp-content\plugins\doku-payment\Module\JokulCheckoutModule.php on line 54
[06-Sep-2026 11:17:51 UTC] PHP Warning:  Trying to access array offset on value of type bool in C:\xampp\htdocs\wordpress\wp-content\plugins\doku-payment\Module\JokulCheckoutModule.php on line 55
[06-Sep-2026 11:17:51 UTC] PHP Warning:  Trying to access array offset on value of type bool in C:\xampp\htdocs\wordpress\wp-content\plugins\doku-payment\Module\JokulCheckoutModule.php on line 56
[06-Sep-2026 11:17:51 UTC] PHP Warning:  Trying to access array offset on value of type bool in C:\xampp\htdocs\wordpress\wp-content\plugins\doku-payment\Module\JokulCheckoutModule.php on line 57
[06-Sep-2026 11:17:51 UTC] PHP Warning:  Trying to access array offset on value of type bool in C:\xampp\htdocs\wordpress\wp-content\plugins\doku-payment\Module\JokulCheckoutModule.php on line 58
[06-Sep-2026 11:17:51 UTC] PHP Warning:  Trying to access array offset on value of type bool in C:\xampp\htdocs\wordpress\wp-content\plugins\doku-payment\Module\JokulCheckoutModule.php on line 59
[06-Sep-2026 11:17:51 UTC] PHP Warning:  Trying to access array offset on value of type bool in C:\xampp\htdocs\wordpress\wp-content\plugins\doku-payment\Module\JokulCheckoutModule.php on line 60
[06-Sep-2026 11:17:51 UTC] PHP Warning:  Trying to access array offset on value of type bool in C:\xampp\htdocs\wordpress\wp-content\plugins\doku-payment\Module\JokulCheckoutModule.php on line 69
[06-Sep-2026 11:17:51 UTC] PHP Warning:  Trying to access array offset on value of type bool in C:\xampp\htdocs\wordpress\wp-content\plugins\doku-payment\Module\JokulCheckoutModule.php on line 70
[06-Sep-2026 11:20:12 UTC] PHP Warning:  Trying to access array offset on value of type bool in C:\xampp\htdocs\wordpress\wp-content\plugins\doku-payment\Module\JokulCheckoutModule.php on line 51
[06-Sep-2026 11:20:12 UTC] PHP Warning:  Trying to access array offset on value of type bool in C:\xampp\htdocs\wordpress\wp-content\plugins\doku-payment\Module\JokulCheckoutModule.php on line 52
[06-Sep-2026 11:20:12 UTC] PHP Warning:  Trying to access array offset on value of type bool in C:\xampp\htdocs\wordpress\wp-content\plugins\doku-payment\Module\JokulCheckoutModule.php on line 53
[06-Sep-2026 11:20:12 UTC] PHP Warning:  Trying to access array offset on value of type bool in C:\xampp\htdocs\wordpress\wp-content\plugins\doku-payment\Module\JokulCheckoutModule.php on line 54
[06-Sep-2026 11:20:12 UTC] PHP Warning:  Trying to access array offset on value of type bool in C:\xampp\htdocs\wordpress\wp-content\plugins\doku-payment\Module\JokulCheckoutModule.php on line 55
[06-Sep-2026 11:20:12 UTC] PHP Warning:  Trying to access array offset on value of type bool in C:\xampp\htdocs\wordpress\wp-content\plugins\doku-payment\Module\JokulCheckoutModule.php on line 56
[06-Sep-2026 11:20:12 UTC] PHP Warning:  Trying to access array offset on value of type bool in C:\xampp\htdocs\wordpress\wp-content\plugins\doku-payment\Module\JokulCheckoutModule.php on line 57
[06-Sep-2026 11:20:12 UTC] PHP Warning:  Trying to access array offset on value of type bool in C:\xampp\htdocs\wordpress\wp-content\plugins\doku-payment\Module\JokulCheckoutModule.php on line 58
[06-Sep-2026 11:20:12 UTC] PHP Warning:  Trying to access array offset on value of type bool in C:\xampp\htdocs\wordpress\wp-content\plugins\doku-payment\Module\JokulCheckoutModule.php on line 59
[06-Sep-2026 11:20:12 UTC] PHP Warning:  Trying to access array offset on value of type bool in C:\xampp\htdocs\wordpress\wp-content\plugins\doku-payment\Module\JokulCheckoutModule.php on line 60
[06-Sep-2026 11:20:12 UTC] PHP Warning:  Trying to access array offset on value of type bool in C:\xampp\htdocs\wordpress\wp-content\plugins\doku-payment\Module\JokulCheckoutModule.php on line 69
[06-Sep-2026 11:20:12 UTC] PHP Warning:  Trying to access array offset on value of type bool in C:\xampp\htdocs\wordpress\wp-content\plugins\doku-payment\Module\JokulCheckoutModule.php on line 70
[06-Sep-2026 11:20:24 UTC] PHP Warning:  Trying to access array offset on value of type bool in C:\xampp\htdocs\wordpress\wp-content\plugins\doku-payment\Module\JokulCheckoutModule.php on line 51
[06-Sep-2026 11:20:24 UTC] PHP Warning:  Trying to access array offset on value of type bool in C:\xampp\htdocs\wordpress\wp-content\plugins\doku-payment\Module\JokulCheckoutModule.php on line 52
[06-Sep-2026 11:20:24 UTC] PHP Warning:  Trying to access array offset on value of type bool in C:\xampp\htdocs\wordpress\wp-content\plugins\doku-payment\Module\JokulCheckoutModule.php on line 53
[06-Sep-2026 11:20:24 UTC] PHP Warning:  Trying to access array offset on value of type bool in C:\xampp\htdocs\wordpress\wp-content\plugins\doku-payment\Module\JokulCheckoutModule.php on line 54
[06-Sep-2026 11:20:24 UTC] PHP Warning:  Trying to access array offset on value of type bool in C:\xampp\htdocs\wordpress\wp-content\plugins\doku-payment\Module\JokulCheckoutModule.php on line 55
[06-Sep-2026 11:20:24 UTC] PHP Warning:  Trying to access array offset on value of type bool in C:\xampp\htdocs\wordpress\wp-content\plugins\doku-payment\Module\JokulCheckoutModule.php on line 56
[06-Sep-2026 11:20:24 UTC] PHP Warning:  Trying to access array offset on value of type bool in C:\xampp\htdocs\wordpress\wp-content\plugins\doku-payment\Module\JokulCheckoutModule.php on line 57
[06-Sep-2026 11:20:24 UTC] PHP Warning:  Trying to access array offset on value of type bool in C:\xampp\htdocs\wordpress\wp-content\plugins\doku-payment\Module\JokulCheckoutModule.php on line 58
[06-Sep-2026 11:20:24 UTC] PHP Warning:  Trying to access array offset on value of type bool in C:\xampp\htdocs\wordpress\wp-content\plugins\doku-payment\Module\JokulCheckoutModule.php on line 59
[06-Sep-2026 11:20:24 UTC] PHP Warning:  Trying to access array offset on value of type bool in C:\xampp\htdocs\wordpress\wp-content\plugins\doku-payment\Module\JokulCheckoutModule.php on line 60
[06-Sep-2026 11:20:24 UTC] PHP Warning:  Trying to access array offset on value of type bool in C:\xampp\htdocs\wordpress\wp-content\plugins\doku-payment\Module\JokulCheckoutModule.php on line 69
[06-Sep-2026 11:20:24 UTC] PHP Warning:  Trying to access array offset on value of type bool in C:\xampp\htdocs\wordpress\wp-content\plugins\doku-payment\Module\JokulCheckoutModule.php on line 70
[06-Sep-2026 11:20:54 UTC] PHP Warning:  Trying to access array offset on value of type bool in C:\xampp\htdocs\wordpress\wp-content\plugins\doku-payment\Module\JokulCheckoutModule.php on line 51
[06-Sep-2026 11:20:54 UTC] PHP Warning:  Trying to access array offset on value of type bool in C:\xampp\htdocs\wordpress\wp-content\plugins\doku-payment\Module\JokulCheckoutModule.php on line 52
[06-Sep-2026 11:20:54 UTC] PHP Warning:  Trying to access array offset on value of type bool in C:\xampp\htdocs\wordpress\wp-content\plugins\doku-payment\Module\JokulCheckoutModule.php on line 53
[06-Sep-2026 11:20:54 UTC] PHP Warning:  Trying to access array offset on value of type bool in C:\xampp\htdocs\wordpress\wp-content\plugins\doku-payment\Module\JokulCheckoutModule.php on line 54
[06-Sep-2026 11:20:54 UTC] PHP Warning:  Trying to access array offset on value of type bool in C:\xampp\htdocs\wordpress\wp-content\plugins\doku-payment\Module\JokulCheckoutModule.php on line 55
[06-Sep-2026 11:20:54 UTC] PHP Warning:  Trying to access array offset on value of type bool in C:\xampp\htdocs\wordpress\wp-content\plugins\doku-payment\Module\JokulCheckoutModule.php on line 56
[06-Sep-2026 11:20:54 UTC] PHP Warning:  Trying to access array offset on value of type bool in C:\xampp\htdocs\wordpress\wp-content\plugins\doku-payment\Module\JokulCheckoutModule.php on line 57
[06-Sep-2026 11:20:54 UTC] PHP Warning:  Trying to access array offset on value of type bool in C:\xampp\htdocs\wordpress\wp-content\plugins\doku-payment\Module\JokulCheckoutModule.php on line 58
[06-Sep-2026 11:20:54 UTC] PHP Warning:  Trying to access array offset on value of type bool in C:\xampp\htdocs\wordpress\wp-content\plugins\doku-payment\Module\JokulCheckoutModule.php on line 59
[06-Sep-2026 11:20:54 UTC] PHP Warning:  Trying to access array offset on value of type bool in C:\xampp\htdocs\wordpress\wp-content\plugins\doku-payment\Module\JokulCheckoutModule.php on line 60
[06-Sep-2026 11:20:54 UTC] PHP Warning:  Trying to access array offset on value of type bool in C:\xampp\htdocs\wordpress\wp-content\plugins\doku-payment\Module\JokulCheckoutModule.php on line 69
[06-Sep-2026 11:20:54 UTC] PHP Warning:  Trying to access array offset on value of type bool in C:\xampp\htdocs\wordpress\wp-content\plugins\doku-payment\Module\JokulCheckoutModule.php on line 70
[06-Sep-2026 11:20:57 UTC] PHP Warning:  Trying to access array offset on value of type bool in C:\xampp\htdocs\wordpress\wp-content\plugins\doku-payment\Module\JokulCheckoutModule.php on line 51
[06-Sep-2026 11:20:57 UTC] PHP Warning:  Trying to access array offset on value of type bool in C:\xampp\htdocs\wordpress\wp-content\plugins\doku-payment\Module\JokulCheckoutModule.php on line 52
[06-Sep-2026 11:20:57 UTC] PHP Warning:  Trying to access array offset on value of type bool in C:\xampp\htdocs\wordpress\wp-content\plugins\doku-payment\Module\JokulCheckoutModule.php on line 53
[06-Sep-2026 11:20:57 UTC] PHP Warning:  Trying to access array offset on value of type bool in C:\xampp\htdocs\wordpress\wp-content\plugins\doku-payment\Module\JokulCheckoutModule.php on line 54
[06-Sep-2026 11:20:57 UTC] PHP Warning:  Trying to access array offset on value of type bool in C:\xampp\htdocs\wordpress\wp-content\plugins\doku-payment\Module\JokulCheckoutModule.php on line 55
[06-Sep-2026 11:20:57 UTC] PHP Warning:  Trying to access array offset on value of type bool in C:\xampp\htdocs\wordpress\wp-content\plugins\doku-payment\Module\JokulCheckoutModule.php on line 56
[06-Sep-2026 11:20:57 UTC] PHP Warning:  Trying to access array offset on value of type bool in C:\xampp\htdocs\wordpress\wp-content\plugins\doku-payment\Module\JokulCheckoutModule.php on line 57
[06-Sep-2026 11:20:57 UTC] PHP Warning:  Trying to access array offset on value of type bool in C:\xampp\htdocs\wordpress\wp-content\plugins\doku-payment\Module\JokulCheckoutModule.php on line 58
[06-Sep-2026 11:20:57 UTC] PHP Warning:  Trying to access array offset on value of type bool in C:\xampp\htdocs\wordpress\wp-content\plugins\doku-payment\Module\JokulCheckoutModule.php on line 59
[06-Sep-2026 11:20:57 UTC] PHP Warning:  Trying to access array offset on value of type bool in C:\xampp\htdocs\wordpress\wp-content\plugins\doku-payment\Module\JokulCheckoutModule.php on line 60
[06-Sep-2026 11:20:57 UTC] PHP Warning:  Trying to access array offset on value of type bool in C:\xampp\htdocs\wordpress\wp-content\plugins\doku-payment\Module\JokulCheckoutModule.php on line 69
[06-Sep-2026 11:20:57 UTC] PHP Warning:  Trying to access array offset on value of type bool in C:\xampp\htdocs\wordpress\wp-content\plugins\doku-payment\Module\JokulCheckoutModule.php on line 70
[06-Sep-2026 11:22:55 UTC] PHP Warning:  Trying to access array offset on value of type bool in C:\xampp\htdocs\wordpress\wp-content\plugins\doku-payment\Module\JokulCheckoutModule.php on line 51
[06-Sep-2026 11:22:55 UTC] PHP Warning:  Trying to access array offset on value of type bool in C:\xampp\htdocs\wordpress\wp-content\plugins\doku-payment\Module\JokulCheckoutModule.php on line 52
[06-Sep-2026 11:22:55 UTC] PHP Warning:  Trying to access array offset on value of type bool in C:\xampp\htdocs\wordpress\wp-content\plugins\doku-payment\Module\JokulCheckoutModule.php on line 53
[06-Sep-2026 11:22:55 UTC] PHP Warning:  Trying to access array offset on value of type bool in C:\xampp\htdocs\wordpress\wp-content\plugins\doku-payment\Module\JokulCheckoutModule.php on line 54
[06-Sep-2026 11:22:55 UTC] PHP Warning:  Trying to access array offset on value of type bool in C:\xampp\htdocs\wordpress\wp-content\plugins\doku-payment\Module\JokulCheckoutModule.php on line 55
[06-Sep-2026 11:22:55 UTC] PHP Warning:  Trying to access array offset on value of type bool in C:\xampp\htdocs\wordpress\wp-content\plugins\doku-payment\Module\JokulCheckoutModule.php on line 56
[06-Sep-2026 11:22:55 UTC] PHP Warning:  Trying to access array offset on value of type bool in C:\xampp\htdocs\wordpress\wp-content\plugins\doku-payment\Module\JokulCheckoutModule.php on line 57
[06-Sep-2026 11:22:55 UTC] PHP Warning:  Trying to access array offset on value of type bool in C:\xampp\htdocs\wordpress\wp-content\plugins\doku-payment\Module\JokulCheckoutModule.php on line 58
[06-Sep-2026 11:22:55 UTC] PHP Warning:  Trying to access array offset on value of type bool in C:\xampp\htdocs\wordpress\wp-content\plugins\doku-payment\Module\JokulCheckoutModule.php on line 59
[06-Sep-2026 11:22:55 UTC] PHP Warning:  Trying to access array offset on value of type bool in C:\xampp\htdocs\wordpress\wp-content\plugins\doku-payment\Module\JokulCheckoutModule.php on line 60
[06-Sep-2026 11:22:55 UTC] PHP Warning:  Trying to access array offset on value of type bool in C:\xampp\htdocs\wordpress\wp-content\plugins\doku-payment\Module\JokulCheckoutModule.php on line 69
[06-Sep-2026 11:22:55 UTC] PHP Warning:  Trying to access array offset on value of type bool in C:\xampp\htdocs\wordpress\wp-content\plugins\doku-payment\Module\JokulCheckoutModule.php on line 70
[06-Sep-2026 11:22:57 UTC] PHP Warning:  Trying to access array offset on value of type bool in C:\xampp\htdocs\wordpress\wp-content\plugins\doku-payment\Module\JokulCheckoutModule.php on line 51
[06-Sep-2026 11:22:57 UTC] PHP Warning:  Trying to access array offset on value of type bool in C:\xampp\htdocs\wordpress\wp-content\plugins\doku-payment\Module\JokulCheckoutModule.php on line 52
[06-Sep-2026 11:22:57 UTC] PHP Warning:  Trying to access array offset on value of type bool in C:\xampp\htdocs\wordpress\wp-content\plugins\doku-payment\Module\JokulCheckoutModule.php on line 53
[06-Sep-2026 11:22:57 UTC] PHP Warning:  Trying to access array offset on value of type bool in C:\xampp\htdocs\wordpress\wp-content\plugins\doku-payment\Module\JokulCheckoutModule.php on line 54
[06-Sep-2026 11:22:57 UTC] PHP Warning:  Trying to access array offset on value of type bool in C:\xampp\htdocs\wordpress\wp-content\plugins\doku-payment\Module\JokulCheckoutModule.php on line 55
[06-Sep-2026 11:22:57 UTC] PHP Warning:  Trying to access array offset on value of type bool in C:\xampp\htdocs\wordpress\wp-content\plugins\doku-payment\Module\JokulCheckoutModule.php on line 56
[06-Sep-2026 11:22:57 UTC] PHP Warning:  Trying to access array offset on value of type bool in C:\xampp\htdocs\wordpress\wp-content\plugins\doku-payment\Module\JokulCheckoutModule.php on line 57
[06-Sep-2026 11:22:57 UTC] PHP Warning:  Trying to access array offset on value of type bool in C:\xampp\htdocs\wordpress\wp-content\plugins\doku-payment\Module\JokulCheckoutModule.php on line 58
[06-Sep-2026 11:22:57 UTC] PHP Warning:  Trying to access array offset on value of type bool in C:\xampp\htdocs\wordpress\wp-content\plugins\doku-payment\Module\JokulCheckoutModule.php on line 59
[06-Sep-2026 11:22:57 UTC] PHP Warning:  Trying to access array offset on value of type bool in C:\xampp\htdocs\wordpress\wp-content\plugins\doku-payment\Module\JokulCheckoutModule.php on line 60
[06-Sep-2026 11:22:57 UTC] PHP Warning:  Trying to access array offset on value of type bool in C:\xampp\htdocs\wordpress\wp-content\plugins\doku-payment\Module\JokulCheckoutModule.php on line 69
[06-Sep-2026 11:22:57 UTC] PHP Warning:  Trying to access array offset on value of type bool in C:\xampp\htdocs\wordpress\wp-content\plugins\doku-payment\Module\JokulCheckoutModule.php on line 70
[06-Sep-2026 11:24:56 UTC] PHP Warning:  Trying to access array offset on value of type bool in C:\xampp\htdocs\wordpress\wp-content\plugins\doku-payment\Module\JokulCheckoutModule.php on line 51
[06-Sep-2026 11:24:56 UTC] PHP Warning:  Trying to access array offset on value of type bool in C:\xampp\htdocs\wordpress\wp-content\plugins\doku-payment\Module\JokulCheckoutModule.php on line 52
[06-Sep-2026 11:24:56 UTC] PHP Warning:  Trying to access array offset on value of type bool in C:\xampp\htdocs\wordpress\wp-content\plugins\doku-payment\Module\JokulCheckoutModule.php on line 53
[06-Sep-2026 11:24:56 UTC] PHP Warning:  Trying to access array offset on value of type bool in C:\xampp\htdocs\wordpress\wp-content\plugins\doku-payment\Module\JokulCheckoutModule.php on line 54
[06-Sep-2026 11:24:56 UTC] PHP Warning:  Trying to access array offset on value of type bool in C:\xampp\htdocs\wordpress\wp-content\plugins\doku-payment\Module\JokulCheckoutModule.php on line 55
[06-Sep-2026 11:24:56 UTC] PHP Warning:  Trying to access array offset on value of type bool in C:\xampp\htdocs\wordpress\wp-content\plugins\doku-payment\Module\JokulCheckoutModule.php on line 56
[06-Sep-2026 11:24:56 UTC] PHP Warning:  Trying to access array offset on value of type bool in C:\xampp\htdocs\wordpress\wp-content\plugins\doku-payment\Module\JokulCheckoutModule.php on line 57
[06-Sep-2026 11:24:56 UTC] PHP Warning:  Trying to access array offset on value of type bool in C:\xampp\htdocs\wordpress\wp-content\plugins\doku-payment\Module\JokulCheckoutModule.php on line 58
[06-Sep-2026 11:24:56 UTC] PHP Warning:  Trying to access array offset on value of type bool in C:\xampp\htdocs\wordpress\wp-content\plugins\doku-payment\Module\JokulCheckoutModule.php on line 59
[06-Sep-2026 11:24:56 UTC] PHP Warning:  Trying to access array offset on value of type bool in C:\xampp\htdocs\wordpress\wp-content\plugins\doku-payment\Module\JokulCheckoutModule.php on line 60
[06-Sep-2026 11:24:56 UTC] PHP Warning:  Trying to access array offset on value of type bool in C:\xampp\htdocs\wordpress\wp-content\plugins\doku-payment\Module\JokulCheckoutModule.php on line 69
[06-Sep-2026 11:24:56 UTC] PHP Warning:  Trying to access array offset on value of type bool in C:\xampp\htdocs\wordpress\wp-content\plugins\doku-payment\Module\JokulCheckoutModule.php on line 70
[06-Sep-2026 11:24:58 UTC] PHP Warning:  Trying to access array offset on value of type bool in C:\xampp\htdocs\wordpress\wp-content\plugins\doku-payment\Module\JokulCheckoutModule.php on line 51
[06-Sep-2026 11:24:58 UTC] PHP Warning:  Trying to access array offset on value of type bool in C:\xampp\htdocs\wordpress\wp-content\plugins\doku-payment\Module\JokulCheckoutModule.php on line 52
[06-Sep-2026 11:24:58 UTC] PHP Warning:  Trying to access array offset on value of type bool in C:\xampp\htdocs\wordpress\wp-content\plugins\doku-payment\Module\JokulCheckoutModule.php on line 53
[06-Sep-2026 11:24:58 UTC] PHP Warning:  Trying to access array offset on value of type bool in C:\xampp\htdocs\wordpress\wp-content\plugins\doku-payment\Module\JokulCheckoutModule.php on line 54
[06-Sep-2026 11:24:58 UTC] PHP Warning:  Trying to access array offset on value of type bool in C:\xampp\htdocs\wordpress\wp-content\plugins\doku-payment\Module\JokulCheckoutModule.php on line 55
[06-Sep-2026 11:24:58 UTC] PHP Warning:  Trying to access array offset on value of type bool in C:\xampp\htdocs\wordpress\wp-content\plugins\doku-payment\Module\JokulCheckoutModule.php on line 56
[06-Sep-2026 11:24:58 UTC] PHP Warning:  Trying to access array offset on value of type bool in C:\xampp\htdocs\wordpress\wp-content\plugins\doku-payment\Module\JokulCheckoutModule.php on line 57
[06-Sep-2026 11:24:58 UTC] PHP Warning:  Trying to access array offset on value of type bool in C:\xampp\htdocs\wordpress\wp-content\plugins\doku-payment\Module\JokulCheckoutModule.php on line 58
[06-Sep-2026 11:24:58 UTC] PHP Warning:  Trying to access array offset on value of type bool in C:\xampp\htdocs\wordpress\wp-content\plugins\doku-payment\Module\JokulCheckoutModule.php on line 59
[06-Sep-2026 11:24:58 UTC] PHP Warning:  Trying to access array offset on value of type bool in C:\xampp\htdocs\wordpress\wp-content\plugins\doku-payment\Module\JokulCheckoutModule.php on line 60
[06-Sep-2026 11:24:58 UTC] PHP Warning:  Trying to access array offset on value of type bool in C:\xampp\htdocs\wordpress\wp-content\plugins\doku-payment\Module\JokulCheckoutModule.php on line 69
[06-Sep-2026 11:24:58 UTC] PHP Warning:  Trying to access array offset on value of type bool in C:\xampp\htdocs\wordpress\wp-content\plugins\doku-payment\Module\JokulCheckoutModule.php on line 70
[06-Sep-2026 11:26:57 UTC] PHP Warning:  Trying to access array offset on value of type bool in C:\xampp\htdocs\wordpress\wp-content\plugins\doku-payment\Module\JokulCheckoutModule.php on line 51
[06-Sep-2026 11:26:57 UTC] PHP Warning:  Trying to access array offset on value of type bool in C:\xampp\htdocs\wordpress\wp-content\plugins\doku-payment\Module\JokulCheckoutModule.php on line 52
[06-Sep-2026 11:26:57 UTC] PHP Warning:  Trying to access array offset on value of type bool in C:\xampp\htdocs\wordpress\wp-content\plugins\doku-payment\Module\JokulCheckoutModule.php on line 53
[06-Sep-2026 11:26:57 UTC] PHP Warning:  Trying to access array offset on value of type bool in C:\xampp\htdocs\wordpress\wp-content\plugins\doku-payment\Module\JokulCheckoutModule.php on line 54
[06-Sep-2026 11:26:57 UTC] PHP Warning:  Trying to access array offset on value of type bool in C:\xampp\htdocs\wordpress\wp-content\plugins\doku-payment\Module\JokulCheckoutModule.php on line 55
[06-Sep-2026 11:26:57 UTC] PHP Warning:  Trying to access array offset on value of type bool in C:\xampp\htdocs\wordpress\wp-content\plugins\doku-payment\Module\JokulCheckoutModule.php on line 56
[06-Sep-2026 11:26:57 UTC] PHP Warning:  Trying to access array offset on value of type bool in C:\xampp\htdocs\wordpress\wp-content\plugins\doku-payment\Module\JokulCheckoutModule.php on line 57
[06-Sep-2026 11:26:57 UTC] PHP Warning:  Trying to access array offset on value of type bool in C:\xampp\htdocs\wordpress\wp-content\plugins\doku-payment\Module\JokulCheckoutModule.php on line 58
[06-Sep-2026 11:26:57 UTC] PHP Warning:  Trying to access array offset on value of type bool in C:\xampp\htdocs\wordpress\wp-content\plugins\doku-payment\Module\JokulCheckoutModule.php on line 59
[06-Sep-2026 11:26:57 UTC] PHP Warning:  Trying to access array offset on value of type bool in C:\xampp\htdocs\wordpress\wp-content\plugins\doku-payment\Module\JokulCheckoutModule.php on line 60
[06-Sep-2026 11:26:57 UTC] PHP Warning:  Trying to access array offset on value of type bool in C:\xampp\htdocs\wordpress\wp-content\plugins\doku-payment\Module\JokulCheckoutModule.php on line 69
[06-Sep-2026 11:26:57 UTC] PHP Warning:  Trying to access array offset on value of type bool in C:\xampp\htdocs\wordpress\wp-content\plugins\doku-payment\Module\JokulCheckoutModule.php on line 70
[06-Sep-2026 11:27:00 UTC] PHP Warning:  Trying to access array offset on value of type bool in C:\xampp\htdocs\wordpress\wp-content\plugins\doku-payment\Module\JokulCheckoutModule.php on line 51
[06-Sep-2026 11:27:00 UTC] PHP Warning:  Trying to access array offset on value of type bool in C:\xampp\htdocs\wordpress\wp-content\plugins\doku-payment\Module\JokulCheckoutModule.php on line 52
[06-Sep-2026 11:27:00 UTC] PHP Warning:  Trying to access array offset on value of type bool in C:\xampp\htdocs\wordpress\wp-content\plugins\doku-payment\Module\JokulCheckoutModule.php on line 53
[06-Sep-2026 11:27:00 UTC] PHP Warning:  Trying to access array offset on value of type bool in C:\xampp\htdocs\wordpress\wp-content\plugins\doku-payment\Module\JokulCheckoutModule.php on line 54
[06-Sep-2026 11:27:00 UTC] PHP Warning:  Trying to access array offset on value of type bool in C:\xampp\htdocs\wordpress\wp-content\plugins\doku-payment\Module\JokulCheckoutModule.php on line 55
[06-Sep-2026 11:27:00 UTC] PHP Warning:  Trying to access array offset on value of type bool in C:\xampp\htdocs\wordpress\wp-content\plugins\doku-payment\Module\JokulCheckoutModule.php on line 56
[06-Sep-2026 11:27:00 UTC] PHP Warning:  Trying to access array offset on value of type bool in C:\xampp\htdocs\wordpress\wp-content\plugins\doku-payment\Module\JokulCheckoutModule.php on line 57
[06-Sep-2026 11:27:00 UTC] PHP Warning:  Trying to access array offset on value of type bool in C:\xampp\htdocs\wordpress\wp-content\plugins\doku-payment\Module\JokulCheckoutModule.php on line 58
[06-Sep-2026 11:27:00 UTC] PHP Warning:  Trying to access array offset on value of type bool in C:\xampp\htdocs\wordpress\wp-content\plugins\doku-payment\Module\JokulCheckoutModule.php on line 59
[06-Sep-2026 11:27:00 UTC] PHP Warning:  Trying to access array offset on value of type bool in C:\xampp\htdocs\wordpress\wp-content\plugins\doku-payment\Module\JokulCheckoutModule.php on line 60
[06-Sep-2026 11:27:00 UTC] PHP Warning:  Trying to access array offset on value of type bool in C:\xampp\htdocs\wordpress\wp-content\plugins\doku-payment\Module\JokulCheckoutModule.php on line 69
[06-Sep-2026 11:27:00 UTC] PHP Warning:  Trying to access array offset on value of type bool in C:\xampp\htdocs\wordpress\wp-content\plugins\doku-payment\Module\JokulCheckoutModule.php on line 70
[06-Sep-2026 11:28:59 UTC] PHP Warning:  Trying to access array offset on value of type bool in C:\xampp\htdocs\wordpress\wp-content\plugins\doku-payment\Module\JokulCheckoutModule.php on line 51
[06-Sep-2026 11:28:59 UTC] PHP Warning:  Trying to access array offset on value of type bool in C:\xampp\htdocs\wordpress\wp-content\plugins\doku-payment\Module\JokulCheckoutModule.php on line 52
[06-Sep-2026 11:28:59 UTC] PHP Warning:  Trying to access array offset on value of type bool in C:\xampp\htdocs\wordpress\wp-content\plugins\doku-payment\Module\JokulCheckoutModule.php on line 53
[06-Sep-2026 11:28:59 UTC] PHP Warning:  Trying to access array offset on value of type bool in C:\xampp\htdocs\wordpress\wp-content\plugins\doku-payment\Module\JokulCheckoutModule.php on line 54
[06-Sep-2026 11:28:59 UTC] PHP Warning:  Trying to access array offset on value of type bool in C:\xampp\htdocs\wordpress\wp-content\plugins\doku-payment\Module\JokulCheckoutModule.php on line 55
[06-Sep-2026 11:28:59 UTC] PHP Warning:  Trying to access array offset on value of type bool in C:\xampp\htdocs\wordpress\wp-content\plugins\doku-payment\Module\JokulCheckoutModule.php on line 56
[06-Sep-2026 11:28:59 UTC] PHP Warning:  Trying to access array offset on value of type bool in C:\xampp\htdocs\wordpress\wp-content\plugins\doku-payment\Module\JokulCheckoutModule.php on line 57
[06-Sep-2026 11:28:59 UTC] PHP Warning:  Trying to access array offset on value of type bool in C:\xampp\htdocs\wordpress\wp-content\plugins\doku-payment\Module\JokulCheckoutModule.php on line 58
[06-Sep-2026 11:28:59 UTC] PHP Warning:  Trying to access array offset on value of type bool in C:\xampp\htdocs\wordpress\wp-content\plugins\doku-payment\Module\JokulCheckoutModule.php on line 59
[06-Sep-2026 11:28:59 UTC] PHP Warning:  Trying to access array offset on value of type bool in C:\xampp\htdocs\wordpress\wp-content\plugins\doku-payment\Module\JokulCheckoutModule.php on line 60
[06-Sep-2026 11:28:59 UTC] PHP Warning:  Trying to access array offset on value of type bool in C:\xampp\htdocs\wordpress\wp-content\plugins\doku-payment\Module\JokulCheckoutModule.php on line 69
[06-Sep-2026 11:28:59 UTC] PHP Warning:  Trying to access array offset on value of type bool in C:\xampp\htdocs\wordpress\wp-content\plugins\doku-payment\Module\JokulCheckoutModule.php on line 70
[06-Sep-2026 11:29:03 UTC] PHP Warning:  Trying to access array offset on value of type bool in C:\xampp\htdocs\wordpress\wp-content\plugins\doku-payment\Module\JokulCheckoutModule.php on line 51
[06-Sep-2026 11:29:03 UTC] PHP Warning:  Trying to access array offset on value of type bool in C:\xampp\htdocs\wordpress\wp-content\plugins\doku-payment\Module\JokulCheckoutModule.php on line 52
[06-Sep-2026 11:29:03 UTC] PHP Warning:  Trying to access array offset on value of type bool in C:\xampp\htdocs\wordpress\wp-content\plugins\doku-payment\Module\JokulCheckoutModule.php on line 53
[06-Sep-2026 11:29:03 UTC] PHP Warning:  Trying to access array offset on value of type bool in C:\xampp\htdocs\wordpress\wp-content\plugins\doku-payment\Module\JokulCheckoutModule.php on line 54
[06-Sep-2026 11:29:03 UTC] PHP Warning:  Trying to access array offset on value of type bool in C:\xampp\htdocs\wordpress\wp-content\plugins\doku-payment\Module\JokulCheckoutModule.php on line 55
[06-Sep-2026 11:29:03 UTC] PHP Warning:  Trying to access array offset on value of type bool in C:\xampp\htdocs\wordpress\wp-content\plugins\doku-payment\Module\JokulCheckoutModule.php on line 56
[06-Sep-2026 11:29:03 UTC] PHP Warning:  Trying to access array offset on value of type bool in C:\xampp\htdocs\wordpress\wp-content\plugins\doku-payment\Module\JokulCheckoutModule.php on line 57
[06-Sep-2026 11:29:03 UTC] PHP Warning:  Trying to access array offset on value of type bool in C:\xampp\htdocs\wordpress\wp-content\plugins\doku-payment\Module\JokulCheckoutModule.php on line 58
[06-Sep-2026 11:29:03 UTC] PHP Warning:  Trying to access array offset on value of type bool in C:\xampp\htdocs\wordpress\wp-content\plugins\doku-payment\Module\JokulCheckoutModule.php on line 59
[06-Sep-2026 11:29:03 UTC] PHP Warning:  Trying to access array offset on value of type bool in C:\xampp\htdocs\wordpress\wp-content\plugins\doku-payment\Module\JokulCheckoutModule.php on line 60
[06-Sep-2026 11:29:03 UTC] PHP Warning:  Trying to access array offset on value of type bool in C:\xampp\htdocs\wordpress\wp-content\plugins\doku-payment\Module\JokulCheckoutModule.php on line 69
[06-Sep-2026 11:29:03 UTC] PHP Warning:  Trying to access array offset on value of type bool in C:\xampp\htdocs\wordpress\wp-content\plugins\doku-payment\Module\JokulCheckoutModule.php on line 70
[06-Sep-2026 11:30:23 UTC] PHP Warning:  Trying to access array offset on value of type bool in C:\xampp\htdocs\wordpress\wp-content\plugins\doku-payment\Module\JokulCheckoutModule.php on line 51
[06-Sep-2026 11:30:23 UTC] PHP Warning:  Trying to access array offset on value of type bool in C:\xampp\htdocs\wordpress\wp-content\plugins\doku-payment\Module\JokulCheckoutModule.php on line 52
[06-Sep-2026 11:30:23 UTC] PHP Warning:  Trying to access array offset on value of type bool in C:\xampp\htdocs\wordpress\wp-content\plugins\doku-payment\Module\JokulCheckoutModule.php on line 53
[06-Sep-2026 11:30:23 UTC] PHP Warning:  Trying to access array offset on value of type bool in C:\xampp\htdocs\wordpress\wp-content\plugins\doku-payment\Module\JokulCheckoutModule.php on line 54
[06-Sep-2026 11:30:23 UTC] PHP Warning:  Trying to access array offset on value of type bool in C:\xampp\htdocs\wordpress\wp-content\plugins\doku-payment\Module\JokulCheckoutModule.php on line 55
[06-Sep-2026 11:30:23 UTC] PHP Warning:  Trying to access array offset on value of type bool in C:\xampp\htdocs\wordpress\wp-content\plugins\doku-payment\Module\JokulCheckoutModule.php on line 56
[06-Sep-2026 11:30:23 UTC] PHP Warning:  Trying to access array offset on value of type bool in C:\xampp\htdocs\wordpress\wp-content\plugins\doku-payment\Module\JokulCheckoutModule.php on line 57
[06-Sep-2026 11:30:23 UTC] PHP Warning:  Trying to access array offset on value of type bool in C:\xampp\htdocs\wordpress\wp-content\plugins\doku-payment\Module\JokulCheckoutModule.php on line 58
[06-Sep-2026 11:30:23 UTC] PHP Warning:  Trying to access array offset on value of type bool in C:\xampp\htdocs\wordpress\wp-content\plugins\doku-payment\Module\JokulCheckoutModule.php on line 59
[06-Sep-2026 11:30:23 UTC] PHP Warning:  Trying to access array offset on value of type bool in C:\xampp\htdocs\wordpress\wp-content\plugins\doku-payment\Module\JokulCheckoutModule.php on line 60
[06-Sep-2026 11:30:23 UTC] PHP Warning:  Trying to access array offset on value of type bool in C:\xampp\htdocs\wordpress\wp-content\plugins\doku-payment\Module\JokulCheckoutModule.php on line 69
[06-Sep-2026 11:30:23 UTC] PHP Warning:  Trying to access array offset on value of type bool in C:\xampp\htdocs\wordpress\wp-content\plugins\doku-payment\Module\JokulCheckoutModule.php on line 70
[06-Sep-2026 11:30:26 UTC] PHP Warning:  Trying to access array offset on value of type bool in C:\xampp\htdocs\wordpress\wp-content\plugins\doku-payment\Module\JokulCheckoutModule.php on line 51
[06-Sep-2026 11:30:26 UTC] PHP Warning:  Trying to access array offset on value of type bool in C:\xampp\htdocs\wordpress\wp-content\plugins\doku-payment\Module\JokulCheckoutModule.php on line 52
[06-Sep-2026 11:30:26 UTC] PHP Warning:  Trying to access array offset on value of type bool in C:\xampp\htdocs\wordpress\wp-content\plugins\doku-payment\Module\JokulCheckoutModule.php on line 53
[06-Sep-2026 11:30:26 UTC] PHP Warning:  Trying to access array offset on value of type bool in C:\xampp\htdocs\wordpress\wp-content\plugins\doku-payment\Module\JokulCheckoutModule.php on line 54
[06-Sep-2026 11:30:26 UTC] PHP Warning:  Trying to access array offset on value of type bool in C:\xampp\htdocs\wordpress\wp-content\plugins\doku-payment\Module\JokulCheckoutModule.php on line 55
[06-Sep-2026 11:30:26 UTC] PHP Warning:  Trying to access array offset on value of type bool in C:\xampp\htdocs\wordpress\wp-content\plugins\doku-payment\Module\JokulCheckoutModule.php on line 56
[06-Sep-2026 11:30:26 UTC] PHP Warning:  Trying to access array offset on value of type bool in C:\xampp\htdocs\wordpress\wp-content\plugins\doku-payment\Module\JokulCheckoutModule.php on line 57
[06-Sep-2026 11:30:26 UTC] PHP Warning:  Trying to access array offset on value of type bool in C:\xampp\htdocs\wordpress\wp-content\plugins\doku-payment\Module\JokulCheckoutModule.php on line 58
[06-Sep-2026 11:30:26 UTC] PHP Warning:  Trying to access array offset on value of type bool in C:\xampp\htdocs\wordpress\wp-content\plugins\doku-payment\Module\JokulCheckoutModule.php on line 59
[06-Sep-2026 11:30:26 UTC] PHP Warning:  Trying to access array offset on value of type bool in C:\xampp\htdocs\wordpress\wp-content\plugins\doku-payment\Module\JokulCheckoutModule.php on line 60
[06-Sep-2026 11:30:26 UTC] PHP Warning:  Trying to access array offset on value of type bool in C:\xampp\htdocs\wordpress\wp-content\plugins\doku-payment\Module\JokulCheckoutModule.php on line 69
[06-Sep-2026 11:30:26 UTC] PHP Warning:  Trying to access array offset on value of type bool in C:\xampp\htdocs\wordpress\wp-content\plugins\doku-payment\Module\JokulCheckoutModule.php on line 70
[06-Sep-2026 11:30:27 UTC] PHP Warning:  Trying to access array offset on value of type bool in C:\xampp\htdocs\wordpress\wp-content\plugins\doku-payment\Module\JokulCheckoutModule.php on line 51
[06-Sep-2026 11:30:27 UTC] PHP Warning:  Trying to access array offset on value of type bool in C:\xampp\htdocs\wordpress\wp-content\plugins\doku-payment\Module\JokulCheckoutModule.php on line 52
[06-Sep-2026 11:30:27 UTC] PHP Warning:  Trying to access array offset on value of type bool in C:\xampp\htdocs\wordpress\wp-content\plugins\doku-payment\Module\JokulCheckoutModule.php on line 53
[06-Sep-2026 11:30:27 UTC] PHP Warning:  Trying to access array offset on value of type bool in C:\xampp\htdocs\wordpress\wp-content\plugins\doku-payment\Module\JokulCheckoutModule.php on line 54
[06-Sep-2026 11:30:27 UTC] PHP Warning:  Trying to access array offset on value of type bool in C:\xampp\htdocs\wordpress\wp-content\plugins\doku-payment\Module\JokulCheckoutModule.php on line 55
[06-Sep-2026 11:30:27 UTC] PHP Warning:  Trying to access array offset on value of type bool in C:\xampp\htdocs\wordpress\wp-content\plugins\doku-payment\Module\JokulCheckoutModule.php on line 56
[06-Sep-2026 11:30:27 UTC] PHP Warning:  Trying to access array offset on value of type bool in C:\xampp\htdocs\wordpress\wp-content\plugins\doku-payment\Module\JokulCheckoutModule.php on line 57
[06-Sep-2026 11:30:27 UTC] PHP Warning:  Trying to access array offset on value of type bool in C:\xampp\htdocs\wordpress\wp-content\plugins\doku-payment\Module\JokulCheckoutModule.php on line 58
[06-Sep-2026 11:30:27 UTC] PHP Warning:  Trying to access array offset on value of type bool in C:\xampp\htdocs\wordpress\wp-content\plugins\doku-payment\Module\JokulCheckoutModule.php on line 59
[06-Sep-2026 11:30:27 UTC] PHP Warning:  Trying to access array offset on value of type bool in C:\xampp\htdocs\wordpress\wp-content\plugins\doku-payment\Module\JokulCheckoutModule.php on line 60
[06-Sep-2026 11:30:27 UTC] PHP Warning:  Trying to access array offset on value of type bool in C:\xampp\htdocs\wordpress\wp-content\plugins\doku-payment\Module\JokulCheckoutModule.php on line 69
[06-Sep-2026 11:30:27 UTC] PHP Warning:  Trying to access array offset on value of type bool in C:\xampp\htdocs\wordpress\wp-content\plugins\doku-payment\Module\JokulCheckoutModule.php on line 70
[06-Sep-2026 11:30:29 UTC] PHP Warning:  Trying to access array offset on value of type bool in C:\xampp\htdocs\wordpress\wp-content\plugins\doku-payment\Module\JokulCheckoutModule.php on line 51
[06-Sep-2026 11:30:29 UTC] PHP Warning:  Trying to access array offset on value of type bool in C:\xampp\htdocs\wordpress\wp-content\plugins\doku-payment\Module\JokulCheckoutModule.php on line 52
[06-Sep-2026 11:30:29 UTC] PHP Warning:  Trying to access array offset on value of type bool in C:\xampp\htdocs\wordpress\wp-content\plugins\doku-payment\Module\JokulCheckoutModule.php on line 53
[06-Sep-2026 11:30:29 UTC] PHP Warning:  Trying to access array offset on value of type bool in C:\xampp\htdocs\wordpress\wp-content\plugins\doku-payment\Module\JokulCheckoutModule.php on line 54
[06-Sep-2026 11:30:29 UTC] PHP Warning:  Trying to access array offset on value of type bool in C:\xampp\htdocs\wordpress\wp-content\plugins\doku-payment\Module\JokulCheckoutModule.php on line 55
[06-Sep-2026 11:30:29 UTC] PHP Warning:  Trying to access array offset on value of type bool in C:\xampp\htdocs\wordpress\wp-content\plugins\doku-payment\Module\JokulCheckoutModule.php on line 56
[06-Sep-2026 11:30:29 UTC] PHP Warning:  Trying to access array offset on value of type bool in C:\xampp\htdocs\wordpress\wp-content\plugins\doku-payment\Module\JokulCheckoutModule.php on line 57
[06-Sep-2026 11:30:29 UTC] PHP Warning:  Trying to access array offset on value of type bool in C:\xampp\htdocs\wordpress\wp-content\plugins\doku-payment\Module\JokulCheckoutModule.php on line 58
[06-Sep-2026 11:30:29 UTC] PHP Warning:  Trying to access array offset on value of type bool in C:\xampp\htdocs\wordpress\wp-content\plugins\doku-payment\Module\JokulCheckoutModule.php on line 59
[06-Sep-2026 11:30:29 UTC] PHP Warning:  Trying to access array offset on value of type bool in C:\xampp\htdocs\wordpress\wp-content\plugins\doku-payment\Module\JokulCheckoutModule.php on line 60
[06-Sep-2026 11:30:29 UTC] PHP Warning:  Trying to access array offset on value of type bool in C:\xampp\htdocs\wordpress\wp-content\plugins\doku-payment\Module\JokulCheckoutModule.php on line 69
[06-Sep-2026 11:30:29 UTC] PHP Warning:  Trying to access array offset on value of type bool in C:\xampp\htdocs\wordpress\wp-content\plugins\doku-payment\Module\JokulCheckoutModule.php on line 70
[06-Sep-2026 11:30:37 UTC] PHP Warning:  Trying to access array offset on value of type bool in C:\xampp\htdocs\wordpress\wp-content\plugins\doku-payment\Module\JokulCheckoutModule.php on line 51
[06-Sep-2026 11:30:37 UTC] PHP Warning:  Trying to access array offset on value of type bool in C:\xampp\htdocs\wordpress\wp-content\plugins\doku-payment\Module\JokulCheckoutModule.php on line 52
[06-Sep-2026 11:30:37 UTC] PHP Warning:  Trying to access array offset on value of type bool in C:\xampp\htdocs\wordpress\wp-content\plugins\doku-payment\Module\JokulCheckoutModule.php on line 53
[06-Sep-2026 11:30:37 UTC] PHP Warning:  Trying to access array offset on value of type bool in C:\xampp\htdocs\wordpress\wp-content\plugins\doku-payment\Module\JokulCheckoutModule.php on line 54
[06-Sep-2026 11:30:37 UTC] PHP Warning:  Trying to access array offset on value of type bool in C:\xampp\htdocs\wordpress\wp-content\plugins\doku-payment\Module\JokulCheckoutModule.php on line 55
[06-Sep-2026 11:30:37 UTC] PHP Warning:  Trying to access array offset on value of type bool in C:\xampp\htdocs\wordpress\wp-content\plugins\doku-payment\Module\JokulCheckoutModule.php on line 56
[06-Sep-2026 11:30:37 UTC] PHP Warning:  Trying to access array offset on value of type bool in C:\xampp\htdocs\wordpress\wp-content\plugins\doku-payment\Module\JokulCheckoutModule.php on line 57
[06-Sep-2026 11:30:37 UTC] PHP Warning:  Trying to access array offset on value of type bool in C:\xampp\htdocs\wordpress\wp-content\plugins\doku-payment\Module\JokulCheckoutModule.php on line 58
[06-Sep-2026 11:30:37 UTC] PHP Warning:  Trying to access array offset on value of type bool in C:\xampp\htdocs\wordpress\wp-content\plugins\doku-payment\Module\JokulCheckoutModule.php on line 59
[06-Sep-2026 11:30:37 UTC] PHP Warning:  Trying to access array offset on value of type bool in C:\xampp\htdocs\wordpress\wp-content\plugins\doku-payment\Module\JokulCheckoutModule.php on line 60
[06-Sep-2026 11:30:37 UTC] PHP Warning:  Trying to access array offset on value of type bool in C:\xampp\htdocs\wordpress\wp-content\plugins\doku-payment\Module\JokulCheckoutModule.php on line 69
[06-Sep-2026 11:30:37 UTC] PHP Warning:  Trying to access array offset on value of type bool in C:\xampp\htdocs\wordpress\wp-content\plugins\doku-payment\Module\JokulCheckoutModule.php on line 70
[06-Sep-2026 11:30:47 UTC] PHP Warning:  Trying to access array offset on value of type bool in C:\xampp\htdocs\wordpress\wp-content\plugins\doku-payment\Module\JokulCheckoutModule.php on line 51
[06-Sep-2026 11:30:47 UTC] PHP Warning:  Trying to access array offset on value of type bool in C:\xampp\htdocs\wordpress\wp-content\plugins\doku-payment\Module\JokulCheckoutModule.php on line 52
[06-Sep-2026 11:30:47 UTC] PHP Warning:  Trying to access array offset on value of type bool in C:\xampp\htdocs\wordpress\wp-content\plugins\doku-payment\Module\JokulCheckoutModule.php on line 53
[06-Sep-2026 11:30:47 UTC] PHP Warning:  Trying to access array offset on value of type bool in C:\xampp\htdocs\wordpress\wp-content\plugins\doku-payment\Module\JokulCheckoutModule.php on line 54
[06-Sep-2026 11:30:47 UTC] PHP Warning:  Trying to access array offset on value of type bool in C:\xampp\htdocs\wordpress\wp-content\plugins\doku-payment\Module\JokulCheckoutModule.php on line 55
[06-Sep-2026 11:30:47 UTC] PHP Warning:  Trying to access array offset on value of type bool in C:\xampp\htdocs\wordpress\wp-content\plugins\doku-payment\Module\JokulCheckoutModule.php on line 56
[06-Sep-2026 11:30:47 UTC] PHP Warning:  Trying to access array offset on value of type bool in C:\xampp\htdocs\wordpress\wp-content\plugins\doku-payment\Module\JokulCheckoutModule.php on line 57
[06-Sep-2026 11:30:47 UTC] PHP Warning:  Trying to access array offset on value of type bool in C:\xampp\htdocs\wordpress\wp-content\plugins\doku-payment\Module\JokulCheckoutModule.php on line 58
[06-Sep-2026 11:30:47 UTC] PHP Warning:  Trying to access array offset on value of type bool in C:\xampp\htdocs\wordpress\wp-content\plugins\doku-payment\Module\JokulCheckoutModule.php on line 59
[06-Sep-2026 11:30:47 UTC] PHP Warning:  Trying to access array offset on value of type bool in C:\xampp\htdocs\wordpress\wp-content\plugins\doku-payment\Module\JokulCheckoutModule.php on line 60
[06-Sep-2026 11:30:47 UTC] PHP Warning:  Trying to access array offset on value of type bool in C:\xampp\htdocs\wordpress\wp-content\plugins\doku-payment\Module\JokulCheckoutModule.php on line 69
[06-Sep-2026 11:30:47 UTC] PHP Warning:  Trying to access array offset on value of type bool in C:\xampp\htdocs\wordpress\wp-content\plugins\doku-payment\Module\JokulCheckoutModule.php on line 70
[06-Sep-2026 11:48:34 UTC] PHP Warning:  Undefined array key "environment_payment_jokul" in C:\xampp\htdocs\wordpress\wp-content\plugins\doku-payment\Module\JokulCheckoutModule.php on line 54
[06-Sep-2026 11:48:34 UTC] PHP Warning:  Undefined array key "sandbox_client_id" in C:\xampp\htdocs\wordpress\wp-content\plugins\doku-payment\Module\JokulCheckoutModule.php on line 55
[06-Sep-2026 11:48:34 UTC] PHP Warning:  Undefined array key "sandbox_shared_key" in C:\xampp\htdocs\wordpress\wp-content\plugins\doku-payment\Module\JokulCheckoutModule.php on line 56
[06-Sep-2026 11:48:34 UTC] PHP Warning:  Undefined array key "prod_client_id" in C:\xampp\htdocs\wordpress\wp-content\plugins\doku-payment\Module\JokulCheckoutModule.php on line 57
[06-Sep-2026 11:48:34 UTC] PHP Warning:  Undefined array key "prod_shared_key" in C:\xampp\htdocs\wordpress\wp-content\plugins\doku-payment\Module\JokulCheckoutModule.php on line 58
[06-Sep-2026 11:48:34 UTC] PHP Warning:  Undefined array key "expired_time" in C:\xampp\htdocs\wordpress\wp-content\plugins\doku-payment\Module\JokulCheckoutModule.php on line 59
[06-Sep-2026 11:48:34 UTC] PHP Warning:  Undefined array key "email_notifications" in C:\xampp\htdocs\wordpress\wp-content\plugins\doku-payment\Module\JokulCheckoutModule.php on line 60
[06-Sep-2026 11:48:34 UTC] PHP Warning:  Undefined array key "abandoned_cart" in C:\xampp\htdocs\wordpress\wp-content\plugins\doku-payment\Module\JokulCheckoutModule.php on line 61
[06-Sep-2026 11:48:34 UTC] PHP Warning:  Undefined array key "time_range_abandoned_cart" in C:\xampp\htdocs\wordpress\wp-content\plugins\doku-payment\Module\JokulCheckoutModule.php on line 62
[06-Sep-2026 11:48:34 UTC] PHP Warning:  Undefined array key "custom_time_range_abandoned_cart" in C:\xampp\htdocs\wordpress\wp-content\plugins\doku-payment\Module\JokulCheckoutModule.php on line 63
[06-Sep-2026 11:48:34 UTC] PHP Warning:  Undefined array key "sac_check" in C:\xampp\htdocs\wordpress\wp-content\plugins\doku-payment\Module\JokulCheckoutModule.php on line 72
[06-Sep-2026 11:48:34 UTC] PHP Warning:  Undefined array key "sac_textbox" in C:\xampp\htdocs\wordpress\wp-content\plugins\doku-payment\Module\JokulCheckoutModule.php on line 73
[06-Sep-2026 11:48:35 UTC] PHP Warning:  Undefined array key "environment_payment_jokul" in C:\xampp\htdocs\wordpress\wp-content\plugins\doku-payment\Module\JokulCheckoutModule.php on line 54
[06-Sep-2026 11:48:35 UTC] PHP Warning:  Undefined array key "sandbox_client_id" in C:\xampp\htdocs\wordpress\wp-content\plugins\doku-payment\Module\JokulCheckoutModule.php on line 55
[06-Sep-2026 11:48:35 UTC] PHP Warning:  Undefined array key "sandbox_shared_key" in C:\xampp\htdocs\wordpress\wp-content\plugins\doku-payment\Module\JokulCheckoutModule.php on line 56
[06-Sep-2026 11:48:35 UTC] PHP Warning:  Undefined array key "prod_client_id" in C:\xampp\htdocs\wordpress\wp-content\plugins\doku-payment\Module\JokulCheckoutModule.php on line 57
[06-Sep-2026 11:48:35 UTC] PHP Warning:  Undefined array key "prod_shared_key" in C:\xampp\htdocs\wordpress\wp-content\plugins\doku-payment\Module\JokulCheckoutModule.php on line 58
[06-Sep-2026 11:48:35 UTC] PHP Warning:  Undefined array key "expired_time" in C:\xampp\htdocs\wordpress\wp-content\plugins\doku-payment\Module\JokulCheckoutModule.php on line 59
[06-Sep-2026 11:48:35 UTC] PHP Warning:  Undefined array key "email_notifications" in C:\xampp\htdocs\wordpress\wp-content\plugins\doku-payment\Module\JokulCheckoutModule.php on line 60
[06-Sep-2026 11:48:35 UTC] PHP Warning:  Undefined array key "abandoned_cart" in C:\xampp\htdocs\wordpress\wp-content\plugins\doku-payment\Module\JokulCheckoutModule.php on line 61
[06-Sep-2026 11:48:35 UTC] PHP Warning:  Undefined array key "time_range_abandoned_cart" in C:\xampp\htdocs\wordpress\wp-content\plugins\doku-payment\Module\JokulCheckoutModule.php on line 62
[06-Sep-2026 11:48:35 UTC] PHP Warning:  Undefined array key "custom_time_range_abandoned_cart" in C:\xampp\htdocs\wordpress\wp-content\plugins\doku-payment\Module\JokulCheckoutModule.php on line 63
[06-Sep-2026 11:48:35 UTC] PHP Warning:  Undefined array key "sac_check" in C:\xampp\htdocs\wordpress\wp-content\plugins\doku-payment\Module\JokulCheckoutModule.php on line 72
[06-Sep-2026 11:48:35 UTC] PHP Warning:  Undefined array key "sac_textbox" in C:\xampp\htdocs\wordpress\wp-content\plugins\doku-payment\Module\JokulCheckoutModule.php on line 73
[06-Sep-2026 11:48:48 UTC] PHP Warning:  Undefined array key "environment_payment_jokul" in C:\xampp\htdocs\wordpress\wp-content\plugins\doku-payment\Module\JokulCheckoutModule.php on line 54
[06-Sep-2026 11:48:48 UTC] PHP Warning:  Undefined array key "sandbox_client_id" in C:\xampp\htdocs\wordpress\wp-content\plugins\doku-payment\Module\JokulCheckoutModule.php on line 55
[06-Sep-2026 11:48:48 UTC] PHP Warning:  Undefined array key "sandbox_shared_key" in C:\xampp\htdocs\wordpress\wp-content\plugins\doku-payment\Module\JokulCheckoutModule.php on line 56
[06-Sep-2026 11:48:48 UTC] PHP Warning:  Undefined array key "prod_client_id" in C:\xampp\htdocs\wordpress\wp-content\plugins\doku-payment\Module\JokulCheckoutModule.php on line 57
[06-Sep-2026 11:48:48 UTC] PHP Warning:  Undefined array key "prod_shared_key" in C:\xampp\htdocs\wordpress\wp-content\plugins\doku-payment\Module\JokulCheckoutModule.php on line 58
[06-Sep-2026 11:48:48 UTC] PHP Warning:  Undefined array key "expired_time" in C:\xampp\htdocs\wordpress\wp-content\plugins\doku-payment\Module\JokulCheckoutModule.php on line 59
[06-Sep-2026 11:48:48 UTC] PHP Warning:  Undefined array key "email_notifications" in C:\xampp\htdocs\wordpress\wp-content\plugins\doku-payment\Module\JokulCheckoutModule.php on line 60
[06-Sep-2026 11:48:48 UTC] PHP Warning:  Undefined array key "abandoned_cart" in C:\xampp\htdocs\wordpress\wp-content\plugins\doku-payment\Module\JokulCheckoutModule.php on line 61
[06-Sep-2026 11:48:48 UTC] PHP Warning:  Undefined array key "time_range_abandoned_cart" in C:\xampp\htdocs\wordpress\wp-content\plugins\doku-payment\Module\JokulCheckoutModule.php on line 62
[06-Sep-2026 11:48:48 UTC] PHP Warning:  Undefined array key "custom_time_range_abandoned_cart" in C:\xampp\htdocs\wordpress\wp-content\plugins\doku-payment\Module\JokulCheckoutModule.php on line 63
[06-Sep-2026 11:48:48 UTC] PHP Warning:  Undefined array key "sac_check" in C:\xampp\htdocs\wordpress\wp-content\plugins\doku-payment\Module\JokulCheckoutModule.php on line 72
[06-Sep-2026 11:48:48 UTC] PHP Warning:  Undefined array key "sac_textbox" in C:\xampp\htdocs\wordpress\wp-content\plugins\doku-payment\Module\JokulCheckoutModule.php on line 73
[06-Sep-2026 11:50:17 UTC] PHP Warning:  Undefined array key "abandoned_cart" in C:\xampp\htdocs\wordpress\wp-content\plugins\doku-payment\Module\JokulCheckoutModule.php on line 62
[06-Sep-2026 11:50:17 UTC] PHP Warning:  Undefined array key "time_range_abandoned_cart" in C:\xampp\htdocs\wordpress\wp-content\plugins\doku-payment\Module\JokulCheckoutModule.php on line 63
[06-Sep-2026 11:50:17 UTC] PHP Warning:  Undefined array key "custom_time_range_abandoned_cart" in C:\xampp\htdocs\wordpress\wp-content\plugins\doku-payment\Module\JokulCheckoutModule.php on line 64
[06-Sep-2026 11:50:17 UTC] PHP Warning:  Undefined array key "sac_check" in C:\xampp\htdocs\wordpress\wp-content\plugins\doku-payment\Module\JokulCheckoutModule.php on line 73
[06-Sep-2026 11:50:18 UTC] PHP Warning:  Undefined array key "abandoned_cart" in C:\xampp\htdocs\wordpress\wp-content\plugins\doku-payment\Module\JokulCheckoutModule.php on line 62
[06-Sep-2026 11:50:18 UTC] PHP Warning:  Undefined array key "time_range_abandoned_cart" in C:\xampp\htdocs\wordpress\wp-content\plugins\doku-payment\Module\JokulCheckoutModule.php on line 63
[06-Sep-2026 11:50:18 UTC] PHP Warning:  Undefined array key "custom_time_range_abandoned_cart" in C:\xampp\htdocs\wordpress\wp-content\plugins\doku-payment\Module\JokulCheckoutModule.php on line 64
[06-Sep-2026 11:50:18 UTC] PHP Warning:  Undefined array key "sac_check" in C:\xampp\htdocs\wordpress\wp-content\plugins\doku-payment\Module\JokulCheckoutModule.php on line 73
[06-Sep-2026 11:50:20 UTC] PHP Warning:  Undefined array key "abandoned_cart" in C:\xampp\htdocs\wordpress\wp-content\plugins\doku-payment\Module\JokulCheckoutModule.php on line 62
[06-Sep-2026 11:50:20 UTC] PHP Warning:  Undefined array key "time_range_abandoned_cart" in C:\xampp\htdocs\wordpress\wp-content\plugins\doku-payment\Module\JokulCheckoutModule.php on line 63
[06-Sep-2026 11:50:20 UTC] PHP Warning:  Undefined array key "custom_time_range_abandoned_cart" in C:\xampp\htdocs\wordpress\wp-content\plugins\doku-payment\Module\JokulCheckoutModule.php on line 64
[06-Sep-2026 11:50:20 UTC] PHP Warning:  Undefined array key "sac_check" in C:\xampp\htdocs\wordpress\wp-content\plugins\doku-payment\Module\JokulCheckoutModule.php on line 73
[06-Sep-2026 11:51:12 UTC] PHP Warning:  Undefined array key "abandoned_cart" in C:\xampp\htdocs\wordpress\wp-content\plugins\doku-payment\Module\JokulCheckoutModule.php on line 62
[06-Sep-2026 11:51:12 UTC] PHP Warning:  Undefined array key "time_range_abandoned_cart" in C:\xampp\htdocs\wordpress\wp-content\plugins\doku-payment\Module\JokulCheckoutModule.php on line 63
[06-Sep-2026 11:51:12 UTC] PHP Warning:  Undefined array key "custom_time_range_abandoned_cart" in C:\xampp\htdocs\wordpress\wp-content\plugins\doku-payment\Module\JokulCheckoutModule.php on line 64
[06-Sep-2026 11:51:12 UTC] PHP Warning:  Undefined array key "sac_check" in C:\xampp\htdocs\wordpress\wp-content\plugins\doku-payment\Module\JokulCheckoutModule.php on line 73
[06-Sep-2026 11:51:13 UTC] PHP Warning:  Undefined array key "abandoned_cart" in C:\xampp\htdocs\wordpress\wp-content\plugins\doku-payment\Module\JokulCheckoutModule.php on line 62
[06-Sep-2026 11:51:13 UTC] PHP Warning:  Undefined array key "time_range_abandoned_cart" in C:\xampp\htdocs\wordpress\wp-content\plugins\doku-payment\Module\JokulCheckoutModule.php on line 63
[06-Sep-2026 11:51:13 UTC] PHP Warning:  Undefined array key "custom_time_range_abandoned_cart" in C:\xampp\htdocs\wordpress\wp-content\plugins\doku-payment\Module\JokulCheckoutModule.php on line 64
[06-Sep-2026 11:51:13 UTC] PHP Warning:  Undefined array key "sac_check" in C:\xampp\htdocs\wordpress\wp-content\plugins\doku-payment\Module\JokulCheckoutModule.php on line 73
[06-Sep-2026 11:51:16 UTC] PHP Warning:  Undefined array key "abandoned_cart" in C:\xampp\htdocs\wordpress\wp-content\plugins\doku-payment\Module\JokulCheckoutModule.php on line 62
[06-Sep-2026 11:51:16 UTC] PHP Warning:  Undefined array key "time_range_abandoned_cart" in C:\xampp\htdocs\wordpress\wp-content\plugins\doku-payment\Module\JokulCheckoutModule.php on line 63
[06-Sep-2026 11:51:16 UTC] PHP Warning:  Undefined array key "custom_time_range_abandoned_cart" in C:\xampp\htdocs\wordpress\wp-content\plugins\doku-payment\Module\JokulCheckoutModule.php on line 64
[06-Sep-2026 11:51:16 UTC] PHP Warning:  Undefined array key "sac_check" in C:\xampp\htdocs\wordpress\wp-content\plugins\doku-payment\Module\JokulCheckoutModule.php on line 73
[06-Sep-2026 11:51:17 UTC] PHP Warning:  Undefined array key "abandoned_cart" in C:\xampp\htdocs\wordpress\wp-content\plugins\doku-payment\Module\JokulCheckoutModule.php on line 62
[06-Sep-2026 11:51:17 UTC] PHP Warning:  Undefined array key "time_range_abandoned_cart" in C:\xampp\htdocs\wordpress\wp-content\plugins\doku-payment\Module\JokulCheckoutModule.php on line 63
[06-Sep-2026 11:51:17 UTC] PHP Warning:  Undefined array key "custom_time_range_abandoned_cart" in C:\xampp\htdocs\wordpress\wp-content\plugins\doku-payment\Module\JokulCheckoutModule.php on line 64
[06-Sep-2026 11:51:17 UTC] PHP Warning:  Undefined array key "sac_check" in C:\xampp\htdocs\wordpress\wp-content\plugins\doku-payment\Module\JokulCheckoutModule.php on line 73
[06-Sep-2026 11:51:17 UTC] PHP Warning:  Undefined array key "abandoned_cart" in C:\xampp\htdocs\wordpress\wp-content\plugins\doku-payment\Module\JokulCheckoutModule.php on line 62
[06-Sep-2026 11:51:17 UTC] PHP Warning:  Undefined array key "time_range_abandoned_cart" in C:\xampp\htdocs\wordpress\wp-content\plugins\doku-payment\Module\JokulCheckoutModule.php on line 63
[06-Sep-2026 11:51:17 UTC] PHP Warning:  Undefined array key "custom_time_range_abandoned_cart" in C:\xampp\htdocs\wordpress\wp-content\plugins\doku-payment\Module\JokulCheckoutModule.php on line 64
[06-Sep-2026 11:51:17 UTC] PHP Warning:  Undefined array key "sac_check" in C:\xampp\htdocs\wordpress\wp-content\plugins\doku-payment\Module\JokulCheckoutModule.php on line 73
[06-Sep-2026 11:51:18 UTC] PHP Warning:  Undefined array key "abandoned_cart" in C:\xampp\htdocs\wordpress\wp-content\plugins\doku-payment\Module\JokulCheckoutModule.php on line 62
[06-Sep-2026 11:51:18 UTC] PHP Warning:  Undefined array key "time_range_abandoned_cart" in C:\xampp\htdocs\wordpress\wp-content\plugins\doku-payment\Module\JokulCheckoutModule.php on line 63
[06-Sep-2026 11:51:18 UTC] PHP Warning:  Undefined array key "custom_time_range_abandoned_cart" in C:\xampp\htdocs\wordpress\wp-content\plugins\doku-payment\Module\JokulCheckoutModule.php on line 64
[06-Sep-2026 11:51:18 UTC] PHP Warning:  Undefined array key "sac_check" in C:\xampp\htdocs\wordpress\wp-content\plugins\doku-payment\Module\JokulCheckoutModule.php on line 73
[06-Sep-2026 11:51:18 UTC] PHP Warning:  Undefined array key "abandoned_cart" in C:\xampp\htdocs\wordpress\wp-content\plugins\doku-payment\Module\JokulCheckoutModule.php on line 62
[06-Sep-2026 11:51:18 UTC] PHP Warning:  Undefined array key "time_range_abandoned_cart" in C:\xampp\htdocs\wordpress\wp-content\plugins\doku-payment\Module\JokulCheckoutModule.php on line 63
[06-Sep-2026 11:51:18 UTC] PHP Warning:  Undefined array key "custom_time_range_abandoned_cart" in C:\xampp\htdocs\wordpress\wp-content\plugins\doku-payment\Module\JokulCheckoutModule.php on line 64
[06-Sep-2026 11:51:18 UTC] PHP Warning:  Undefined array key "sac_check" in C:\xampp\htdocs\wordpress\wp-content\plugins\doku-payment\Module\JokulCheckoutModule.php on line 73
[06-Sep-2026 11:51:19 UTC] PHP Warning:  Undefined array key "abandoned_cart" in C:\xampp\htdocs\wordpress\wp-content\plugins\doku-payment\Module\JokulCheckoutModule.php on line 62
[06-Sep-2026 11:51:19 UTC] PHP Warning:  Undefined array key "time_range_abandoned_cart" in C:\xampp\htdocs\wordpress\wp-content\plugins\doku-payment\Module\JokulCheckoutModule.php on line 63
[06-Sep-2026 11:51:19 UTC] PHP Warning:  Undefined array key "custom_time_range_abandoned_cart" in C:\xampp\htdocs\wordpress\wp-content\plugins\doku-payment\Module\JokulCheckoutModule.php on line 64
[06-Sep-2026 11:51:19 UTC] PHP Warning:  Undefined array key "sac_check" in C:\xampp\htdocs\wordpress\wp-content\plugins\doku-payment\Module\JokulCheckoutModule.php on line 73
[06-Sep-2026 11:51:23 UTC] PHP Warning:  Undefined array key "abandoned_cart" in C:\xampp\htdocs\wordpress\wp-content\plugins\doku-payment\Module\JokulCheckoutModule.php on line 62
[06-Sep-2026 11:51:23 UTC] PHP Warning:  Undefined array key "time_range_abandoned_cart" in C:\xampp\htdocs\wordpress\wp-content\plugins\doku-payment\Module\JokulCheckoutModule.php on line 63
[06-Sep-2026 11:51:23 UTC] PHP Warning:  Undefined array key "custom_time_range_abandoned_cart" in C:\xampp\htdocs\wordpress\wp-content\plugins\doku-payment\Module\JokulCheckoutModule.php on line 64
[06-Sep-2026 11:51:23 UTC] PHP Warning:  Undefined array key "sac_check" in C:\xampp\htdocs\wordpress\wp-content\plugins\doku-payment\Module\JokulCheckoutModule.php on line 73
[06-Sep-2026 11:51:23 UTC] PHP Warning:  Undefined array key "abandoned_cart" in C:\xampp\htdocs\wordpress\wp-content\plugins\doku-payment\Module\JokulCheckoutModule.php on line 62
[06-Sep-2026 11:51:23 UTC] PHP Warning:  Undefined array key "time_range_abandoned_cart" in C:\xampp\htdocs\wordpress\wp-content\plugins\doku-payment\Module\JokulCheckoutModule.php on line 63
[06-Sep-2026 11:51:23 UTC] PHP Warning:  Undefined array key "custom_time_range_abandoned_cart" in C:\xampp\htdocs\wordpress\wp-content\plugins\doku-payment\Module\JokulCheckoutModule.php on line 64
[06-Sep-2026 11:51:23 UTC] PHP Warning:  Undefined array key "sac_check" in C:\xampp\htdocs\wordpress\wp-content\plugins\doku-payment\Module\JokulCheckoutModule.php on line 73
[06-Sep-2026 11:51:23 UTC] PHP Warning:  Undefined array key "abandoned_cart" in C:\xampp\htdocs\wordpress\wp-content\plugins\doku-payment\Module\JokulCheckoutModule.php on line 62
[06-Sep-2026 11:51:23 UTC] PHP Warning:  Undefined array key "time_range_abandoned_cart" in C:\xampp\htdocs\wordpress\wp-content\plugins\doku-payment\Module\JokulCheckoutModule.php on line 63
[06-Sep-2026 11:51:23 UTC] PHP Warning:  Undefined array key "custom_time_range_abandoned_cart" in C:\xampp\htdocs\wordpress\wp-content\plugins\doku-payment\Module\JokulCheckoutModule.php on line 64
[06-Sep-2026 11:51:23 UTC] PHP Warning:  Undefined array key "sac_check" in C:\xampp\htdocs\wordpress\wp-content\plugins\doku-payment\Module\JokulCheckoutModule.php on line 73
[06-Sep-2026 11:51:23 UTC] PHP Warning:  Undefined array key "abandoned_cart" in C:\xampp\htdocs\wordpress\wp-content\plugins\doku-payment\Module\JokulCheckoutModule.php on line 62
[06-Sep-2026 11:51:23 UTC] PHP Warning:  Undefined array key "time_range_abandoned_cart" in C:\xampp\htdocs\wordpress\wp-content\plugins\doku-payment\Module\JokulCheckoutModule.php on line 63
[06-Sep-2026 11:51:23 UTC] PHP Warning:  Undefined array key "custom_time_range_abandoned_cart" in C:\xampp\htdocs\wordpress\wp-content\plugins\doku-payment\Module\JokulCheckoutModule.php on line 64
[06-Sep-2026 11:51:23 UTC] PHP Warning:  Undefined array key "sac_check" in C:\xampp\htdocs\wordpress\wp-content\plugins\doku-payment\Module\JokulCheckoutModule.php on line 73
[06-Sep-2026 11:51:25 UTC] PHP Warning:  Undefined array key "abandoned_cart" in C:\xampp\htdocs\wordpress\wp-content\plugins\doku-payment\Module\JokulCheckoutModule.php on line 62
[06-Sep-2026 11:51:25 UTC] PHP Warning:  Undefined array key "time_range_abandoned_cart" in C:\xampp\htdocs\wordpress\wp-content\plugins\doku-payment\Module\JokulCheckoutModule.php on line 63
[06-Sep-2026 11:51:25 UTC] PHP Warning:  Undefined array key "custom_time_range_abandoned_cart" in C:\xampp\htdocs\wordpress\wp-content\plugins\doku-payment\Module\JokulCheckoutModule.php on line 64
[06-Sep-2026 11:51:25 UTC] PHP Warning:  Undefined array key "sac_check" in C:\xampp\htdocs\wordpress\wp-content\plugins\doku-payment\Module\JokulCheckoutModule.php on line 73
[06-Sep-2026 11:51:53 UTC] PHP Warning:  Undefined array key "abandoned_cart" in C:\xampp\htdocs\wordpress\wp-content\plugins\doku-payment\Module\JokulCheckoutModule.php on line 62
[06-Sep-2026 11:51:53 UTC] PHP Warning:  Undefined array key "time_range_abandoned_cart" in C:\xampp\htdocs\wordpress\wp-content\plugins\doku-payment\Module\JokulCheckoutModule.php on line 63
[06-Sep-2026 11:51:53 UTC] PHP Warning:  Undefined array key "custom_time_range_abandoned_cart" in C:\xampp\htdocs\wordpress\wp-content\plugins\doku-payment\Module\JokulCheckoutModule.php on line 64
[06-Sep-2026 11:51:53 UTC] PHP Warning:  Undefined array key "sac_check" in C:\xampp\htdocs\wordpress\wp-content\plugins\doku-payment\Module\JokulCheckoutModule.php on line 73
[06-Sep-2026 11:51:55 UTC] PHP Warning:  Undefined array key "abandoned_cart" in C:\xampp\htdocs\wordpress\wp-content\plugins\doku-payment\Module\JokulCheckoutModule.php on line 62
[06-Sep-2026 11:51:55 UTC] PHP Warning:  Undefined array key "time_range_abandoned_cart" in C:\xampp\htdocs\wordpress\wp-content\plugins\doku-payment\Module\JokulCheckoutModule.php on line 63
[06-Sep-2026 11:51:55 UTC] PHP Warning:  Undefined array key "custom_time_range_abandoned_cart" in C:\xampp\htdocs\wordpress\wp-content\plugins\doku-payment\Module\JokulCheckoutModule.php on line 64
[06-Sep-2026 11:51:55 UTC] PHP Warning:  Undefined array key "sac_check" in C:\xampp\htdocs\wordpress\wp-content\plugins\doku-payment\Module\JokulCheckoutModule.php on line 73
[06-Sep-2026 11:51:58 UTC] PHP Warning:  Undefined array key "abandoned_cart" in C:\xampp\htdocs\wordpress\wp-content\plugins\doku-payment\Module\JokulCheckoutModule.php on line 62
[06-Sep-2026 11:51:58 UTC] PHP Warning:  Undefined array key "time_range_abandoned_cart" in C:\xampp\htdocs\wordpress\wp-content\plugins\doku-payment\Module\JokulCheckoutModule.php on line 63
[06-Sep-2026 11:51:58 UTC] PHP Warning:  Undefined array key "custom_time_range_abandoned_cart" in C:\xampp\htdocs\wordpress\wp-content\plugins\doku-payment\Module\JokulCheckoutModule.php on line 64
[06-Sep-2026 11:51:58 UTC] PHP Warning:  Undefined array key "sac_check" in C:\xampp\htdocs\wordpress\wp-content\plugins\doku-payment\Module\JokulCheckoutModule.php on line 73
[06-Sep-2026 11:52:06 UTC] PHP Warning:  Undefined array key "abandoned_cart" in C:\xampp\htdocs\wordpress\wp-content\plugins\doku-payment\Module\JokulCheckoutModule.php on line 62
[06-Sep-2026 11:52:06 UTC] PHP Warning:  Undefined array key "time_range_abandoned_cart" in C:\xampp\htdocs\wordpress\wp-content\plugins\doku-payment\Module\JokulCheckoutModule.php on line 63
[06-Sep-2026 11:52:06 UTC] PHP Warning:  Undefined array key "custom_time_range_abandoned_cart" in C:\xampp\htdocs\wordpress\wp-content\plugins\doku-payment\Module\JokulCheckoutModule.php on line 64
[06-Sep-2026 11:52:06 UTC] PHP Warning:  Undefined array key "sac_check" in C:\xampp\htdocs\wordpress\wp-content\plugins\doku-payment\Module\JokulCheckoutModule.php on line 73
[06-Sep-2026 11:52:13 UTC] PHP Warning:  Undefined array key "abandoned_cart" in C:\xampp\htdocs\wordpress\wp-content\plugins\doku-payment\Module\JokulCheckoutModule.php on line 62
[06-Sep-2026 11:52:13 UTC] PHP Warning:  Undefined array key "time_range_abandoned_cart" in C:\xampp\htdocs\wordpress\wp-content\plugins\doku-payment\Module\JokulCheckoutModule.php on line 63
[06-Sep-2026 11:52:13 UTC] PHP Warning:  Undefined array key "custom_time_range_abandoned_cart" in C:\xampp\htdocs\wordpress\wp-content\plugins\doku-payment\Module\JokulCheckoutModule.php on line 64
[06-Sep-2026 11:52:13 UTC] PHP Warning:  Undefined array key "sac_check" in C:\xampp\htdocs\wordpress\wp-content\plugins\doku-payment\Module\JokulCheckoutModule.php on line 73
[06-Sep-2026 11:55:34 UTC] PHP Warning:  Undefined array key "sac_check" in C:\xampp\htdocs\wordpress\wp-content\plugins\doku-payment\Module\JokulCheckoutModule.php on line 73
[06-Sep-2026 11:55:35 UTC] PHP Warning:  Undefined array key "sac_check" in C:\xampp\htdocs\wordpress\wp-content\plugins\doku-payment\Module\JokulCheckoutModule.php on line 73
[06-Sep-2026 11:55:36 UTC] PHP Warning:  Undefined array key "sac_check" in C:\xampp\htdocs\wordpress\wp-content\plugins\doku-payment\Module\JokulCheckoutModule.php on line 73
[06-Sep-2026 11:56:31 UTC] PHP Warning:  Undefined array key "sac_check" in C:\xampp\htdocs\wordpress\wp-content\plugins\doku-payment\Module\JokulCheckoutModule.php on line 73
[06-Sep-2026 11:56:32 UTC] PHP Warning:  Undefined array key "sac_check" in C:\xampp\htdocs\wordpress\wp-content\plugins\doku-payment\Module\JokulCheckoutModule.php on line 73
[06-Sep-2026 11:56:35 UTC] PHP Warning:  Undefined array key "sac_check" in C:\xampp\htdocs\wordpress\wp-content\plugins\doku-payment\Module\JokulCheckoutModule.php on line 73
[06-Sep-2026 11:56:36 UTC] PHP Warning:  Undefined array key "sac_check" in C:\xampp\htdocs\wordpress\wp-content\plugins\doku-payment\Module\JokulCheckoutModule.php on line 73
[06-Sep-2026 11:56:36 UTC] PHP Warning:  Undefined array key "sac_check" in C:\xampp\htdocs\wordpress\wp-content\plugins\doku-payment\Module\JokulCheckoutModule.php on line 73
[06-Sep-2026 11:56:36 UTC] PHP Warning:  Undefined array key "sac_check" in C:\xampp\htdocs\wordpress\wp-content\plugins\doku-payment\Module\JokulCheckoutModule.php on line 73
[06-Sep-2026 11:57:38 UTC] PHP Warning:  Undefined array key "sac_check" in C:\xampp\htdocs\wordpress\wp-content\plugins\doku-payment\Module\JokulCheckoutModule.php on line 73
[06-Sep-2026 11:57:42 UTC] PHP Warning:  Undefined array key "sac_check" in C:\xampp\htdocs\wordpress\wp-content\plugins\doku-payment\Module\JokulCheckoutModule.php on line 73
[06-Sep-2026 11:58:21 UTC] PHP Warning:  Undefined array key "sac_check" in C:\xampp\htdocs\wordpress\wp-content\plugins\doku-payment\Module\JokulCheckoutModule.php on line 73
[06-Sep-2026 11:58:22 UTC] PHP Warning:  Undefined array key "sac_check" in C:\xampp\htdocs\wordpress\wp-content\plugins\doku-payment\Module\JokulCheckoutModule.php on line 73
[06-Sep-2026 11:58:26 UTC] PHP Warning:  Undefined array key "sac_check" in C:\xampp\htdocs\wordpress\wp-content\plugins\doku-payment\Module\JokulCheckoutModule.php on line 73
[06-Sep-2026 11:58:26 UTC] PHP Warning:  Undefined array key "sac_check" in C:\xampp\htdocs\wordpress\wp-content\plugins\doku-payment\Module\JokulCheckoutModule.php on line 73
[06-Sep-2026 11:58:26 UTC] PHP Warning:  Undefined array key "sac_check" in C:\xampp\htdocs\wordpress\wp-content\plugins\doku-payment\Module\JokulCheckoutModule.php on line 73
[06-Sep-2026 11:58:27 UTC] PHP Warning:  Undefined array key "sac_check" in C:\xampp\htdocs\wordpress\wp-content\plugins\doku-payment\Module\JokulCheckoutModule.php on line 73
[06-Sep-2026 11:58:36 UTC] PHP Warning:  Undefined array key "sac_check" in C:\xampp\htdocs\wordpress\wp-content\plugins\doku-payment\Module\JokulCheckoutModule.php on line 73
[06-Sep-2026 11:58:38 UTC] PHP Warning:  Undefined array key "sac_check" in C:\xampp\htdocs\wordpress\wp-content\plugins\doku-payment\Module\JokulCheckoutModule.php on line 73
[06-Sep-2026 11:58:41 UTC] PHP Warning:  Undefined array key "sac_check" in C:\xampp\htdocs\wordpress\wp-content\plugins\doku-payment\Module\JokulCheckoutModule.php on line 73
[06-Sep-2026 11:58:41 UTC] PHP Warning:  Undefined array key "sac_check" in C:\xampp\htdocs\wordpress\wp-content\plugins\doku-payment\Module\JokulCheckoutModule.php on line 73
[06-Sep-2026 11:58:41 UTC] PHP Warning:  Undefined array key "sac_check" in C:\xampp\htdocs\wordpress\wp-content\plugins\doku-payment\Module\JokulCheckoutModule.php on line 73
[06-Sep-2026 11:58:44 UTC] PHP Warning:  Undefined array key "sac_check" in C:\xampp\htdocs\wordpress\wp-content\plugins\doku-payment\Module\JokulCheckoutModule.php on line 73
[06-Sep-2026 11:59:15 UTC] PHP Warning:  Undefined array key "sac_check" in C:\xampp\htdocs\wordpress\wp-content\plugins\doku-payment\Module\JokulCheckoutModule.php on line 73
[06-Sep-2026 11:59:17 UTC] PHP Warning:  Undefined array key "sac_check" in C:\xampp\htdocs\wordpress\wp-content\plugins\doku-payment\Module\JokulCheckoutModule.php on line 73
[06-Sep-2026 11:59:23 UTC] PHP Warning:  Undefined array key "sac_check" in C:\xampp\htdocs\wordpress\wp-content\plugins\doku-payment\Module\JokulCheckoutModule.php on line 73
[06-Sep-2026 14:08:06 UTC] Automatic updates starting...
[06-Sep-2026 14:08:06 UTC]   Automatic plugin updates starting...
[06-Sep-2026 14:08:06 UTC]   Automatic plugin updates complete.
[06-Sep-2026 14:08:06 UTC] Automatic updates complete.
